Log started at 10.07.2026	01:59:29
Number of used processors (NPROC): 8.
Number of mesh partitions (NPART): 8.
Computer name:	DESKTOP-H0F7FJV
Operating system:	Windows 11 (or higher) (Version 10.0.26200)
Commandline:	"C:\Program Files\SOLIDWORKS Corp\SOLIDWORKS Flow Simulation\BINCFW\efdsolver.exe" /config:"C:\Users\Kyle\Important\rocketrycad26\2\2.xmlconfig" /guid:88a88310-d60e-4734-8e68-fc6e9fd60d50 /processors:max /s /prjnamelm:"Flow Simulation 2025" /prjnamehabout:"Flow Simulation 2025" /companyname:"COSMOS Applications" /prjaliasid:1002 /lang:English /port:29664
Total Physical Memory = 31.84 Gb, Available Physical Memory = 15.62 Gb
-----------------------------------------------------------------------
Memory Working Set Current = 22.86 Mb, Memory Working Set Peak = 22.86 Mb
Memory Private Bytes Current = 19.54 Mb, Memory Private Bytes Peak = 19.54 Mb
Process Threads Number: 9
-----------------------------------------------------------------------
CPU:	GenuineIntel, Stepping ID = 1, Model = 12, Family = 6, Extended model = 8, MMX SSE SSE2 Hyper-Threading Technology SSE3
CPU Brand String: 11th Gen Intel(R) Core(TM) i7-11370H @ 3.30GHz
Cache Line Size = 64, L2 Associativity = 7, Cache Size = 256K
Number of cores: 8, Processor type: 8664, Active processor mask: 255, Page size: 4096 bites
Package 0 [ ProcessorGroup 0 [ 0 1 2 3 4 5 6 7 ] ]
NUMA Node 0: Available Memory = 15.62 Gb. ProcessorGroup 0 [ 0 1 2 3 4 5 6 7 ]
std::thread::hardware_concurrency = 8
No NUMA support
OpenMP enabled (spec=200203). max_threads = 8, num_procs = 8.

SOLIDWORKS 2025 SP5.0
C:\Users\Kyle\Important\rocketrycad26\2\2.fld
Configuration name:	Default
Project name:	Rocket Only
/*******************************************/
/*         Project Summary                 */
/*******************************************/
Analysis type:						CFD
Problem type:						external
Result resolution:					4
Minimum gap size:					0.248008
Minimum wall thickness:				0.248008
Manual refinement:					Off
Fluid substances count				1

		Advanced capabilities
Heat transfer						Off
Transient						Off
Gravitation						Off
Laminar flow						Off
Compressibility					Off
Default wall condition				adiabatic wall
Roughness:						0

************************************************
Flow Simulation 2025  x64 / 6875 / SOLVER ver. efd_dev.5608_04.02.2022+HMN_Inlet_Rework_V1+HMN_Inlet_Rework_V2 
BRANCH: git--efd_2406.6875_25.07.2025



STATIONARY


LAM-BREMHORST K-EPSILON TURBULENCE MODEL
EXTERNAL=1  CHT=0  FROZEN=0  RADIATION=0  HVAC_COMFORT_PARAMETERS=0
Solver mode: normal
X_STACK_LIST::read_x_stack_list4: started...
X_STACK_LIST::read_x_stack_list4: finished in 0.001 s
X_STACK_LIST::write_x_stack_list4: started...
X_STACK_LIST::write_x_stack_list4: finished in 0.003 s
Memory Status before reading BCF:
-----------------------------------------------------------------------
Memory Working Set Current = 25.48 Mb, Memory Working Set Peak = 25.91 Mb
Memory Private Bytes Current = 26.07 Mb, Memory Private Bytes Peak = 26.69 Mb
Process Threads Number: 16
-----------------------------------------------------------------------
bcf::mesh::read_bcf_mesh: started...
Read section 436 takes 0.000 s
Read section 101 takes 0.000 s
Read section 400 takes 0.007 s
Read section 437 takes 0.002 s
Read section 408 takes 0.003 s
Read section 427 takes 0.004 s
Read section 446 takes 0.000 s
Read section 516 takes 0.000 s
Read section 406 takes 0.005 s
Read section 405 takes 0.001 s
Read section 401 takes 0.005 s
Read section 402 takes 0.006 s
Adding faces to av takes 0.004 s
Read section 407 takes 0.001 s
Read section 421 takes 0.005 s
Read section 404 takes 0.000 s
Read section 416 takes 0.000 s
Read section 411 takes 0.000 s
Read section 413 takes 0.000 s
Read section 432 takes 0.000 s

-----------------------------------------------------------------------
BCF CHECKSUM DATA (Mesh 0):

BRICK |Level1| Sum:               776
FACE_A Area Sum:   G.Fluid        356.0980822900895078
FACE_A Area Sum:   G.Solid        1.6215638352891673
FACE_W Area Sum:                  20.5194159114037440
FACE_W Nb   Sum:                  121238
FACE_W min curvatures sum:        -16391.06476796
FACE_W max curvatures sum:        30493.00997347
AV Max Disbalance(Const) :        1.65536e-12 (cid=46588, t={24, 45, 36}, avid=46621, pid=1057)
AV Max Disbalance(Linear):        9.57289e-12 (cid=41113, t={28, 45, 32}, avid=41162, pid=258)
-----------------------------------------------------------------------


-----------------------------------------------------------------------
MESHER TOPOLOGY DATA:

BRICKS: Total                 81500
BRICKS: Fluid                 81356
BRICKS: Fluid Partial         1076
BRICKS: Type 1                1076
BRICKS: Max AV number         4
BRICKS: |level1| sum          776


AV:     G.Total               83016
AV:     G.Fluid               81576
AV:     G.Solid               1440

AV:     G.Fluid Thin Profile    0.27 % (220)
AV:     G.Solid Thin Profile   15.28 % (220)

AV:     G.Fluid Thin For Mega   0.25 % (200)
AV:     G.Solid Thin For Mega  12.78 % (184)

AV:     G.Fluid Non-Convex      0.35 % (284)
AV:     G.Solid Non-Convex     13.61 % (196)

AV:     G.Fluid Non-Ess-Convex      0.24 % (196)
AV:     G.Solid Non-Ess-Convex     11.67 % (168)

FACE_A: G.Fluid          (af) 237847 (partially opened 2608)
FACE_A: G.Solid          (as) 3420 (partially opened 2636)

FACE_W: G.Total                 15168       Brick/Bound
FACE_W: G.Fluid/Solid    (fs_g) 2054        0           
FACE_W: G.Fluid/Fluid    (ff_g) 0           0           
FACE_W: G.Solid/Solid    (ss_g) 0           0           
FACE_W: G.Fluid/Void     (fv_g) 0           0           
FACE_W: G.Fluid/External (fe_g) 13114
FACE_W: G.Solid/External (se_g) 0

AV/CV max fa count (on brick side):4
AV/CV max fw count:                4
AV/CV max fw poly count:           11

MEMORY: Total                   23.251 MB
MEMORY: Per Brick               0.292 KB
-----------------------------------------------------------------------

-----------------------------------------------------------------------
Memory Working Set Current = 65.57 Mb, Memory Working Set Peak = 65.57 Mb
Memory Private Bytes Current = 71.05 Mb, Memory Private Bytes Peak = 71.07 Mb
Process Threads Number: 16
-----------------------------------------------------------------------
----------------------------------------------------------
BCF --> BCF.GEOMSUBDOM (bridge arrays):
MESH (0):
	Front spread algorithm. Partition count = 8
	Time (front spread): 0.006 s
	Fluid Subdom Constructor: 1 subdom(s).
	Front spread algorithm. Partition count = 8
	Time (front spread): 0.001 s
	Solid Subdom Constructor: 1 subdom(s).
	Front spread algorithm. Partition count = 8
	Time (front spread): 0.000 s
	Net Asm Subdom Constructor: 0 subdom(s).
	GEOMSUBDOM (0): gi=0 Fluid av=81576 cv=81556 fa=237847 fw=15168 V=4.728591e+00
	Cache data...OK
	GEOMSUBDOM (1): gi=1 Solid av=1440 cv=1440 fa=3420 fw=2054 V=1.683845e-02
	Cache data...OK
	Setting nb of w-faces...OK (0.001 s).
	Correcting nb of w-faces...
	Time(correct_fw_nb)=0.002 s

MESH (0) checking:
	GEOMSUBDOM (0):fa_s=356.0980822900892235 fw_s=20.5194159114037475 fw_nb=121238
	              :d_const(20247)=4.35931e-13 d_linear(20180)=2.15873e-11
	GEOMSUBDOM (1):fa_s=1.6215638352891673 fw_s=0.8928825407606115 fw_nb=16350
	              :d_const(353)=5.7539e-13 d_linear(353)=3.77842e-12
MESH (0) checking: OK.
Time (MDS): 	0.068 s
----------------------------------------------------------
-----------------------------------------------------------------------
Memory Working Set Current = 96.60 Mb, Memory Working Set Peak = 96.60 Mb
Memory Private Bytes Current = 106.01 Mb, Memory Private Bytes Peak = 106.01 Mb
Process Threads Number: 16
-----------------------------------------------------------------------
Read section 448 takes 0.000 s
bcf::mesh::read_bcf_mesh: finished in 0.141 s
Memory Status after reading BCF:
-----------------------------------------------------------------------
Memory Working Set Current = 96.61 Mb, Memory Working Set Peak = 96.61 Mb
Memory Private Bytes Current = 106.01 Mb, Memory Private Bytes Peak = 106.01 Mb
Process Threads Number: 16
-----------------------------------------------------------------------
Total read CPT took 0.15 sec.
Save msh-format to file...Write section 408 takes 0.025 s
Write section 427 takes 0.005 s
OK (0.035 s).
MMP (gbs): locals=0, allc_sz=0.00 MB (0.00 MB), used_sz=0.00 MB, blk_sz=(0.00 MB/0.00 MB), blks-min-max=0/0 (big 0/0)
MMP (cpt_rgs): locals=0, allc_sz=0.00 MB (0.00 MB), used_sz=0.00 MB, blk_sz=(0.00 MB/0.00 MB), blks-min-max=0/0 (big 0/0)
MMP (slv_rgs): locals=0, allc_sz=0.00 MB (0.00 MB), used_sz=0.00 MB, blk_sz=(0.00 MB/0.00 MB), blks-min-max=0/0 (big 0/0)
MMP (msh): locals=8, allc_sz=14.14 MB (0.00 MB), used_sz=9.34 MB, blk_sz=(0.02 MB/4.75 MB), blks-min-max=3/20 (big 0/0)
MMP (brx): locals=0, allc_sz=0.00 MB (0.00 MB), used_sz=0.00 MB, blk_sz=(0.00 MB/0.00 MB), blks-min-max=0/0 (big 0/0)
MMP (bcf): locals=8, allc_sz=41.01 MB (0.00 MB), used_sz=32.89 MB, blk_sz=(0.06 MB/4.28 MB), blks-min-max=14/30 (big 0/0)
MMP (xsl): locals=0, allc_sz=0.00 MB (0.00 MB), used_sz=0.00 MB, blk_sz=(0.00 MB/0.00 MB), blks-min-max=0/0 (big 0/0)
MESH::Bricks: Total=81500

-----------------------------------------------------------------------
Mesh dimensions:
				I[0 ]=25
				I[1 ]=101
				I[2 ]=32
Solver refinement level	I[47]=0

Comp. domain size:
				a[0  ]=-0.489082
				a[1  ]=0.448641
				a[2  ]=-0.820831
				a[3  ]=2.88011
				a[4  ]=-0.743365
				a[5  ]=0.624013
Wall thickness		a[231]=0
Gap size			a[232]=1
-----------------------------------------------------------------------
-----------------------------------------------------------------------
Preparing for calculations started at	10.7.2026	1:59:29
CD X0= -0.489081938484, X1= 0.448641201497, Y0= -0.820830679798, Y1= 2.88010911767, Z0= -0.743365462228, Z1= 0.624013431883
Update time step in solids: STATIONARY IN SOLIDS
FLUID SUBDOMAIN   0 LC =1 LAMTURB=1 NONNEWTON=0  STEAM=0  CAVITATION=0 IT=6 NT=2 NC=1 U_DIM_EXT=15

===ThermodynamicsHolder:===
Subdom 0 Ideal gas thermodynamics
	substance 0 type=fwGas, guid=2B966F4A9A9F11D4A50048A0E8000000, name=Air
===ThermodynamicsHolder:===
114 parameter(s) in list of scalar parameters
7 parameter(s) in list of vector parameters
-----------------------------------------------------------------------
Loading mesh settings (global/local/SAR)...
Setting regions (81500 / 81500)...OK (0.001 s)
Max SAR level = 0
-----------------------------------------------------------------------

CollectIndata: Initialize stored in U[] parameters (pressure,momentum,dens,..)... OK(CPU=0.020 s)

THERMODYNAMICS: Initialize stored in U[] parameters (T,Cp,Pr,..)
                and switch to Y-shifted Total Enthalpy:
OK: U[] is initialized.

Collect Virtual Surface Sources...OK
Collect Surface Goals...
Received 0 wall face(s) and 0 virtual face(s)...
 OK
Total CPU time 0 s
Collect Unused surface area...OK
MWS estimation...
Subdomain number =   0 V_indata_max =        204, v_max_from_mf_on_BC =           0, v_max_from_pressure_opening =           0, MWS =         51

There is 1 subdomain in fluid:
subdomain   0: LOW COMPRESSIBLE, MONOTONIC H,   81556 CVs, LAMINAR-TURBULENT TRANSITION
NPROC = 8, nested_parallelization = 0
NPART = 8

/-----------------------------------------------------------/
SOLVER TOPOLOGY DATA:

BRICKS: |level1| sum         776

CV:     Total               81556
CV:     Fluid               81556
CV:     Solid               0

Fluid:
CV Max Disbalance(Const):                4.35929e-13 (ncv=20247)
CV Max Disbalance(Linear):                2.15873e-11 (ncv=20180, nsd=0)
CV:     G.Fluid Thin Profile    0.25 % (200)
CV:     G.Solid Thin Profile    0.00 % (0)

CV:     G.Fluid Non-Convex      0.35 % (284)
CV:     G.Solid Non-Convex      0.00 % (0)

FACE_A: Fluid          (af) 237847
FACE_A: Max number placed on a brick-face in cv: 4
FACE_A: Solid          (as) 3420

FACE_W: Total               15168
FACE_W: Fluid/Fluid    (ff) 0
FACE_W: Max number placed in cv: 8
/-----------------------------------------------------------/

  nsd=  0: min rho=1.20371, var Kin E=313084
Create solver core
MDS: Converting solver problem ...
MDS: Converting takes 0.006 s
slv : Calculations at run start
slv : Create sub-domains supervisors:
slv : 	Fluid subdom 0(IMS) gsd_ind=0
slv : 	1 fluid
slv : Create sub-domains mesh connectivity supervisors:
slv : Collect slices by phenomena...
slv : 	fluid flow slices were created:	1
slv : 	heat transfer slices were created:	1
slv : 	electric current flow slices were created:	0
slv : 	radiation slices were created:	0
slv : Creating meshes proxies for multigrid...
slv : Convert MESH[0] to multigrid mesh proxy...
slv : 81500 bricks are accounted by implicit methods(100% of total)
slv : max tree bricks count = 8
alg : MG: create topological coarsening...
alg : Mesh 0  OK
slv : Building views for fluid flow...
slv : 1 views are created
slv : Building views for heat transfer...
slv : 1 views are created
slv : Building fluid flow views schemes...
slv : View   0: Implicit scheme in fluid
slv : Building heat transfer views schemes...
slv : PrecalcAtStart views for fluid flow...
=== Fluid sub-domain nsd=0 ========================
Pre-calculations at run start, Implicit Scheme:
fflow count=13114
Sub-domain is External
BC re-definition: Real Wall to Ideal Wall: 0 w-faces

MARK CVs, A-FACEs and W-FACEs WITH/NEAR GEOMETRICAL PECULIARITIES:

  FW_VERY_SMALL_AREA: very small areas detected in 25 FWs (0.164821% of all FWs, 0.164821% of FWs that are not skipped in area calculations).
  Thin slit and wedge cvs = 4 (0.00490461% of all cvs, 0.0290571% of partial cvs),
  Wedge cvs = 272 (0.333513% of all cvs, 1.97588% of partial cvs),
  (THRESHOLD_THIN = 0.01, THRESHOLD_ANGLE = 91.146).
  A-faces degraded to CUp_1st and Upwind_1st: 316 (0.13287% of all a-faces)
    (by  curved & encumbered : 316 (0.13287% of all a-faces)),
    (by  l- or r-cv is small : 0 (0% of all a-faces)),
    (by  l- or r-cv is triple: 0 (0% of all a-faces)),
    (by  l- or r-cv is bad boundary refinement: 0 (0% of all a-faces)).
    (THRESHOLD_ENCUMBERED_AREA = 0.333, THRESHOLD_ANGLE_SURFACE = 15, THRESHOLD_ANGLE_CVs = 70).
  Skip turbulence generating sources in partial cvs = 116 (0.142234% of all cvs, 0.842656% of partial cvs),    (by  presence of degraded to CUp_1st a-faces)
  Skip  P WALL APPROX  on w-faces = 468 (3.08544% of fluid wall w-faces),
  Skip the artificial force suppressing Un (Ksi_wall) on w-faces = 60 (0.39557% of w-faces),
  CV_BAD_GEOM_FOR_DERIVATIVES: bad CV geometry for numerical calculation of derivatives detected in partial cvs = 1052 (1.28991% of all cvs, 7.64202% of partial cvs),
    (by  presence of degraded to CUp_1st a-faces = 196)
    (by  curvature condition = 968),
    (by  MEGA G-TYPE condition = 0),
    (THRESHOLD_ANGLE_BAD_DERIVATIVES = 47).
  CV_FLUID_IN_SMALL_INTERNAL_ANGLE: fluid in small internal angle detected in 232 CVs (0.284467%).
  A-faces placed opposite External boundary with Symmetry BC: N_face_ns=0 (0%)
frw count=2054
(nsd = 0) Nfa = 237847, W2P A-face approximations: 3576 stored,
  basis quality levels = { 5131 (71.74%) excellent, 1095 (15.31%) very high, 118 (1.65%) high, 805 (11.26%) medium, 3 (0.04%) satisfactory },
  derivative traits = { [5]: 100 },
  value traits = { [1]: 4, [2]: 4, [5]: 236 }.
(nsd = 0) Ncv = 81556, W2P CV approximations: 2376 stored,
  basis quality levels = { 1704 (71.72%) excellent, 244 (10.27%) very high, 88 (3.70%) high, 339 (14.27%) medium, 1 (0.04%) satisfactory },
  gradient[X] traits = { [5]: 108 },
  gradient[Y] traits = { [5]: 239 },
  gradient[Z] traits = { [5]: 106 }.

mgl   rows  nonzeros  avg  memory(Mb)
 31  81556    475614    6       36.75
 30  10985     83852    8        4.24
 29   1556     11620    8        0.55

mgl   rows  nonzeros  avg  memory(Mb)
 31  81556    958478   12       26.90
 30  10985     83852    8        2.77

mgl   rows  nonzeros  avg  memory(Mb)
 31  81556    475614    6       19.53
 30  10985     83852    8        2.77
CreateGrOperatorsPortraits: CVs with extended (3D) portrait / total CVs = 1276 / 81556 (1.565%).

mgl   rows  nonzeros  avg  memory(Mb)
 31  81556   1901678   24       41.29
 30  10985     83852    8        2.77
slv : PrecalcAtStart views for fluid flow takes 0.637 s
slv : PrecalcAtStart views for heat transfer...
Creating view scheme...
	Alg view 0 aggregates:

mgl   rows  nonzeros  avg  memory(Mb)
 31  81556    475614    6       19.53
 30  10985     83852    8        2.77
1 heat transfer algebraic views are created
slv : PrecalcAtStart views for electric current flow...
slv : PrecalcAtStart views for radiation...
Calculate gap size: 
	Min gap size       3.969556e-04 (id=557)
	Max gap size       6.791903e-01 (id=380)
	Enlarged by r_d_cv 374
GapSize time = 0.000967 s
slv : Finite volume method GLOBAL MESH METRICS:
slv : eps_const_function  [cv] = MAX_{i}{ SUM( S[f] * n[f][i] ) / SUM( |S[f] * n[f][i]| ) },
slv : eps_linear_function [cv] = | MAX_{i}{ SUM( S[f] * n[f][i] * crd[f][i] ) } - MIN_{i}{ SUM( S[f] * n[f][i] * crd[f][i] ) } | / V[cv],
slv : eps_cv_volume       [cv] = | SUM_{i}{ SUM( S[f] * n[f][i] * crd[f][i] ) } / 3 - V[cv] | / V[cv],
slv :                            where "i" is axis (x, y, z) and "f" is cv's face (of any type),
slv :                            crd[f] is coordinate of face "f" in cv-centered coordinate system, i.e. shifted by -crd[cv].
slv : 	FLUID:
slv : 		    1 GEOMSUBDOM(s):   Ncv =      81556, eps_const_function = 2.8e-11, eps_linear_function = 2.1e-11, eps_cv_volume = 8.5e-12.
slv : 	SOLID:
slv : 		    1 GEOMSUBDOM(s):   Ncv =       1440, eps_const_function = 3.5e-12, eps_linear_function = 3.8e-12, eps_cv_volume = 2.3e-12.

SDS: Re-define MWS=max(mws_sd) over fluid-flow sub-domains in view:
SDS: nsd=  0: mws(view value)=51                   
slv : ------------ Start of Preliminary step at Calculation start ------------
<Dynamic P> on nsd = 0 {openings (inlet / outlet)}:
  (SP = Static Pressure, EP = Environment Pressure, TP = Total Pressure, E = External)
  {#0, E, (0.000000e+00 / 2.733849e+04)}
  {#1, E, (0.000000e+00 / 2.733849e+04)}
  {#2, E, (0.000000e+00 / 2.733849e+04)}
  {#3, E, (2.733849e+04 / 0.000000e+00)}
  {#4, E, (0.000000e+00 / 2.733849e+04)}
  {#5, E, (0.000000e+00 / 2.733849e+04)}
WALL_DISTANCE: 1 algebraic views were taken from pressure algebraic views 
+------+--------+--------------+--------------+--------------+--------------+--------------+------+----+-+-+--+------+
|Name  |alg view| Initial res  | Initial resL1| Target res   | Final res    | Final res L1 |Visits|Iter|R|F|CL|Status|
|  WD  |       0|  2.800471e-04|  0.000000e+00|  2.800471e-20|  1.197048e-20|  1.822775e-08|    26| 438|2|n|30|  OK  |
nsd = 0, n_opening (External) = 0, hn_averaged = 3.7900617328174027e-02, area_of_opening = 5.0605869674310942e+00
nsd = 0, n_opening (External) = 1, hn_averaged = 3.6683066971059664e-02, area_of_opening = 5.0605869674310968e+00
nsd = 0, n_opening (External) = 2, hn_averaged = 3.4456545625120454e-02, area_of_opening = 1.2822228301285157e+00
nsd = 0, n_opening (External) = 3, hn_averaged = 4.2096454044099126e-02, area_of_opening = 1.2822228301285157e+00
nsd = 0, n_opening (External) = 4, hn_averaged = 5.1163188325681654e-02, area_of_opening = 3.4704568877619542e+00
nsd = 0, n_opening (External) = 5, hn_averaged = 4.5938416601329399e-02, area_of_opening = 3.4704568877619524e+00
slv : Fluid subdom(new) 0
slv : P static (new)                 : min(      0) = 101325               , max(      0) = 101325               
slv : Density (new)                  : min(      0) = 1.2037056240893      , max(      0) = 1.2037056240893      
slv : Velocity (new)                 : min(      0) = 204                  , max(      0) = 204                  
slv : Mach number (new)              : min(      0) = 0.59445991415882     , max(      0) = 0.59445991415882     
slv : Turbulent k (new)              : min(      0) = 0.062424             , max(      0) = 0.062424             
slv : Turbulent e (new)              : min(      0) = 1.0333399800361      , max(      0) = 1.0333399800361      
slv : Temperature (new)              : min(      0) = 293.2                , max(      0) = 293.2                
slv : Total enthalpy, Y-shifted (new): min(      0) = 20808.062423999      , max(      0) = 20808.062423999      
slv : ------------ End of Preliminary step at Calculation start ------------
Collecting Reference Parameters... OK

----------------------------------------------------------
BCF checking (solver)...
----------------------------------------------------------

Estimated cfld size=13.67 Mb
Writing cfld file "C:\Users\Kyle\Important\rocketrycad26\2\cflAB30.tmp"...
Write section 433 takes 0.008 s
Write section 404 takes 0.001 s
store res: FILE SAVED: cflAB30.tmp. Total save cfld took 0.02 sec.
real cfld size=0.28 Mb
CPT size=2.073 MB (2174193 bytes).
CPT size=2.073 MB (2174193 bytes)
CCFLDFileManager::MergeCFLDToCPT: FILE COPIED : "C:\Users\Kyle\Important\rocketrycad26\2\2.cpt" -> "C:\Users\Kyle\Important\rocketrycad26\2\2.cpt.lock"
CCFLDFileManager::MergeCFLDToCPT: FILE MERGED : "C:\Users\Kyle\Important\rocketrycad26\2\cflAB30.tmp" -> "C:\Users\Kyle\Important\rocketrycad26\2\2.cpt.lock"
CCFLDFileManager::MergeCFLDToCPT: FILE RENAMED: "C:\Users\Kyle\Important\rocketrycad26\2\2.cpt.lock" -> "C:\Users\Kyle\Important\rocketrycad26\2\2.cpt"
CPT size=2.074 MB (2174274 bytes)
CCFLDFileManager::MergeCFLDToCPT: FILE REMOVED: "C:\Users\Kyle\Important\rocketrycad26\2\cflAB30.tmp"
OK
Estimated fld size=8.22 Mb
Writing fld file "C:\Users\Kyle\Important\rocketrycad26\2\r_000000.fld"...
**************   CHeatPathCalculator report ******************
Temperatures
	0 (Vol 4.72859; Tmin 293.2; Tav 293.2; Tmax 293.2)
Total Energy Balance [W]
	0
**************   CHeatPathCalculator report end******************
store res: FILE SAVED: r_000000.fld. Total save fld took 0.18 sec.
real fld size=3.09 Mb
CPT size=2.074 MB (2174274 bytes).
OK

Preview parameters:
	Density (Fluid)
	Pressure
	Temperature
	Temperature (Fluid)
	Velocity
	Velocity (X)
	Velocity (Y)
	Velocity (Z)
	Mach Number
	Dynamic Pressure
	Total Pressure
	Dynamic Viscosity
	Prandtl Number
	Sonic Speed
	Specific Heat (Cp)
	Stagnation Density
	Absolute Total Enthalpy
	Total Temperature
	Volumetric Heat Generation Rate
	Turbulence Intensity
	Turbulence Length
	Turbulent Dissipation
	Turbulent Energy
	Turbulent Time
	Turbulent Viscosity
	Acoustic Power
	Acoustic Power Level
27 parameter(s) in preview list of parameters

Calculation started at	10.7.2026	1:59:31
Total CPU time 2 s
Pre-calculation takes 1.803 s
//-------------------------Isotermic task-------------------//
//-------------------------Fast mass flow--------------------//

================== Tstep=0 ===================
Boundary layer settings:
	Separation tau    on
	Enable 3D effects on
BL MODEL         	0
	Ignore compressibility  off
	BL on porous body  off
	Separ. tau corr factor 0
	Separ. tau kappa 0.1
	Separ. tau KV0 0.1
	Max hn for engineering models 7
	Laminar Temperature Profile Order 4
	Max Film Thickness 0
------------------------
NumCore Turbulent Model settings:
	Min typical size					1
	Zero vel ht factor				0.006
	C_mju_turb_min                   0.01
	Threshold value for K-E filter   0.0167846
	C_mju                            0.09
	C_eps1                           1.44
	C_eps2                           1.92
	Sigma_k                          1
	Sigma_eps                        1.3
	Sigma_c                          0.9
	Approx mode                      2nd order
-------------
NumCoreFESSettings:
	Maximum possible Mach	0
	Turbulent Prandtl		0.9
-------------
slv : Implicit schemes in fluid settings:
slv : INPR	: rel_resid=0.00790569
slv : BACKGROUND	: rel_resid=0.00790569
slv : DVGR	: rel_resid=0.00790569
slv : MOMENTUM	: rel_resid=0.00790569
slv : CHT	: rel_resid=0.00790569
slv : Y_TD	: rel_resid=0.00790569
slv : Y_TURB	: rel_resid=0.00790569
slv : LMA	: rel_resid=0.00790569
slv : UVGI	: rel_resid=0.00790569
slv : NOx	: rel_resid=0.00790569
slv : VOL_FRAC_IM_PHASE	: rel_resid=0.00790569
slv : (null)	: rel_resid=0.00790569
slv : Disable wall motion impact into H threshold=10
slv : Relax par ring =0.05
slv : Isothermal cavitation CF corrector = 1
slv : Isothermal cavitation pseudo transient corrector = -1
slv : Isothermal cavitation forced time step in cavitated regions = -1
slv : force_free_surface_VOF = -1
slv : SLV_SINGLE_P_WALL = 1
slv : Weighted 2-Point 2nd order experimental features = 0
slv : Stationary with Outer Iterations for Non-Newton:
slv :     forced_global_timestep = -1.79769e+308
slv :     timestep_accel_initial_coeff = 0.01
slv :     timestep_accel_base = 1
slv :     timestep_accel_max_coeff = 50
slv :     timestep_accel_steps_divider = 1
slv : ---------------------------------------
------Solid settings---
Approximation mode = 2'nd order && thin_profiles && weighted_2p_2nd (selectively)
Solid temperature eps_abs scaling factor: 0.001
number dofs per absorptive face: 9
subgrid ratio: 0.500000
------------------------------
slv : Iterations settings:
slv : Max number of outer iter = 1
slv : Max number of Mass&Energy iter = 1
slv : Conservation laws tolerance residuals:
slv : 	MASS	0.005
slv : 	MOMENTUM	0.005
slv : 	ENERGY	0.005
slv : 	SPECIES	0.005
slv : 	TURBULENCE	0.005
slv : 	MASS_AFTER_CALC_RHO	0.005
slv : ---------------------------------------
slv : Scheme blocks settings:
slv : INPR	: stop_crit=residAbs_AND_residRel 
slv : BACKGROUND	: stop_crit=residAbs_AND_residRel 
slv : DVGR	: stop_crit=residAbs_AND_residRel 
slv : MOMENTUM	: stop_crit=residAbs_AND_residRel 
slv : CHT	: stop_crit=residAbs_AND_residRel 
slv : Y_TD	: stop_crit=residAbs_AND_residRel 
slv : Y_TURB	: stop_crit=residAbs_AND_residRel 
slv : LMA	: stop_crit=residAbs_AND_residRel 
slv : UVGI	: stop_crit=residAbs_AND_residRel 
slv : NOx	: stop_crit=residAbs_AND_residRel 
slv : VOL_FRAC_IM_PHASE	: stop_crit=residAbs_AND_residRel 
slv : (null)	: stop_crit=residAbs_AND_residRel 
slv : ---------------------------------------
slv : Big local tau flattener = disabled
Accuracy scale coeff =1
slv : Max Courant factor = 25
<Dynamic P> on nsd = 0 {openings (inlet / outlet)}:
  (SP = Static Pressure, EP = Environment Pressure, TP = Total Pressure, E = External)
  {#0, E, (0.000000e+00 / 2.733849e+04)}
  {#1, E, (0.000000e+00 / 2.733849e+04)}
  {#2, E, (0.000000e+00 / 2.733849e+04)}
  {#3, E, (2.733849e+04 / 0.000000e+00)}
  {#4, E, (0.000000e+00 / 2.733849e+04)}
  {#5, E, (0.000000e+00 / 2.733849e+04)}
  MWS[  0]=50.9988
tau_viscous_averaged = 125.345 
dt(mass,momentum; nsd=  0): min dt/dtG(ncv=  21052)=0.98 , max dt/dtG(ncv=  77934)=2.2    , dtG=2.63301e-05
Flow alg-view 0 in phys-view 0 isn't Neumann (not Multi Phase treating)
Face Momentum (sd=  0): max value of div(mf) (cv=71732) = 1.455858e-01
Flow alg-view 0 is not Neumann (not for Phase Change + Nested Iters)
+----+----+--------------+--------------+--------------+--------------+--------------+------+----+-+-+--+------+
|Name|view| Initial res  | Initial resL1| Target res   | Final res    | Final res L1 |Visits|Iter|R|F|CL|Status|
| BG |   0|  3.416359e-01|  5.251895e+00|  1.886070e-07|  1.028868e-07|  2.433962e-02|    12|  36|0|n|30|  OK  |
Face Momentum (sd=  0): max value of div(mf) (cv=71732) = 4.790086e-02
	norm_L2 of div(momentum) = 2.719218e-01.
Flow alg-view 0 in phys-view 0 isn't Neumann (not Multi Phase treating)
dt(mass,momentum; nsd=  0): min dt/dtG(ncv=  21052)=0.98 , max dt/dtG(ncv=  77934)=2.2    , dtG=2.63301e-05
LOG: number of a-faces with weighted approximations in 0 subdomain: 40.3903 percent
LOG: Rate of a-faces corrected to CUp1st in 0 subdomain: 0.236781 %
slv : SolveBL stage
|nsd|Real WF|NormalF|Cycle F|CriticF| EdgeF |CyclBrF|ExtParF|RWFnumSt|StLvlNum|  nfw  |  alp_U_min  |  nfw  |  alp_U_max  |  nfw  |  alp_T_min  |  nfw  |  alp_T_max  |  nfw  |  BL_s_min   |  nfw  |   BL_s_max  |
|  0|   2054|   1777|      0|      8|    269|      0|      0|    2054|      64|   4250|0.000834212  |   4340|0.756908     |   4250|1.42926      |   4323|1022.94      |   4323|-17780.9     |   3999|-0           |
LOG nsd = 0: numb_of_convergent=8, numb_of_divergent=0
Face Momentum (sd=  0): max value of div(mf) (cv=71732) = 4.790086e-02
	norm_L2 of div(momentum) = 2.719218e-01.
nsd = 0 BC: AP Inlet occurs on 5168 w-faces
dP/dn (nsd = 0): Nfw_skipped_by_dP_dn_geom_flag = 592, Nfw_with_curvature_limiting = 812, Nfw_skipped_by_negative_crd_n = 65. Totals: skipped or corrected FW ratio = 9.68486%, skipped or corrected WALL AREA ratio = 16.3026%.
+----+----+----+--------------+--------------+--------------+--------------+--------------+------+----+-+-+--+------+
|Name|view| n_y| Initial res  | Initial resL1| Target res   | Final res    | Final res L1 |Visits|Iter|R|F|CL|Status|
+----+----+----+--------------+--------------+--------------+--------------+--------------+------+----+-+-+--+------+
| 3M |   0|   0|  1.932137e+04|  1.736415e+03|  2.353105e+00|  4.685163e-06|  9.363461e-03|     1|   3|0|n|29|  OK  |
Velocity (predicted):
        (local) sd   0: min(  20129)=142.61948606582      , max(  71732)=210.86781307663      
slv : 
slv : NUMBER OF INNER ITERATIONS = 1
slv : 
Flow alg-view 0 is not Neumann (not for Phase Change + Nested Iters)
+----+----+--------------+--------------+--------------+--------------+--------------+------+----+-+-+--+------+
|Name|view| Initial res  | Initial resL1| Target res   | Final res    | Final res L1 |Visits|Iter|R|F|CL|Status|
|DVGR|   0|  2.747265e-01|  6.037691e+00|  1.886070e-07|  1.087405e-07|  1.178232e-02|     4|  12|0|n|30|  OK  |
Filter(LC, geom_index=  0): isolating pressure from zero=108 (in AUSM_cvs=0)
Filter(LC, geom_index=  0): isolating pressure from infinity =16 (in AUSM_cvs=0)
PRESSURE SOLVER(geom_index=  0): sum_C_dp=0.000550086
Face Momentum (sd=  0): max value of div(mf) (cv=71732) = 6.332431e-02
	norm_L2 of div(momentum) = 2.944681e-01.
nsd = 0 min_dtHy = 2.58277e-05 (nCV =	21052 ) max_dtHy = 5.90102e-05 (nCV =	77934 ) 
+----+----+--------------+--------------+--------------+--------------+--------------+------+----+-+-+--+------+
|Name|view| Initial res  | Initial resL1| Target res   | Final res    | Final res L1 |Visits|Iter|R|F|CL|Status|
|CHT |   0|  1.355585e+00|  2.855185e+01|  8.472405e-05|  1.782716e-18|  2.414145e-07|     1|   9|0|n|30|  OK  |
nsd = 0 min_dtke = 2.57309e-05 (nCV =	21052 ) max_dtke = 5.87251e-05 (nCV =	77934 ) 
+----+----+----+--------------+--------------+--------------+--------------+--------------+------+----+-+-+--+------+
|Name|view| n_y| Initial res  | Initial resL1| Target res   | Final res    | Final res L1 |Visits|Iter|R|F|CL|Status|
+----+----+----+--------------+--------------+--------------+--------------+--------------+------+----+-+-+--+------+
|turb|   0|   0|  5.321295e+05|  5.557999e+03|  2.973537e-01|  3.269723e-05|  7.019985e-02|     2|  12|0|n|30|  OK  |
|turb|   0|   1|  9.361897e+10|  2.479670e+06|  8.928139e+03|  6.904316e+00|  3.215298e+01|     2|  12|0|n|30|  OK  |
Filter: K,E,momentum: sd =   0 isolating K from zero=    323 E from zero=    724 E from infinity=     20
slv : Fluid subdom(new) 0
slv : P static (new)                 : min(   9446) = 96258.75             , max(  66502) = 111457.5             
slv : Density (new)                  : min(  20137) = 1.0848360998568      , max(  71732) = 1.3168912579508      
slv : Velocity (new)                 : min(  20137) = 98.343841921394      , max(  20185) = 226.05166452734      
slv : Mach number (new)              : min(  20137) = 0.27917070447555     , max(  20185) = 0.66440999416116     
slv : Turbulent k (new)              : min(   9286) = 1e-40                , max(  21078) = 514.69744467474      
slv : Turbulent e (new)              : min(   9286) = 1.2451673345233e-44  , max(  21078) = 467944.23280146      
slv : Temperature (new)              : min(  20047) = 288.17956953377      , max(  20137) = 309.06066324496      
slv : Total enthalpy, Y-shifted (new): min(  20161) = 20807.568114427      , max(  20198) = 20808.266496306      
slv : MASS FLUXES AT OPENINGS: MF=-314.857, AP=314.857
slv : DvGr statistics: min alpha=0.0783203(nfa=208855, geom_slice=0)
slv : +----------------------------------+------------+-------+------------+------------+
slv : |          Collector name          | Total Time | Count |  Avg Time  |  Max Time  |
slv : +----------------------------------+------------+-------+------------+------------+
slv : | Calculate_inc                    |       0.000|      0|       0.000|       0.000|
slv : | CollectEMT_Results               |       0.000|      1|       0.000|       0.000|
slv : | HeatPathCalculator_Dynamic       |       0.021|      1|       0.021|       0.021|
slv : | LiSy_make_portrait               |       0.062|     17|       0.004|       0.017|
slv : | build_sl_ordering_CHT            |       0.006|      1|       0.006|       0.006|
slv : | build_sl_ordering_MDS            |       0.019|      1|       0.019|       0.019|
slv : | build_sl_ordering_fluid          |       0.019|      1|       0.019|       0.019|
slv : | calc_Convolutions_MDS            |       0.022|      1|       0.022|       0.022|
slv : | calc_wall_dist                   |       0.372|      1|       0.372|       0.372|
slv : | create_Gr_operators_MDS          |       0.023|      1|       0.023|       0.023|
slv : | create_Gr_operators_portrait_MDS |       0.009|      1|       0.009|       0.009|
slv : | init_Hy_group_MDS                |       0.019|      1|       0.019|       0.019|
slv : | perform_stage_total              |       0.930|     35|       0.027|       0.372|
slv : | precalc_at_start_MDS             |       0.666|      2|       0.333|       0.637|
slv : | solve_3M_MDS                     |       0.046|      1|       0.046|       0.046|
slv : | solve_3M_alg_MDS                 |       0.011|      1|       0.011|       0.011|
slv : | solve_BG_MDS                     |       0.040|      1|       0.040|       0.040|
slv : | solve_BG_alg_MDS                 |       0.031|      1|       0.031|       0.031|
slv : | solve_BL_MDS                     |       0.019|      1|       0.019|       0.019|
slv : | solve_CHT                        |       0.039|      1|       0.039|       0.039|
slv : | solve_CHT_MDS                    |       0.024|      1|       0.024|       0.024|
slv : | solve_CHT_alg_MDS                |       0.007|      1|       0.007|       0.007|
slv : | solve_DvGr_MDS                   |       0.159|      1|       0.159|       0.159|
slv : | solve_DvGr_alg_MDS               |       0.068|      1|       0.068|       0.068|
slv : | solve_INPR_MDS                   |       0.000|      1|       0.000|       0.000|
slv : | solve_PS+QJ                      |       0.000|      0|       0.000|       0.000|
slv : | solve_YLMA_MDS                   |       0.000|      1|       0.000|       0.000|
slv : | solve_YNOx_MDS                   |       0.000|      1|       0.000|       0.000|
slv : | solve_YTd_MDS                    |       0.000|      1|       0.000|       0.000|
slv : | solve_YTurb_MDS                  |       0.138|      1|       0.138|       0.138|
slv : | solve_YTurb_alg_MDS              |       0.077|      2|       0.039|       0.057|
slv : | update_BC_MDS                    |       0.000|      2|       0.000|       0.000|
slv : | update_Mf_after_DvGr             |       0.023|      1|       0.023|       0.023|
slv : | update_VelPressure_MDS           |       0.002|      1|       0.002|       0.002|
slv : +----------------------------------+------------+-------+------------+------------+
-----------------------------------------------------------------------
Memory Working Set Current = 379.46 Mb, Memory Working Set Peak = 379.94 Mb
Memory Private Bytes Current = 586.37 Mb, Memory Private Bytes Peak = 588.99 Mb
Process Threads Number: 16
-----------------------------------------------------------------------
Algebra Pool      : mem_usage = 408.44 Mb, allocated count = 1313

================== Tstep=1 ===================
<Dynamic P> on nsd = 0 {openings (inlet / outlet)}:
  (SP = Static Pressure, EP = Environment Pressure, TP = Total Pressure, E = External)
  {#0, E, (6.427680e-10 / 2.733848e+04)}
  {#1, E, (3.322191e-10 / 2.733849e+04)}
  {#2, E, (0.000000e+00 / 2.733849e+04)}
  {#3, E, (2.733849e+04 / 0.000000e+00)}
  {#4, E, (4.159939e-12 / 2.733849e+04)}
  {#5, E, (1.415107e-12 / 2.733849e+04)}
  MWS[  0]=50.9909
tau_viscous_averaged = 56.8547 
dt(mass,momentum; nsd=  0): min dt/dtG(ncv=  20198)=0.94 , max dt/dtG(ncv=  77934)=2.4    , dtG=2.47545e-05
Flow alg-view 0 in phys-view 0 isn't Neumann (not Multi Phase treating)
Face Momentum (sd=  0): max value of div(mf) (cv=71732) = 6.332431e-02
Flow alg-view 0 is not Neumann (not for Phase Change + Nested Iters)
+----+----+--------------+--------------+--------------+--------------+--------------+------+----+-+-+--+------+
|Name|view| Initial res  | Initial resL1| Target res   | Final res    | Final res L1 |Visits|Iter|R|F|CL|Status|
| BG |   0|  8.671148e-02|  5.063041e+00|  1.478149e-07|  1.013533e-07|  2.745331e-02|    11|  33|0|n|30|  OK  |
Face Momentum (sd=  0): max value of div(mf) (cv=20108) = 3.179660e-02
	norm_L2 of div(momentum) = 1.748368e-01.
Flow alg-view 0 in phys-view 0 isn't Neumann (not Multi Phase treating)
LOG: number of a-faces with weighted approximations in 0 subdomain: 36.9687 percent
LOG: Rate of a-faces corrected to CUp1st in 0 subdomain: 0.229633 %
slv : SolveBL stage
|nsd|Real WF|NormalF|Cycle F|CriticF| EdgeF |CyclBrF|ExtParF|RWFnumSt|StLvlNum|  nfw  |  alp_U_min  |  nfw  |  alp_U_max  |  nfw  |  alp_T_min  |  nfw  |  alp_T_max  |  nfw  |  BL_s_min   |  nfw  |   BL_s_max  |
|  0|   2054|   1839|      4|      6|    205|      0|      0|    2050|      66|  12058|0            |  12023|57.3636      |   3907|2.73684e-05  |  12031|16212.3      |  12031|-273094      |   3907|-1.98108e-07 |
LOG nsd = 0: numb_of_convergent=8, numb_of_divergent=0
Face Momentum (sd=  0): max value of div(mf) (cv=20108) = 3.179660e-02
	norm_L2 of div(momentum) = 1.748368e-01.
nsd = 0 BC: AP Inlet occurs on 4873 w-faces
+----+----+----+--------------+--------------+--------------+--------------+--------------+------+----+-+-+--+------+
|Name|view| n_y| Initial res  | Initial resL1| Target res   | Final res    | Final res L1 |Visits|Iter|R|F|CL|Status|
+----+----+----+--------------+--------------+--------------+--------------+--------------+------+----+-+-+--+------+
| 3M |   0|   0|  1.217581e+04|  4.559725e+03|  1.877843e+00|  1.054806e-04|  5.392437e-02|     1|   3|0|n|29|  OK  |
Velocity (predicted):
        (local) sd   0: min(  20153)=85.53094065701       , max(  20185)=221.25755996735      
Flow alg-view 0 is not Neumann (not for Phase Change + Nested Iters)
+----+----+--------------+--------------+--------------+--------------+--------------+------+----+-+-+--+------+
|Name|view| Initial res  | Initial resL1| Target res   | Final res    | Final res L1 |Visits|Iter|R|F|CL|Status|
|DVGR|   0|  8.918054e-02|  6.160706e+00|  1.478149e-07|  1.363391e-08|  3.415973e-03|     5|  15|0|n|30|  OK  |
Filter(LC, geom_index=  0): isolating pressure from zero=124 (in AUSM_cvs=0)
Filter(LC, geom_index=  0): isolating pressure from infinity =8 (in AUSM_cvs=0)
PRESSURE SOLVER(geom_index=  0): sum_C_dp=0.000276807
Face Momentum (sd=  0): max value of div(mf) (cv=20113) = 2.531651e-02
	norm_L2 of div(momentum) = 1.573171e-01.
nsd = 0 min_dtHy = 2.31963e-05 (nCV =	20198 ) max_dtHy = 5.90141e-05 (nCV =	77934 ) 
+----+----+--------------+--------------+--------------+--------------+--------------+------+----+-+-+--+------+
|Name|view| Initial res  | Initial resL1| Target res   | Final res    | Final res L1 |Visits|Iter|R|F|CL|Status|
|CHT |   0|  3.387455e+03|  9.064337e+02|  2.117159e-01|  1.789582e-18|  2.423276e-07|     1|   9|0|n|30|  OK  |
nsd = 0 min_dtke = 2.04267e-05 (nCV =	21411 ) max_dtke = 5.87292e-05 (nCV =	77934 ) 
+----+----+----+--------------+--------------+--------------+--------------+--------------+------+----+-+-+--+------+
|Name|view| n_y| Initial res  | Initial resL1| Target res   | Final res    | Final res L1 |Visits|Iter|R|F|CL|Status|
+----+----+----+--------------+--------------+--------------+--------------+--------------+------+----+-+-+--+------+
|turb|   0|   0|  9.880347e+05|  1.221771e+04|  2.340490e-01|  9.112469e-02|  2.792442e+00|     1|   6|0|n|30|  OK  |
|turb|   0|   1|  1.797352e+11|  5.981837e+06|  6.222713e+03|  2.798866e-03|  6.558869e-01|     2|  12|0|n|30|  OK  |
Filter: K,E,momentum: sd =   0 isolating K from zero=      0 E from zero=    813 E from infinity=      2
slv : Fluid subdom(new) 0
slv : P static (new)                 : min(   9446) = 91445.8125           , max(  66502) = 122603.25            
slv : Density (new)                  : min(  20129) = 1.0149102129866      , max(  71732) = 1.4357287316826      
slv : Velocity (new)                 : min(  20129) = 6.9027538842899      , max(   9482) = 241.21591487975      
slv : Mach number (new)              : min(  20129) = 0.019446392468223    , max(   9482) = 0.71335402459639     
slv : Turbulent k (new)              : min(  19881) = 0.00027684974286165  , max(  21075) = 510.60476102741      
slv : Turbulent e (new)              : min(  24760) = 0.034410028432971    , max(  21075) = 462372.6027783       
slv : Temperature (new)              : min(  20047) = 284.65758974018      , max(  20129) = 313.83678302914      
slv : Total enthalpy, Y-shifted (new): min(  20246) = 20794.025962386      , max(  20172) = 20826.390866234      
slv : MASS FLUXES AT OPENINGS: MF=-314.857, AP=314.857
slv : DvGr statistics: min alpha=0.0770041(nfa=208855, geom_slice=0)
slv : +----------------------------------+------------+-------+------------+------------+
slv : |          Collector name          | Total Time | Count |  Avg Time  |  Max Time  |
slv : +----------------------------------+------------+-------+------------+------------+
slv : | Calculate_inc                    |       0.628|      1|       0.628|       0.628|
slv : | CollectEMT_Results               |       0.000|      2|       0.000|       0.000|
slv : | HeatPathCalculator_Dynamic       |       0.021|      1|       0.021|       0.021|
slv : | LiSy_make_portrait               |       0.079|     23|       0.003|       0.017|
slv : | Results_processing               |       0.049|      1|       0.049|       0.049|
slv : | build_sl_ordering_CHT            |       0.011|      2|       0.005|       0.006|
slv : | build_sl_ordering_MDS            |       0.038|      2|       0.019|       0.019|
slv : | build_sl_ordering_fluid          |       0.038|      2|       0.019|       0.019|
slv : | calc_Convolutions_MDS            |       0.034|      2|       0.017|       0.022|
slv : | calc_wall_dist                   |       0.372|      1|       0.372|       0.372|
slv : | create_Gr_operators_MDS          |       0.038|      2|       0.019|       0.023|
slv : | create_Gr_operators_portrait_MDS |       0.016|      2|       0.008|       0.009|
slv : | init_Hy_group_MDS                |       0.034|      2|       0.017|       0.019|
slv : | perform_stage_total              |       1.252|     62|       0.020|       0.372|
slv : | precalc_at_start_MDS             |       0.666|      2|       0.333|       0.637|
slv : | solve_3M_MDS                     |       0.081|      2|       0.041|       0.046|
slv : | solve_3M_alg_MDS                 |       0.018|      2|       0.009|       0.011|
slv : | solve_BG_MDS                     |       0.079|      2|       0.040|       0.040|
slv : | solve_BG_alg_MDS                 |       0.060|      2|       0.030|       0.031|
slv : | solve_BL_MDS                     |       0.033|      2|       0.017|       0.019|
slv : | solve_CHT                        |       0.073|      2|       0.036|       0.039|
slv : | solve_CHT_MDS                    |       0.045|      2|       0.023|       0.024|
slv : | solve_CHT_alg_MDS                |       0.012|      2|       0.006|       0.007|
slv : | solve_DvGr_MDS                   |       0.235|      2|       0.117|       0.159|
slv : | solve_DvGr_alg_MDS               |       0.095|      2|       0.048|       0.068|
slv : | solve_INPR_MDS                   |       0.000|      1|       0.000|       0.000|
slv : | solve_PS+QJ                      |       0.000|      0|       0.000|       0.000|
slv : | solve_YLMA_MDS                   |       0.000|      2|       0.000|       0.000|
slv : | solve_YNOx_MDS                   |       0.000|      2|       0.000|       0.000|
slv : | solve_YTd_MDS                    |       0.000|      2|       0.000|       0.000|
slv : | solve_YTurb_MDS                  |       0.220|      2|       0.110|       0.138|
slv : | solve_YTurb_alg_MDS              |       0.103|      4|       0.026|       0.057|
slv : | update_BC_MDS                    |       0.000|      3|       0.000|       0.000|
slv : | update_Mf_after_DvGr             |       0.042|      2|       0.021|       0.023|
slv : | update_VelPressure_MDS           |       0.004|      2|       0.002|       0.002|
slv : +----------------------------------+------------+-------+------------+------------+
-----------------------------------------------------------------------
Memory Working Set Current = 384.66 Mb, Memory Working Set Peak = 385.50 Mb
Memory Private Bytes Current = 589.63 Mb, Memory Private Bytes Peak = 591.64 Mb
Process Threads Number: 16
-----------------------------------------------------------------------
Algebra Pool      : mem_usage = 408.44 Mb, allocated count = 1315

================== Tstep=2 ===================
<Dynamic P> on nsd = 0 {openings (inlet / outlet)}:
  (SP = Static Pressure, EP = Environment Pressure, TP = Total Pressure, E = External)
  {#0, E, (2.972108e-09 / 2.733848e+04)}
  {#1, E, (6.040228e-09 / 2.733849e+04)}
  {#2, E, (0.000000e+00 / 2.733849e+04)}
  {#3, E, (2.733849e+04 / 0.000000e+00)}
  {#4, E, (1.504460e-11 / 2.733849e+04)}
  {#5, E, (2.654369e-11 / 2.733849e+04)}
  MWS[  0]=50.9148
tau_viscous_averaged = 59.2308 
dt(mass,momentum; nsd=  0): min dt/dtG(ncv=  20198)=0.86 , max dt/dtG(ncv=  77934)=2.5    , dtG=2.3779e-05
Flow alg-view 0 in phys-view 0 isn't Neumann (not Multi Phase treating)
Face Momentum (sd=  0): max value of div(mf) (cv=20113) = 2.531651e-02
Flow alg-view 0 is not Neumann (not for Phase Change + Nested Iters)
+----+----+--------------+--------------+--------------+--------------+--------------+------+----+-+-+--+------+
|Name|view| Initial res  | Initial resL1| Target res   | Final res    | Final res L1 |Visits|Iter|R|F|CL|Status|
| BG |   0|  2.474866e-02|  4.806846e+00|  3.356414e-08|  1.146519e-08|  9.844491e-03|    11|  33|0|n|30|  OK  |
Face Momentum (sd=  0): max value of div(mf) (cv=20120) = 1.423844e-02
	norm_L2 of div(momentum) = 1.191013e-01.
Flow alg-view 0 in phys-view 0 isn't Neumann (not Multi Phase treating)
LOG: number of a-faces with weighted approximations in 0 subdomain: 28.9989 percent
LOG: Rate of a-faces corrected to CUp1st in 0 subdomain: 0.214811 %
slv : SolveBL stage
|nsd|Real WF|NormalF|Cycle F|CriticF| EdgeF |CyclBrF|ExtParF|RWFnumSt|StLvlNum|  nfw  |  alp_U_min  |  nfw  |  alp_U_max  |  nfw  |  alp_T_min  |  nfw  |  alp_T_max  |  nfw  |  BL_s_min   |  nfw  |   BL_s_max  |
|  0|   2054|   1827|      2|      4|    221|      0|      0|    2052|      65|  12942|0            |  12033|85.0933      |   3907|0.00015592   |   3984|10374.6      |  12938|-52799.7     |   1771|0            |
LOG nsd = 0: numb_of_convergent=8, numb_of_divergent=0
Face Momentum (sd=  0): max value of div(mf) (cv=20120) = 1.423844e-02
	norm_L2 of div(momentum) = 1.191013e-01.
nsd = 0 BC: AP Inlet occurs on 4252 w-faces
+----+----+----+--------------+--------------+--------------+--------------+--------------+------+----+-+-+--+------+
|Name|view| n_y| Initial res  | Initial resL1| Target res   | Final res    | Final res L1 |Visits|Iter|R|F|CL|Status|
+----+----+----+--------------+--------------+--------------+--------------+--------------+------+----+-+-+--+------+
| 3M |   0|   0|  2.334123e+04|  7.535153e+03|  8.361980e-01|  1.586914e-04|  7.828161e-02|     1|   3|0|n|29|  OK  |
Velocity (predicted):
        (local) sd   0: min(  20129)=6.8381919341935      , max(   9482)=236.88896905093      
Flow alg-view 0 is not Neumann (not for Phase Change + Nested Iters)
+----+----+--------------+--------------+--------------+--------------+--------------+------+----+-+-+--+------+
|Name|view| Initial res  | Initial resL1| Target res   | Final res    | Final res L1 |Visits|Iter|R|F|CL|Status|
|DVGR|   0|  2.918180e-02|  6.448495e+00|  3.356414e-08|  1.471144e-09|  1.315390e-03|     5|  15|0|n|30|  OK  |
Filter(LC, geom_index=  0): isolating pressure from zero=68 (in AUSM_cvs=0)
PRESSURE SOLVER(geom_index=  0): sum_C_dp=-0.000556886
Face Momentum (sd=  0): max value of div(mf) (cv=20217) = 7.756820e-03
	norm_L2 of div(momentum) = 9.000774e-02.
nsd = 0 min_dtHy = 2.03927e-05 (nCV =	20198 ) max_dtHy = 5.90515e-05 (nCV =	77934 ) 
+----+----+--------------+--------------+--------------+--------------+--------------+------+----+-+-+--+------+
|Name|view| Initial res  | Initial resL1| Target res   | Final res    | Final res L1 |Visits|Iter|R|F|CL|Status|
|CHT |   0|  4.192539e+03|  1.085919e+03|  2.620337e-01|  1.792090e-18|  2.425791e-07|     1|   9|0|n|30|  OK  |
nsd = 0 min_dtke = 1.88981e-05 (nCV =	20198 ) max_dtke = 5.87664e-05 (nCV =	77934 ) 
+----+----+----+--------------+--------------+--------------+--------------+--------------+------+----+-+-+--+------+
|Name|view| n_y| Initial res  | Initial resL1| Target res   | Final res    | Final res L1 |Visits|Iter|R|F|CL|Status|
+----+----+----+--------------+--------------+--------------+--------------+--------------+------+----+-+-+--+------+
|turb|   0|   0|  7.159620e+05|  1.167640e+04|  5.313606e-02|  3.679078e-02|  1.990850e+00|     1|   6|0|n|30|  OK  |
|turb|   0|   1|  1.272029e+11|  5.556226e+06|  6.730609e+02|  7.547190e-04|  3.939802e-01|     2|  12|0|n|30|  OK  |
Filter: K,E,momentum: sd =   0 isolating K from zero=     24 E from zero=    810 E from infinity=      0
slv : Fluid subdom(new) 0
slv : P static (new)                 : min(   9461) = 86873.521875         , max(  66502) = 126759.18417495      
slv : Density (new)                  : min(  20129) = 0.96410174632209     , max(  66502) = 1.4787781623818      
slv : Velocity (new)                 : min(  20129) = 2.5152171788953      , max(   9482) = 245.27830717834      
slv : Mach number (new)              : min(  20129) = 0.0070856234971469   , max(   9482) = 0.7266435622278      
slv : Turbulent k (new)              : min(   9286) = 1e-40                , max(  21078) = 509.67727534442      
slv : Turbulent e (new)              : min(   9286) = 1.2367498678022e-44  , max(  21078) = 461113.54496969      
slv : Temperature (new)              : min(  20047) = 283.65937872256      , max(  20129) = 313.85727662678      
slv : Total enthalpy, Y-shifted (new): min(  20038) = 20779.841756825      , max(  20035) = 20819.729513948      
slv : MASS FLUXES AT OPENINGS: MF=-314.857, AP=314.858
slv : DvGr statistics: min alpha=0.0774046(nfa=208855, geom_slice=0)
slv : +----------------------------------+------------+-------+------------+------------+
slv : |          Collector name          | Total Time | Count |  Avg Time  |  Max Time  |
slv : +----------------------------------+------------+-------+------------+------------+
slv : | Calculate_inc                    |       1.034|      2|       0.517|       0.628|
slv : | CollectEMT_Results               |       0.000|      3|       0.000|       0.000|
slv : | HeatPathCalculator_Dynamic       |       0.021|      1|       0.021|       0.021|
slv : | LiSy_make_portrait               |       0.097|     29|       0.003|       0.017|
slv : | Results_processing               |       0.101|      2|       0.050|       0.051|
slv : | build_sl_ordering_CHT            |       0.015|      3|       0.005|       0.006|
slv : | build_sl_ordering_MDS            |       0.053|      3|       0.018|       0.019|
slv : | build_sl_ordering_fluid          |       0.053|      3|       0.018|       0.019|
slv : | calc_Convolutions_MDS            |       0.047|      3|       0.016|       0.022|
slv : | calc_wall_dist                   |       0.372|      1|       0.372|       0.372|
slv : | create_Gr_operators_MDS          |       0.052|      3|       0.017|       0.023|
slv : | create_Gr_operators_portrait_MDS |       0.025|      3|       0.008|       0.009|
slv : | init_Hy_group_MDS                |       0.047|      3|       0.016|       0.019|
slv : | perform_stage_total              |       1.583|     89|       0.018|       0.372|
slv : | precalc_at_start_MDS             |       0.666|      2|       0.333|       0.637|
slv : | solve_3M_MDS                     |       0.118|      3|       0.039|       0.046|
slv : | solve_3M_alg_MDS                 |       0.026|      3|       0.009|       0.011|
slv : | solve_BG_MDS                     |       0.118|      3|       0.039|       0.040|
slv : | solve_BG_alg_MDS                 |       0.088|      3|       0.029|       0.031|
slv : | solve_BL_MDS                     |       0.048|      3|       0.016|       0.019|
slv : | solve_CHT                        |       0.105|      3|       0.035|       0.039|
slv : | solve_CHT_MDS                    |       0.066|      3|       0.022|       0.024|
slv : | solve_CHT_alg_MDS                |       0.016|      3|       0.005|       0.007|
slv : | solve_DvGr_MDS                   |       0.313|      3|       0.104|       0.159|
slv : | solve_DvGr_alg_MDS               |       0.123|      3|       0.041|       0.068|
slv : | solve_INPR_MDS                   |       0.000|      1|       0.000|       0.000|
slv : | solve_PS+QJ                      |       0.000|      0|       0.000|       0.000|
slv : | solve_YLMA_MDS                   |       0.000|      3|       0.000|       0.000|
slv : | solve_YNOx_MDS                   |       0.000|      3|       0.000|       0.000|
slv : | solve_YTd_MDS                    |       0.000|      3|       0.000|       0.000|
slv : | solve_YTurb_MDS                  |       0.310|      3|       0.103|       0.138|
slv : | solve_YTurb_alg_MDS              |       0.131|      6|       0.022|       0.057|
slv : | update_BC_MDS                    |       0.000|      4|       0.000|       0.000|
slv : | update_Mf_after_DvGr             |       0.059|      3|       0.020|       0.023|
slv : | update_VelPressure_MDS           |       0.006|      3|       0.002|       0.002|
slv : +----------------------------------+------------+-------+------------+------------+
-----------------------------------------------------------------------
Memory Working Set Current = 392.84 Mb, Memory Working Set Peak = 394.36 Mb
Memory Private Bytes Current = 589.72 Mb, Memory Private Bytes Peak = 592.46 Mb
Process Threads Number: 16
-----------------------------------------------------------------------
Algebra Pool      : mem_usage = 408.44 Mb, allocated count = 1320

================== Tstep=3 ===================
<Dynamic P> on nsd = 0 {openings (inlet / outlet)}:
  (SP = Static Pressure, EP = Environment Pressure, TP = Total Pressure, E = External)
  {#0, E, (3.336010e-08 / 2.733848e+04)}
  {#1, E, (2.740652e-07 / 2.733846e+04)}
  {#2, E, (0.000000e+00 / 2.733849e+04)}
  {#3, E, (2.733849e+04 / 0.000000e+00)}
  {#4, E, (2.936394e-11 / 2.733849e+04)}
  {#5, E, (5.553493e-10 / 2.733849e+04)}
  MWS[  0]=50.2223
tau_viscous_averaged = 59.4926 
dt(mass,momentum; nsd=  0): min dt/dtG(ncv=  20172)=0.86 , max dt/dtG(ncv=  77934)=2.5    , dtG=2.3639e-05
Flow alg-view 0 in phys-view 0 isn't Neumann (not Multi Phase treating)
Face Momentum (sd=  0): max value of div(mf) (cv=20217) = 7.756820e-03
Flow alg-view 0 is not Neumann (not for Phase Change + Nested Iters)
+----+----+--------------+--------------+--------------+--------------+--------------+------+----+-+-+--+------+
|Name|view| Initial res  | Initial resL1| Target res   | Final res    | Final res L1 |Visits|Iter|R|F|CL|Status|
| BG |   0|  8.101393e-03|  4.658631e+00|  1.633464e-09|  8.319997e-10|  2.745487e-03|    12|  36|0|n|30|  OK  |
Face Momentum (sd=  0): max value of div(mf) (cv=20274) = 6.580804e-03
	norm_L2 of div(momentum) = 7.632856e-02.
Flow alg-view 0 in phys-view 0 isn't Neumann (not Multi Phase treating)
LOG: number of a-faces with weighted approximations in 0 subdomain: 20.2357 percent
LOG: Rate of a-faces corrected to CUp1st in 0 subdomain: 0.209708 %
slv : SolveBL stage
|nsd|Real WF|NormalF|Cycle F|CriticF| EdgeF |CyclBrF|ExtParF|RWFnumSt|StLvlNum|  nfw  |  alp_U_min  |  nfw  |  alp_U_max  |  nfw  |  alp_T_min  |  nfw  |  alp_T_max  |  nfw  |  BL_s_min   |  nfw  |   BL_s_max  |
|  0|   2054|   1831|      0|      4|    219|      0|      0|    2054|      66|  12942|0            |  12023|112.65       |   3907|0.000592496  |   3985|13055        |  12933|-49768.7     |   1771|0            |
LOG nsd = 0: numb_of_convergent=8, numb_of_divergent=0
Face Momentum (sd=  0): max value of div(mf) (cv=20274) = 6.580804e-03
	norm_L2 of div(momentum) = 7.632856e-02.
nsd = 0 BC: AP Inlet occurs on 3866 w-faces
+----+----+----+--------------+--------------+--------------+--------------+--------------+------+----+-+-+--+------+
|Name|view| n_y| Initial res  | Initial resL1| Target res   | Final res    | Final res L1 |Visits|Iter|R|F|CL|Status|
+----+----+----+--------------+--------------+--------------+--------------+--------------+------+----+-+-+--+------+
| 3M |   0|   0|  2.353527e+04|  9.276650e+03|  1.730431e-01|  1.343122e-04|  7.675358e-02|     1|   3|0|n|29|  OK  |
Velocity (predicted):
        (local) sd   0: min(  20129)=2.5189085243556      , max(   9482)=242.82752942762      
Flow alg-view 0 is not Neumann (not for Phase Change + Nested Iters)
+----+----+--------------+--------------+--------------+--------------+--------------+------+----+-+-+--+------+
|Name|view| Initial res  | Initial resL1| Target res   | Final res    | Final res L1 |Visits|Iter|R|F|CL|Status|
|DVGR|   0|  2.647433e-02|  6.977735e+00|  1.633464e-09|  2.014035e-10|  1.098711e-03|     5|  15|0|n|30|  OK  |
Filter(LC, geom_index=  0): isolating pressure from zero=32 (in AUSM_cvs=0)
Filter(LC, geom_index=  0): isolating pressure from infinity =8 (in AUSM_cvs=0)
PRESSURE SOLVER(geom_index=  0): sum_C_dp=-0.00463578
Face Momentum (sd=  0): max value of div(mf) (cv=66507) = 6.092398e-03
	norm_L2 of div(momentum) = 6.928431e-02.
nsd = 0 min_dtHy = 2.02917e-05 (nCV =	20172 ) max_dtHy = 5.93938e-05 (nCV =	77934 ) 
+----+----+--------------+--------------+--------------+--------------+--------------+------+----+-+-+--+------+
|Name|view| Initial res  | Initial resL1| Target res   | Final res    | Final res L1 |Visits|Iter|R|F|CL|Status|
|CHT |   0|  6.101314e+03|  1.247633e+03|  3.813321e-01|  1.778661e-18|  2.417410e-07|     1|   9|0|n|30|  OK  |
nsd = 0 min_dtke = 1.88259e-05 (nCV =	20172 ) max_dtke = 5.91056e-05 (nCV =	77934 ) 
+----+----+----+--------------+--------------+--------------+--------------+--------------+------+----+-+-+--+------+
|Name|view| n_y| Initial res  | Initial resL1| Target res   | Final res    | Final res L1 |Visits|Iter|R|F|CL|Status|
+----+----+----+--------------+--------------+--------------+--------------+--------------+------+----+-+-+--+------+
|turb|   0|   0|  5.254847e+05|  1.094076e+04|  2.543356e-03|  3.590197e-09|  1.001538e-03|     2|  12|0|n|30|  OK  |
|turb|   0|   1|  9.317734e+10|  5.194670e+06|  7.077798e+00|  5.233617e-04|  3.825065e-01|     2|  12|0|n|30|  OK  |
Filter: K,E,momentum: sd =   0 isolating K from zero=     16 E from zero=    836 E from infinity=      0
slv : Fluid subdom(new) 0
slv : P static (new)                 : min(   9464) = 82529.84578125       , max(   9492) = 137031.38878444      
slv : Density (new)                  : min(  20124) = 0.91796936922929     , max(   9492) = 1.5842943981839      
slv : Velocity (new)                 : min(  20129) = 1.8640535236885      , max(   9482) = 248.35420111804      
slv : Mach number (new)              : min(  20129) = 0.00525121741985     , max(   9482) = 0.73675975911951     
slv : Turbulent k (new)              : min(   9286) = 1e-40                , max(  21078) = 508.74033159305      
slv : Turbulent e (new)              : min(   9286) = 1.2442781688827e-44  , max(  21078) = 459842.80693666      
slv : Temperature (new)              : min(  20047) = 282.88719863564      , max(  20129) = 313.85867371968      
slv : Total enthalpy, Y-shifted (new): min(  20056) = 20763.678280505      , max(  71734) = 20826.171496325      
slv : MASS FLUXES AT OPENINGS: MF=-314.857, AP=314.862
slv : DvGr statistics: min alpha=0.0772476(nfa=208855, geom_slice=0)
slv : +----------------------------------+------------+-------+------------+------------+
slv : |          Collector name          | Total Time | Count |  Avg Time  |  Max Time  |
slv : +----------------------------------+------------+-------+------------+------------+
slv : | Calculate_inc                    |       1.447|      3|       0.482|       0.628|
slv : | CollectEMT_Results               |       0.000|      4|       0.000|       0.000|
slv : | HeatPathCalculator_Dynamic       |       0.021|      1|       0.021|       0.021|
slv : | LiSy_make_portrait               |       0.109|     34|       0.003|       0.017|
slv : | Results_processing               |       0.154|      3|       0.051|       0.053|
slv : | build_sl_ordering_CHT            |       0.015|      4|       0.004|       0.006|
slv : | build_sl_ordering_MDS            |       0.061|      4|       0.015|       0.019|
slv : | build_sl_ordering_fluid          |       0.061|      4|       0.015|       0.019|
slv : | calc_Convolutions_MDS            |       0.061|      4|       0.015|       0.022|
slv : | calc_wall_dist                   |       0.372|      1|       0.372|       0.372|
slv : | create_Gr_operators_MDS          |       0.065|      4|       0.016|       0.023|
slv : | create_Gr_operators_portrait_MDS |       0.031|      4|       0.008|       0.009|
slv : | init_Hy_group_MDS                |       0.063|      4|       0.016|       0.019|
slv : | perform_stage_total              |       1.951|    116|       0.017|       0.372|
slv : | precalc_at_start_MDS             |       0.666|      2|       0.333|       0.637|
slv : | solve_3M_MDS                     |       0.151|      4|       0.038|       0.046|
slv : | solve_3M_alg_MDS                 |       0.034|      4|       0.008|       0.011|
slv : | solve_BG_MDS                     |       0.160|      4|       0.040|       0.042|
slv : | solve_BG_alg_MDS                 |       0.121|      4|       0.030|       0.033|
slv : | solve_BL_MDS                     |       0.062|      4|       0.015|       0.019|
slv : | solve_CHT                        |       0.136|      4|       0.034|       0.039|
slv : | solve_CHT_MDS                    |       0.088|      4|       0.022|       0.024|
slv : | solve_CHT_alg_MDS                |       0.022|      4|       0.005|       0.007|
slv : | solve_DvGr_MDS                   |       0.402|      4|       0.100|       0.159|
slv : | solve_DvGr_alg_MDS               |       0.154|      4|       0.039|       0.068|
slv : | solve_INPR_MDS                   |       0.000|      1|       0.000|       0.000|
slv : | solve_PS+QJ                      |       0.000|      0|       0.000|       0.000|
slv : | solve_YLMA_MDS                   |       0.000|      4|       0.000|       0.000|
slv : | solve_YNOx_MDS                   |       0.000|      4|       0.000|       0.000|
slv : | solve_YTd_MDS                    |       0.000|      4|       0.000|       0.000|
slv : | solve_YTurb_MDS                  |       0.434|      4|       0.108|       0.138|
slv : | solve_YTurb_alg_MDS              |       0.182|      8|       0.023|       0.057|
slv : | update_BC_MDS                    |       0.000|      5|       0.000|       0.000|
slv : | update_Mf_after_DvGr             |       0.082|      4|       0.020|       0.023|
slv : | update_VelPressure_MDS           |       0.008|      4|       0.002|       0.002|
slv : +----------------------------------+------------+-------+------------+------------+
-----------------------------------------------------------------------
Memory Working Set Current = 393.40 Mb, Memory Working Set Peak = 395.09 Mb
Memory Private Bytes Current = 588.32 Mb, Memory Private Bytes Peak = 592.46 Mb
Process Threads Number: 16
-----------------------------------------------------------------------
Algebra Pool      : mem_usage = 408.44 Mb, allocated count = 1317

================== Tstep=4 ===================
<Dynamic P> on nsd = 0 {openings (inlet / outlet)}:
  (SP = Static Pressure, EP = Environment Pressure, TP = Total Pressure, E = External)
  {#0, E, (1.280645e-06 / 2.733841e+04)}
  {#1, E, (8.554911e-06 / 2.733828e+04)}
  {#2, E, (0.000000e+00 / 2.733849e+04)}
  {#3, E, (2.733850e+04 / 0.000000e+00)}
  {#4, E, (1.972253e-10 / 2.733849e+04)}
  {#5, E, (4.348368e-09 / 2.733849e+04)}
  MWS[  0]=45.8347
tau_viscous_averaged = 59.003 
dt(mass,momentum; nsd=  0): min dt/dtG(ncv=   9464)=0.85 , max dt/dtG(ncv=  20149)=2.6    , dtG=2.42216e-05
Flow alg-view 0 in phys-view 0 isn't Neumann (not Multi Phase treating)
Face Momentum (sd=  0): max value of div(mf) (cv=66507) = 6.092398e-03
Flow alg-view 0 is not Neumann (not for Phase Change + Nested Iters)
+----+----+--------------+--------------+--------------+--------------+--------------+------+----+-+-+--+------+
|Name|view| Initial res  | Initial resL1| Target res   | Final res    | Final res L1 |Visits|Iter|R|F|CL|Status|
| BG |   0|  4.800315e-03|  5.023549e+00|  1.644848e-09|  1.299172e-09|  3.971660e-03|    11|  33|0|n|30|  OK  |
Face Momentum (sd=  0): max value of div(mf) (cv=20276) = 2.472935e-03
	norm_L2 of div(momentum) = 5.239557e-02.
Flow alg-view 0 in phys-view 0 isn't Neumann (not Multi Phase treating)
LOG: number of a-faces with weighted approximations in 0 subdomain: 14.6447 percent
LOG: Rate of a-faces corrected to CUp1st in 0 subdomain: 0.185828 %
slv : SolveBL stage
|nsd|Real WF|NormalF|Cycle F|CriticF| EdgeF |CyclBrF|ExtParF|RWFnumSt|StLvlNum|  nfw  |  alp_U_min  |  nfw  |  alp_U_max  |  nfw  |  alp_T_min  |  nfw  |  alp_T_max  |  nfw  |  BL_s_min   |  nfw  |   BL_s_max  |
|  0|   2054|   1833|      2|      4|    215|      0|      0|    2052|      66|   3999|0            |  12033|15.0457      |   3907|0.00188061   |   4047|10080.2      |  12933|-45612.3     |   1771|0            |
LOG nsd = 0: numb_of_convergent=8, numb_of_divergent=0
Face Momentum (sd=  0): max value of div(mf) (cv=20276) = 2.472935e-03
	norm_L2 of div(momentum) = 5.239557e-02.
nsd = 0 BC: AP Inlet occurs on 4086 w-faces
+----+----+----+--------------+--------------+--------------+--------------+--------------+------+----+-+-+--+------+
|Name|view| n_y| Initial res  | Initial resL1| Target res   | Final res    | Final res L1 |Visits|Iter|R|F|CL|Status|
+----+----+----+--------------+--------------+--------------+--------------+--------------+------+----+-+-+--+------+
| 3M |   0|   0|  1.477011e+04|  9.896911e+03|  1.520816e-01|  4.294287e-05|  5.646569e-02|     1|   3|0|n|29|  OK  |
Velocity (predicted):
        (local) sd   0: min(  20156)=2.4140454592839      , max(   9482)=247.31926899725      
Flow alg-view 0 is not Neumann (not for Phase Change + Nested Iters)
+----+----+--------------+--------------+--------------+--------------+--------------+------+----+-+-+--+------+
|Name|view| Initial res  | Initial resL1| Target res   | Final res    | Final res L1 |Visits|Iter|R|F|CL|Status|
|DVGR|   0|  1.622534e-02|  7.290541e+00|  1.644848e-09|  4.687979e-10|  1.648504e-03|     5|  15|0|n|30|  OK  |
Filter(LC, geom_index=  0): isolating pressure from zero=16 (in AUSM_cvs=0)
Filter(LC, geom_index=  0): isolating pressure from infinity =12 (in AUSM_cvs=0)
PRESSURE SOLVER(geom_index=  0): sum_C_dp=-0.0200386
Face Momentum (sd=  0): max value of div(mf) (cv=66507) = 9.922392e-03
	norm_L2 of div(momentum) = 6.800746e-02.
nsd = 0 min_dtHy = 2.04896e-05 (nCV =	9464 ) max_dtHy = 6.1895e-05 (nCV =	20149 ) 
+----+----+--------------+--------------+--------------+--------------+--------------+------+----+-+-+--+------+
|Name|view| Initial res  | Initial resL1| Target res   | Final res    | Final res L1 |Visits|Iter|R|F|CL|Status|
|CHT |   0|  5.333855e+03|  1.280607e+03|  3.333659e-01|  1.638120e-18|  2.366528e-07|     1|   9|0|n|30|  OK  |
nsd = 0 min_dtke = 1.8982e-05 (nCV =	20032 ) max_dtke = 6.13479e-05 (nCV =	77934 ) 
+----+----+----+--------------+--------------+--------------+--------------+--------------+------+----+-+-+--+------+
|Name|view| n_y| Initial res  | Initial resL1| Target res   | Final res    | Final res L1 |Visits|Iter|R|F|CL|Status|
+----+----+----+--------------+--------------+--------------+--------------+--------------+------+----+-+-+--+------+
|turb|   0|   0|  3.644289e+05|  1.018353e+04|  2.292599e-03|  6.402328e-09|  1.264589e-03|     2|  12|0|n|30|  OK  |
|turb|   0|   1|  6.596779e+10|  4.812832e+06|  6.228541e+00|  8.696024e-04|  4.730716e-01|     2|  12|0|n|30|  OK  |
Filter: K,E,momentum: sd =   0 isolating K from zero=      0 E from zero=    783 E from infinity=      0
slv : Fluid subdom(new) 0
slv : P static (new)                 : min(  20124) = 78403.353492187      , max(   9492) = 150734.52766288      
slv : Density (new)                  : min(  20124) = 0.87180081689332     , max(   9492) = 1.731138329468       
slv : Velocity (new)                 : min(  20149) = 2.1603231808777      , max(  20185) = 250.36278786679      
slv : Mach number (new)              : min(  20149) = 0.0060858434589884   , max(  20185) = 0.7433933788466      
slv : Turbulent k (new)              : min(  69556) = 0.023801576050356    , max(  21078) = 507.79953462982      
slv : Turbulent e (new)              : min(  19945) = 0.011313000503189    , max(  21078) = 458568.01941644      
slv : Temperature (new)              : min(  20249) = 282.37394592287      , max(  20149) = 313.85804808823      
slv : Total enthalpy, Y-shifted (new): min(  20056) = 20747.073653179      , max(  71734) = 20836.995176718      
slv : MASS FLUXES AT OPENINGS: MF=-314.857, AP=314.877
slv : DvGr statistics: min alpha=0.0767031(nfa=208855, geom_slice=0)
slv : +----------------------------------+------------+-------+------------+------------+
slv : |          Collector name          | Total Time | Count |  Avg Time  |  Max Time  |
slv : +----------------------------------+------------+-------+------------+------------+
slv : | Calculate_inc                    |       1.904|      4|       0.476|       0.628|
slv : | CollectEMT_Results               |       0.000|      5|       0.000|       0.000|
slv : | HeatPathCalculator_Dynamic       |       0.021|      1|       0.021|       0.021|
slv : | LiSy_make_portrait               |       0.118|     38|       0.003|       0.017|
slv : | Results_processing               |       0.217|      4|       0.054|       0.063|
slv : | build_sl_ordering_CHT            |       0.015|      5|       0.003|       0.006|
slv : | build_sl_ordering_MDS            |       0.062|      5|       0.012|       0.019|
slv : | build_sl_ordering_fluid          |       0.061|      5|       0.012|       0.019|
slv : | calc_Convolutions_MDS            |       0.075|      5|       0.015|       0.022|
slv : | calc_wall_dist                   |       0.372|      1|       0.372|       0.372|
slv : | create_Gr_operators_MDS          |       0.079|      5|       0.016|       0.023|
slv : | create_Gr_operators_portrait_MDS |       0.037|      5|       0.007|       0.009|
slv : | init_Hy_group_MDS                |       0.076|      5|       0.015|       0.019|
slv : | perform_stage_total              |       2.301|    143|       0.016|       0.372|
slv : | precalc_at_start_MDS             |       0.666|      2|       0.333|       0.637|
slv : | solve_3M_MDS                     |       0.187|      5|       0.037|       0.046|
slv : | solve_3M_alg_MDS                 |       0.042|      5|       0.008|       0.011|
slv : | solve_BG_MDS                     |       0.201|      5|       0.040|       0.042|
slv : | solve_BG_alg_MDS                 |       0.151|      5|       0.030|       0.033|
slv : | solve_BL_MDS                     |       0.076|      5|       0.015|       0.019|
slv : | solve_CHT                        |       0.161|      5|       0.032|       0.039|
slv : | solve_CHT_MDS                    |       0.105|      5|       0.021|       0.024|
slv : | solve_CHT_alg_MDS                |       0.026|      5|       0.005|       0.007|
slv : | solve_DvGr_MDS                   |       0.477|      5|       0.095|       0.159|
slv : | solve_DvGr_alg_MDS               |       0.182|      5|       0.036|       0.068|
slv : | solve_INPR_MDS                   |       0.000|      1|       0.000|       0.000|
slv : | solve_PS+QJ                      |       0.000|      0|       0.000|       0.000|
slv : | solve_YLMA_MDS                   |       0.000|      5|       0.000|       0.000|
slv : | solve_YNOx_MDS                   |       0.000|      5|       0.000|       0.000|
slv : | solve_YTd_MDS                    |       0.000|      5|       0.000|       0.000|
slv : | solve_YTurb_MDS                  |       0.556|      5|       0.111|       0.138|
slv : | solve_YTurb_alg_MDS              |       0.241|     10|       0.024|       0.057|
slv : | update_BC_MDS                    |       0.000|      6|       0.000|       0.000|
slv : | update_Mf_after_DvGr             |       0.095|      5|       0.019|       0.023|
slv : | update_VelPressure_MDS           |       0.009|      5|       0.002|       0.002|
slv : +----------------------------------+------------+-------+------------+------------+
Interpolator cache: total calls 6914, optimised calls 2777 (40.2 %)
-----------------------------------------------------------------------
Memory Working Set Current = 396.89 Mb, Memory Working Set Peak = 399.78 Mb
Memory Private Bytes Current = 588.21 Mb, Memory Private Bytes Peak = 592.46 Mb
Process Threads Number: 16
-----------------------------------------------------------------------
Iteration : time = 2.69823 , count = 5 , time/count = 0.539646
Calculate_inc() : time = 2.32666 , count = 5 , time/count = 0.465332
TreatFlowEvolution() : time = 0.262003 , count = 5 , time/count = 0.0524006
SolverPreview : time = 0 , count = 6 , time/count = 0
TreatGoals : time = 0.259991 , count = 5 , time/count = 0.0519982
PrepareForCalculation : time = 1.61536 , count = 1 , time/count = 1.61536
Algebra Pool      : mem_usage = 408.44 Mb, allocated count = 1311

================== Tstep=5 ===================
<Dynamic P> on nsd = 0 {openings (inlet / outlet)}:
  (SP = Static Pressure, EP = Environment Pressure, TP = Total Pressure, E = External)
  {#0, E, (2.752651e-05 / 2.733809e+04)}
  {#1, E, (1.411317e-04 / 2.733765e+04)}
  {#2, E, (0.000000e+00 / 2.733849e+04)}
  {#3, E, (2.733850e+04 / 0.000000e+00)}
  {#4, E, (5.070509e-10 / 2.733849e+04)}
  {#5, E, (4.321959e-08 / 2.733848e+04)}
  MWS[  0]=29.2664
tau_viscous_averaged = 59.6942 
dt(mass,momentum; nsd=  0): min dt/dtG(ncv=  20170)=0.85 , max dt/dtG(ncv=  20156)=3.0    , dtG=4.12002e-05
Flow alg-view 0 in phys-view 0 isn't Neumann (not Multi Phase treating)
Face Momentum (sd=  0): max value of div(mf) (cv=66507) = 9.922392e-03
Flow alg-view 0 is not Neumann (not for Phase Change + Nested Iters)
+----+----+--------------+--------------+--------------+--------------+--------------+------+----+-+-+--+------+
|Name|view| Initial res  | Initial resL1| Target res   | Final res    | Final res L1 |Visits|Iter|R|F|CL|Status|
| BG |   0|  4.625015e-03|  5.650944e+00|  3.954903e-09|  3.127344e-09|  6.276965e-03|    11|  33|0|n|30|  OK  |
Face Momentum (sd=  0): max value of div(mf) (cv=66507) = 1.982161e-03
	norm_L2 of div(momentum) = 3.643318e-02.
Flow alg-view 0 in phys-view 0 isn't Neumann (not Multi Phase treating)
LOG: number of a-faces with weighted approximations in 0 subdomain: 7.71042 percent
LOG: Rate of a-faces corrected to CUp1st in 0 subdomain: 0.168087 %
slv : SolveBL stage
|nsd|Real WF|NormalF|Cycle F|CriticF| EdgeF |CyclBrF|ExtParF|RWFnumSt|StLvlNum|  nfw  |  alp_U_min  |  nfw  |  alp_U_max  |  nfw  |  alp_T_min  |  nfw  |  alp_T_max  |  nfw  |  BL_s_min   |  nfw  |   BL_s_max  |
|  0|   2054|   1831|      0|      4|    219|      0|      0|    2054|      66|   3989|0            |  12062|11.004       |   3907|0.00474839   |   4047|7706.39      |  12933|-41143.8     |   1771|0            |
LOG nsd = 0: numb_of_convergent=8, numb_of_divergent=0
Face Momentum (sd=  0): max value of div(mf) (cv=66507) = 1.982161e-03
	norm_L2 of div(momentum) = 3.643318e-02.
nsd = 0 BC: AP Inlet occurs on 3374 w-faces
+----+----+----+--------------+--------------+--------------+--------------+--------------+------+----+-+-+--+------+
|Name|view| n_y| Initial res  | Initial resL1| Target res   | Final res    | Final res L1 |Visits|Iter|R|F|CL|Status|
+----+----+----+--------------+--------------+--------------+--------------+--------------+------+----+-+-+--+------+
| 3M |   0|   0|  8.819685e+03|  1.019302e+04|  6.296079e-02|  2.228469e-04|  1.673670e-01|     1|   3|0|n|29|  OK  |
Velocity (predicted):
        (local) sd   0: min(  20156)=2.6085159342803      , max(  20185)=251.53736941823      
Flow alg-view 0 is not Neumann (not for Phase Change + Nested Iters)
+----+----+--------------+--------------+--------------+--------------+--------------+------+----+-+-+--+------+
|Name|view| Initial res  | Initial resL1| Target res   | Final res    | Final res L1 |Visits|Iter|R|F|CL|Status|
|DVGR|   0|  2.228551e-02|  9.526190e+00|  3.954903e-09|  4.931761e-10|  2.037312e-03|     7|  21|0|n|30|  OK  |
Filter(LC, geom_index=  0): isolating pressure from zero=12 (in AUSM_cvs=0)
Filter(LC, geom_index=  0): isolating pressure from infinity =20 (in AUSM_cvs=0)
PRESSURE SOLVER(geom_index=  0): sum_C_dp=-0.130515
Face Momentum (sd=  0): max value of div(mf) (cv=66502) = 9.120059e-03
	norm_L2 of div(momentum) = 5.993421e-02.
nsd = 0 min_dtHy = 3.49649e-05 (nCV =	20170 ) max_dtHy = 0.000122978 (nCV =	20156 ) 
+----+----+--------------+--------------+--------------+--------------+--------------+------+----+-+-+--+------+
|Name|view| Initial res  | Initial resL1| Target res   | Final res    | Final res L1 |Visits|Iter|R|F|CL|Status|
|CHT |   0|  5.388291e+03|  1.346812e+03|  3.367682e-01|  7.321705e-19|  1.643880e-07|     1|   9|0|n|30|  OK  |
nsd = 0 min_dtke = 3.07979e-05 (nCV =	20170 ) max_dtke = 0.000107097 (nCV =	77934 ) 
+----+----+----+--------------+--------------+--------------+--------------+--------------+------+----+-+-+--+------+
|Name|view| n_y| Initial res  | Initial resL1| Target res   | Final res    | Final res L1 |Visits|Iter|R|F|CL|Status|
+----+----+----+--------------+--------------+--------------+--------------+--------------+------+----+-+-+--+------+
|turb|   0|   0|  2.693794e+05|  9.461741e+03|  9.701744e-04|  6.042711e-06|  4.718567e-02|     2|  12|0|n|30|  OK  |
|turb|   0|   1|  5.068098e+10|  4.470493e+06|  2.545749e+00|  8.378725e-01|  1.786106e+01|     2|  12|0|n|30|  OK  |
Filter: K,E,momentum: sd =   0 isolating K from zero=      0 E from zero=    761 E from infinity=      0
slv : Fluid subdom(new) 0
slv : P static (new)                 : min(  20124) = 74892.106260942      , max(   9492) = 165807.98042917      
slv : Density (new)                  : min(  20124) = 0.83240252447316     , max(   9492) = 1.8929497880635      
slv : Velocity (new)                 : min(  20153) = 4.8557613790862      , max(  20185) = 250.44603556379      
slv : Mach number (new)              : min(  20153) = 0.013679617498651    , max(  20185) = 0.74369581105619     
slv : Turbulent k (new)              : min(  21490) = 0.038810917342593    , max(  10406) = 506.82529780356      
slv : Turbulent e (new)              : min(  24650) = 0.03764362891192     , max(  10406) = 457249.16117531      
slv : Temperature (new)              : min(  20249) = 282.33090303126      , max(  20149) = 313.8456873514       
slv : Total enthalpy, Y-shifted (new): min(  20056) = 20719.322014049      , max(  71734) = 20853.795546201      
slv : MASS FLUXES AT OPENINGS: MF=-314.857, AP=314.988
slv : DvGr statistics: min alpha=0.0760134(nfa=208855, geom_slice=0)
slv : +----------------------------------+------------+-------+------------+------------+
slv : |          Collector name          | Total Time | Count |  Avg Time  |  Max Time  |
slv : +----------------------------------+------------+-------+------------+------------+
slv : | Calculate_inc                    |       2.326|      5|       0.465|       0.628|
slv : | CollectEMT_Results               |       0.000|      6|       0.000|       0.000|
slv : | HeatPathCalculator_Dynamic       |       0.021|      1|       0.021|       0.021|
slv : | LiSy_make_portrait               |       0.130|     43|       0.003|       0.017|
slv : | Results_processing               |       0.265|      5|       0.053|       0.063|
slv : | build_sl_ordering_CHT            |       0.015|      6|       0.003|       0.006|
slv : | build_sl_ordering_MDS            |       0.070|      6|       0.012|       0.019|
slv : | build_sl_ordering_fluid          |       0.069|      6|       0.012|       0.019|
slv : | calc_Convolutions_MDS            |       0.089|      6|       0.015|       0.022|
slv : | calc_wall_dist                   |       0.372|      1|       0.372|       0.372|
slv : | create_Gr_operators_MDS          |       0.092|      6|       0.015|       0.023|
slv : | create_Gr_operators_portrait_MDS |       0.043|      6|       0.007|       0.009|
slv : | init_Hy_group_MDS                |       0.089|      6|       0.015|       0.019|
slv : | perform_stage_total              |       2.624|    170|       0.015|       0.372|
slv : | precalc_at_start_MDS             |       0.666|      2|       0.333|       0.637|
slv : | solve_3M_MDS                     |       0.220|      6|       0.037|       0.046|
slv : | solve_3M_alg_MDS                 |       0.049|      6|       0.008|       0.011|
slv : | solve_BG_MDS                     |       0.240|      6|       0.040|       0.042|
slv : | solve_BG_alg_MDS                 |       0.181|      6|       0.030|       0.033|
slv : | solve_BL_MDS                     |       0.090|      6|       0.015|       0.019|
slv : | solve_CHT                        |       0.189|      6|       0.031|       0.039|
slv : | solve_CHT_MDS                    |       0.126|      6|       0.021|       0.024|
slv : | solve_CHT_alg_MDS                |       0.030|      6|       0.005|       0.007|
slv : | solve_DvGr_MDS                   |       0.558|      6|       0.093|       0.159|
slv : | solve_DvGr_alg_MDS               |       0.217|      6|       0.036|       0.068|
slv : | solve_INPR_MDS                   |       0.000|      1|       0.000|       0.000|
slv : | solve_PS+QJ                      |       0.000|      0|       0.000|       0.000|
slv : | solve_YLMA_MDS                   |       0.000|      6|       0.000|       0.000|
slv : | solve_YNOx_MDS                   |       0.000|      6|       0.000|       0.000|
slv : | solve_YTd_MDS                    |       0.000|      6|       0.000|       0.000|
slv : | solve_YTurb_MDS                  |       0.652|      6|       0.109|       0.138|
slv : | solve_YTurb_alg_MDS              |       0.284|     12|       0.024|       0.057|
slv : | update_BC_MDS                    |       0.000|      7|       0.000|       0.000|
slv : | update_Mf_after_DvGr             |       0.105|      6|       0.017|       0.023|
slv : | update_VelPressure_MDS           |       0.011|      6|       0.002|       0.002|
slv : +----------------------------------+------------+-------+------------+------------+
-----------------------------------------------------------------------
Memory Working Set Current = 396.77 Mb, Memory Working Set Peak = 399.78 Mb
Memory Private Bytes Current = 588.21 Mb, Memory Private Bytes Peak = 592.95 Mb
Process Threads Number: 16
-----------------------------------------------------------------------
Algebra Pool      : mem_usage = 408.44 Mb, allocated count = 1319

================== Tstep=6 ===================
<Dynamic P> on nsd = 0 {openings (inlet / outlet)}:
  (SP = Static Pressure, EP = Environment Pressure, TP = Total Pressure, E = External)
  {#0, E, (2.572789e-03 / 2.733629e+04)}
  {#1, E, (7.176232e-03 / 2.733514e+04)}
  {#2, E, (0.000000e+00 / 2.733804e+04)}
  {#3, E, (2.733834e+04 / 0.000000e+00)}
  {#4, E, (2.164483e-06 / 2.733838e+04)}
  {#5, E, (8.490212e-05 / 2.733787e+04)}
  MWS[  0]=12.5638
tau_viscous_averaged = 60.0504 
dt(mass,momentum; nsd=  0): min dt/dtG(ncv=  20032)=0.88 , max dt/dtG(ncv=  20149)=3.8    , dtG=4.78761e-05
Flow alg-view 0 in phys-view 0 isn't Neumann (not Multi Phase treating)
Face Momentum (sd=  0): max value of div(mf) (cv=66502) = 9.120059e-03
Flow alg-view 0 is not Neumann (not for Phase Change + Nested Iters)
+----+----+--------------+--------------+--------------+--------------+--------------+------+----+-+-+--+------+
|Name|view| Initial res  | Initial resL1| Target res   | Final res    | Final res L1 |Visits|Iter|R|F|CL|Status|
| BG |   0|  3.592110e-03|  5.951911e+00|  5.039353e-09|  3.958569e-09|  6.936639e-03|    11|  33|0|n|30|  OK  |
Face Momentum (sd=  0): max value of div(mf) (cv=66507) = 2.105218e-03
	norm_L2 of div(momentum) = 2.829830e-02.
Flow alg-view 0 in phys-view 0 isn't Neumann (not Multi Phase treating)
LOG: number of a-faces with weighted approximations in 0 subdomain: 6.32844 percent
LOG: Rate of a-faces corrected to CUp1st in 0 subdomain: 0.156151 %
slv : SolveBL stage
|nsd|Real WF|NormalF|Cycle F|CriticF| EdgeF |CyclBrF|ExtParF|RWFnumSt|StLvlNum|  nfw  |  alp_U_min  |  nfw  |  alp_U_max  |  nfw  |  alp_T_min  |  nfw  |  alp_T_max  |  nfw  |  BL_s_min   |  nfw  |   BL_s_max  |
|  0|   2054|   1834|      4|      4|    212|      0|      0|    2050|      66|   3989|0            |  12042|27.9873      |   4067|0.0163964    |   3983|14899.3      |  12933|-35003.1     |   3978|0            |
LOG nsd = 0: numb_of_convergent=8, numb_of_divergent=0
Face Momentum (sd=  0): max value of div(mf) (cv=66507) = 2.105218e-03
	norm_L2 of div(momentum) = 2.829830e-02.
nsd = 0 BC: AP Inlet occurs on 3278 w-faces
+----+----+----+--------------+--------------+--------------+--------------+--------------+------+----+-+-+--+------+
|Name|view| n_y| Initial res  | Initial resL1| Target res   | Final res    | Final res L1 |Visits|Iter|R|F|CL|Status|
+----+----+----+--------------+--------------+--------------+--------------+--------------+------+----+-+-+--+------+
| 3M |   0|   0|  4.629790e+03|  1.012836e+04|  4.573132e-02|  3.897640e-04|  2.086850e-01|     1|   3|0|n|29|  OK  |
Velocity (predicted):
        (local) sd   0: min(  20137)=4.0987296853373      , max(   9482)=251.56461265656      
Flow alg-view 0 is not Neumann (not for Phase Change + Nested Iters)
+----+----+--------------+--------------+--------------+--------------+--------------+------+----+-+-+--+------+
|Name|view| Initial res  | Initial resL1| Target res   | Final res    | Final res L1 |Visits|Iter|R|F|CL|Status|
|DVGR|   0|  2.131748e-02|  9.953219e+00|  5.039353e-09|  1.594172e-09|  3.941904e-03|     7|  21|0|n|30|  OK  |
Filter(LC, geom_index=  0): isolating pressure from zero=12 (in AUSM_cvs=0)
Filter(LC, geom_index=  0): isolating pressure from infinity =20 (in AUSM_cvs=0)
PRESSURE SOLVER(geom_index=  0): sum_C_dp=-0.368505
Face Momentum (sd=  0): max value of div(mf) (cv=66502) = 8.073527e-03
	norm_L2 of div(momentum) = 4.918516e-02.
nsd = 0 min_dtHy = 4.2351e-05 (nCV =	20032 ) max_dtHy = 0.000180585 (nCV =	20149 ) 
+----+----+--------------+--------------+--------------+--------------+--------------+------+----+-+-+--+------+
|Name|view| Initial res  | Initial resL1| Target res   | Final res    | Final res L1 |Visits|Iter|R|F|CL|Status|
|CHT |   0|  4.235474e+03|  1.273348e+03|  2.647171e-01|  5.904592e-19|  1.447349e-07|     1|   9|0|n|30|  OK  |
nsd = 0 min_dtke = 3.64153e-05 (nCV =	20032 ) max_dtke = 0.000128447 (nCV =	77934 ) 
+----+----+----+--------------+--------------+--------------+--------------+--------------+------+----+-+-+--+------+
|Name|view| n_y| Initial res  | Initial resL1| Target res   | Final res    | Final res L1 |Visits|Iter|R|F|CL|Status|
+----+----+----+--------------+--------------+--------------+--------------+--------------+------+----+-+-+--+------+
|turb|   0|   0|  1.952257e+05|  8.607487e+03|  7.065600e-04|  1.152381e-04|  2.021249e-01|     2|  12|0|n|30|  OK  |
|turb|   0|   1|  3.819033e+10|  4.085838e+06|  1.771431e+00|  2.736000e-04|  3.581116e-01|     3|  18|0|n|30|  OK  |
Filter: K,E,momentum: sd =   0 isolating K from zero=      0 E from zero=    739 E from infinity=      0
slv : Fluid subdom(new) 0
slv : P static (new)                 : min(  20124) = 79504.521707117      , max(   9492) = 182388.77847209      
slv : Density (new)                  : min(  20124) = 0.88324701125723     , max(   9492) = 2.0713011241439      
slv : Velocity (new)                 : min(  20137) = 2.7598565312954      , max(  20185) = 247.92320153848      
slv : Mach number (new)              : min(  20137) = 0.0077750355109347   , max(  20185) = 0.73541325368241     
slv : Turbulent k (new)              : min(  20281) = 0.045568938371501    , max(  10402) = 505.16475022269      
slv : Turbulent e (new)              : min(  75252) = 0.028643354149658    , max(  10402) = 455004.13037525      
slv : Temperature (new)              : min(  20249) = 282.93715950015      , max(  20153) = 313.83820367247      
slv : Total enthalpy, Y-shifted (new): min(  20238) = 20697.502915708      , max(  71734) = 20867.468343018      
slv : MASS FLUXES AT OPENINGS: MF=-314.857, AP=315.226
slv : DvGr statistics: min alpha=0.0754005(nfa=208855, geom_slice=0)
slv : +----------------------------------+------------+-------+------------+------------+
slv : |          Collector name          | Total Time | Count |  Avg Time  |  Max Time  |
slv : +----------------------------------+------------+-------+------------+------------+
slv : | Calculate_inc                    |       2.719|      6|       0.453|       0.628|
slv : | CollectEMT_Results               |       0.000|      7|       0.000|       0.000|
slv : | HeatPathCalculator_Dynamic       |       0.021|      1|       0.021|       0.021|
slv : | LiSy_make_portrait               |       0.140|     47|       0.003|       0.017|
slv : | Results_processing               |       0.318|      6|       0.053|       0.063|
slv : | build_sl_ordering_CHT            |       0.015|      7|       0.002|       0.006|
slv : | build_sl_ordering_MDS            |       0.070|      7|       0.010|       0.019|
slv : | build_sl_ordering_fluid          |       0.070|      7|       0.010|       0.019|
slv : | calc_Convolutions_MDS            |       0.102|      7|       0.015|       0.022|
slv : | calc_wall_dist                   |       0.372|      1|       0.372|       0.372|
slv : | create_Gr_operators_MDS          |       0.106|      7|       0.015|       0.023|
slv : | create_Gr_operators_portrait_MDS |       0.050|      7|       0.007|       0.009|
slv : | init_Hy_group_MDS                |       0.104|      7|       0.015|       0.019|
slv : | perform_stage_total              |       2.967|    197|       0.015|       0.372|
slv : | precalc_at_start_MDS             |       0.666|      2|       0.333|       0.637|
slv : | solve_3M_MDS                     |       0.257|      7|       0.037|       0.046|
slv : | solve_3M_alg_MDS                 |       0.058|      7|       0.008|       0.011|
slv : | solve_BG_MDS                     |       0.281|      7|       0.040|       0.042|
slv : | solve_BG_alg_MDS                 |       0.211|      7|       0.030|       0.033|
slv : | solve_BL_MDS                     |       0.104|      7|       0.015|       0.019|
slv : | solve_CHT                        |       0.216|      7|       0.031|       0.039|
slv : | solve_CHT_MDS                    |       0.146|      7|       0.021|       0.024|
slv : | solve_CHT_alg_MDS                |       0.035|      7|       0.005|       0.007|
slv : | solve_DvGr_MDS                   |       0.640|      7|       0.091|       0.159|
slv : | solve_DvGr_alg_MDS               |       0.249|      7|       0.036|       0.068|
slv : | solve_INPR_MDS                   |       0.000|      1|       0.000|       0.000|
slv : | solve_PS+QJ                      |       0.000|      0|       0.000|       0.000|
slv : | solve_YLMA_MDS                   |       0.000|      7|       0.000|       0.000|
slv : | solve_YNOx_MDS                   |       0.000|      7|       0.000|       0.000|
slv : | solve_YTd_MDS                    |       0.000|      7|       0.000|       0.000|
slv : | solve_YTurb_MDS                  |       0.761|      7|       0.109|       0.138|
slv : | solve_YTurb_alg_MDS              |       0.332|     14|       0.024|       0.057|
slv : | update_BC_MDS                    |       0.000|      8|       0.000|       0.000|
slv : | update_Mf_after_DvGr             |       0.115|      7|       0.016|       0.023|
slv : | update_VelPressure_MDS           |       0.013|      7|       0.002|       0.002|
slv : +----------------------------------+------------+-------+------------+------------+
-----------------------------------------------------------------------
Memory Working Set Current = 397.76 Mb, Memory Working Set Peak = 399.78 Mb
Memory Private Bytes Current = 575.86 Mb, Memory Private Bytes Peak = 592.95 Mb
Process Threads Number: 16
-----------------------------------------------------------------------
Algebra Pool      : mem_usage = 408.44 Mb, allocated count = 1319

================== Tstep=7 ===================
<Dynamic P> on nsd = 0 {openings (inlet / outlet)}:
  (SP = Static Pressure, EP = Environment Pressure, TP = Total Pressure, E = External)
  {#0, E, (3.165307e-02 / 2.733338e+04)}
  {#1, E, (6.592615e-02 / 2.733219e+04)}
  {#2, E, (0.000000e+00 / 2.733429e+04)}
  {#3, E, (2.733687e+04 / 0.000000e+00)}
  {#4, E, (2.092128e-04 / 2.733755e+04)}
  {#5, E, (2.944867e-03 / 2.733576e+04)}
  MWS[  0]=8.29029
tau_viscous_averaged = 60.1858 
dt(mass,momentum; nsd=  0): min dt/dtG(ncv=  20032)=0.93 , max dt/dtG(ncv=  20156)=4.3    , dtG=5.02794e-05
Flow alg-view 0 in phys-view 0 isn't Neumann (not Multi Phase treating)
Face Momentum (sd=  0): max value of div(mf) (cv=66502) = 8.073527e-03
Flow alg-view 0 is not Neumann (not for Phase Change + Nested Iters)
+----+----+--------------+--------------+--------------+--------------+--------------+------+----+-+-+--+------+
|Name|view| Initial res  | Initial resL1| Target res   | Final res    | Final res L1 |Visits|Iter|R|F|CL|Status|
| BG |   0|  2.419183e-03|  5.469010e+00|  6.006704e-09|  2.988964e-09|  6.140463e-03|    11|  33|0|n|30|  OK  |
Face Momentum (sd=  0): max value of div(mf) (cv=66507) = 2.276705e-03
	norm_L2 of div(momentum) = 2.411630e-02.
Flow alg-view 0 in phys-view 0 isn't Neumann (not Multi Phase treating)
LOG: number of a-faces with weighted approximations in 0 subdomain: 5.95719 percent
LOG: Rate of a-faces corrected to CUp1st in 0 subdomain: 0.152886 %
slv : SolveBL stage
|nsd|Real WF|NormalF|Cycle F|CriticF| EdgeF |CyclBrF|ExtParF|RWFnumSt|StLvlNum|  nfw  |  alp_U_min  |  nfw  |  alp_U_max  |  nfw  |  alp_T_min  |  nfw  |  alp_T_max  |  nfw  |  BL_s_min   |  nfw  |   BL_s_max  |
|  0|   2054|   1835|      0|      4|    215|      0|      0|    2054|      66|   3989|0            |   3981|99.9256      |   4067|0.0164044    |   4009|20086.4      |  12933|-29300.1     |   3978|0            |
LOG nsd = 0: numb_of_convergent=4, numb_of_divergent=0
Face Momentum (sd=  0): max value of div(mf) (cv=66507) = 2.276705e-03
	norm_L2 of div(momentum) = 2.411630e-02.
nsd = 0 BC: AP Inlet occurs on 3320 w-faces
+----+----+----+--------------+--------------+--------------+--------------+--------------+------+----+-+-+--+------+
|Name|view| n_y| Initial res  | Initial resL1| Target res   | Final res    | Final res L1 |Visits|Iter|R|F|CL|Status|
+----+----+----+--------------+--------------+--------------+--------------+--------------+------+----+-+-+--+------+
| 3M |   0|   0|  2.829550e+03|  9.684506e+03|  4.743603e-02|  4.375445e-04|  1.914111e-01|     1|   3|0|n|29|  OK  |
Velocity (predicted):
        (local) sd   0: min(  20137)=5.1913678344226      , max(  20185)=248.39702728093      
Flow alg-view 0 is not Neumann (not for Phase Change + Nested Iters)
+----+----+--------------+--------------+--------------+--------------+--------------+------+----+-+-+--+------+
|Name|view| Initial res  | Initial resL1| Target res   | Final res    | Final res L1 |Visits|Iter|R|F|CL|Status|
|DVGR|   0|  4.488785e-02|  8.897602e+00|  6.006704e-09|  1.265856e-09|  3.989456e-03|     7|  21|0|n|30|  OK  |
Filter(LC, geom_index=  0): isolating pressure from zero=7 (in AUSM_cvs=0)
Filter(LC, geom_index=  0): isolating pressure from infinity =20 (in AUSM_cvs=0)
PRESSURE SOLVER(geom_index=  0): sum_C_dp=-0.596794
Face Momentum (sd=  0): max value of div(mf) (cv=66502) = 6.667339e-03
	norm_L2 of div(momentum) = 3.982793e-02.
nsd = 0 min_dtHy = 4.70027e-05 (nCV =	20032 ) max_dtHy = 0.000215426 (nCV =	20156 ) 
+----+----+--------------+--------------+--------------+--------------+--------------+------+----+-+-+--+------+
|Name|view| Initial res  | Initial resL1| Target res   | Final res    | Final res L1 |Visits|Iter|R|F|CL|Status|
|CHT |   0|  3.593404e+03|  1.192041e+03|  2.245877e-01|  5.682545e-19|  1.410500e-07|     1|   9|0|n|30|  OK  |
nsd = 0 min_dtke = 3.98393e-05 (nCV =	20032 ) max_dtke = 0.0001353 (nCV =	77934 ) 
+----+----+----+--------------+--------------+--------------+--------------+--------------+------+----+-+-+--+------+
|Name|view| n_y| Initial res  | Initial resL1| Target res   | Final res    | Final res L1 |Visits|Iter|R|F|CL|Status|
+----+----+----+--------------+--------------+--------------+--------------+--------------+------+----+-+-+--+------+
|turb|   0|   0|  1.445293e+05|  7.895128e+03|  7.187117e-04|  1.146683e-04|  2.221830e-01|     2|  12|0|n|30|  OK  |
|turb|   0|   1|  2.972811e+10|  3.767011e+06|  1.874267e+00|  3.742477e-04|  4.297341e-01|     3|  18|0|n|30|  OK  |
Filter: K,E,momentum: sd =   0 isolating K from zero=      0 E from zero=    736 E from infinity=      0
slv : Fluid subdom(new) 0
slv : P static (new)                 : min(  20124) = 84912.584954401      , max(   9492) = 200627.6563193       
slv : Density (new)                  : min(  20124) = 0.94322871458745     , max(  20258) = 2.2682313988052      
slv : Velocity (new)                 : min(  20125) = 4.5933760184791      , max(  20249) = 244.3162315158       
slv : Mach number (new)              : min(  20125) = 0.012940686834241    , max(  20249) = 0.72360725431015     
slv : Turbulent k (new)              : min(  20281) = 0.049021654366461    , max(  10402) = 503.3315802897       
slv : Turbulent e (new)              : min(  69574) = 0.033119745074886    , max(  10402) = 452529.9870611       
slv : Temperature (new)              : min(  20249) = 283.80793307405      , max(  20125) = 313.82415914628      
slv : Total enthalpy, Y-shifted (new): min(  20161) = 20661.939775557      , max(  71734) = 20877.053845818      
slv : MASS FLUXES AT OPENINGS: MF=-314.857, AP=315.455
slv : DvGr statistics: min alpha=0.0752597(nfa=208855, geom_slice=0)
slv : +----------------------------------+------------+-------+------------+------------+
slv : |          Collector name          | Total Time | Count |  Avg Time  |  Max Time  |
slv : +----------------------------------+------------+-------+------------+------------+
slv : | Calculate_inc                    |       3.132|      7|       0.447|       0.628|
slv : | CollectEMT_Results               |       0.000|      8|       0.000|       0.000|
slv : | HeatPathCalculator_Dynamic       |       0.021|      1|       0.021|       0.021|
slv : | LiSy_make_portrait               |       0.148|     51|       0.003|       0.017|
slv : | Results_processing               |       0.366|      7|       0.052|       0.063|
slv : | build_sl_ordering_CHT            |       0.015|      8|       0.002|       0.006|
slv : | build_sl_ordering_MDS            |       0.070|      8|       0.009|       0.019|
slv : | build_sl_ordering_fluid          |       0.070|      8|       0.009|       0.019|
slv : | calc_Convolutions_MDS            |       0.115|      8|       0.014|       0.022|
slv : | calc_wall_dist                   |       0.372|      1|       0.372|       0.372|
slv : | create_Gr_operators_MDS          |       0.119|      8|       0.015|       0.023|
slv : | create_Gr_operators_portrait_MDS |       0.058|      8|       0.007|       0.009|
slv : | init_Hy_group_MDS                |       0.117|      8|       0.015|       0.019|
slv : | perform_stage_total              |       3.298|    224|       0.015|       0.372|
slv : | precalc_at_start_MDS             |       0.666|      2|       0.333|       0.637|
slv : | solve_3M_MDS                     |       0.289|      8|       0.036|       0.046|
slv : | solve_3M_alg_MDS                 |       0.065|      8|       0.008|       0.011|
slv : | solve_BG_MDS                     |       0.320|      8|       0.040|       0.042|
slv : | solve_BG_alg_MDS                 |       0.241|      8|       0.030|       0.033|
slv : | solve_BL_MDS                     |       0.118|      8|       0.015|       0.019|
slv : | solve_CHT                        |       0.242|      8|       0.030|       0.039|
slv : | solve_CHT_MDS                    |       0.165|      8|       0.021|       0.024|
slv : | solve_CHT_alg_MDS                |       0.038|      8|       0.005|       0.007|
slv : | solve_DvGr_MDS                   |       0.722|      8|       0.090|       0.159|
slv : | solve_DvGr_alg_MDS               |       0.283|      8|       0.035|       0.068|
slv : | solve_INPR_MDS                   |       0.000|      1|       0.000|       0.000|
slv : | solve_PS+QJ                      |       0.000|      0|       0.000|       0.000|
slv : | solve_YLMA_MDS                   |       0.000|      8|       0.000|       0.000|
slv : | solve_YNOx_MDS                   |       0.000|      8|       0.000|       0.000|
slv : | solve_YTd_MDS                    |       0.000|      8|       0.000|       0.000|
slv : | solve_YTurb_MDS                  |       0.868|      8|       0.108|       0.138|
slv : | solve_YTurb_alg_MDS              |       0.378|     16|       0.024|       0.057|
slv : | update_BC_MDS                    |       0.000|      9|       0.000|       0.000|
slv : | update_Mf_after_DvGr             |       0.124|      8|       0.016|       0.023|
slv : | update_VelPressure_MDS           |       0.015|      8|       0.002|       0.002|
slv : +----------------------------------+------------+-------+------------+------------+
-----------------------------------------------------------------------
Memory Working Set Current = 403.28 Mb, Memory Working Set Peak = 406.05 Mb
Memory Private Bytes Current = 588.98 Mb, Memory Private Bytes Peak = 592.95 Mb
Process Threads Number: 16
-----------------------------------------------------------------------
Algebra Pool      : mem_usage = 408.44 Mb, allocated count = 1309

================== Tstep=8 ===================
<Dynamic P> on nsd = 0 {openings (inlet / outlet)}:
  (SP = Static Pressure, EP = Environment Pressure, TP = Total Pressure, E = External)
  {#0, E, (1.212961e-01 / 2.733172e+04)}
  {#1, E, (2.071378e-01 / 2.733145e+04)}
  {#2, E, (0.000000e+00 / 2.732365e+04)}
  {#3, E, (2.733340e+04 / 0.000000e+00)}
  {#4, E, (2.757424e-03 / 2.733579e+04)}
  {#5, E, (2.138299e-02 / 2.733310e+04)}
  MWS[  0]=7.75223
tau_viscous_averaged = 60.2704 
dt(mass,momentum; nsd=  0): min dt/dtG(ncv=  20234)=0.96 , max dt/dtG(ncv=  20129)=4.0    , dtG=5.10848e-05
Flow alg-view 0 in phys-view 0 isn't Neumann (not Multi Phase treating)
Face Momentum (sd=  0): max value of div(mf) (cv=66502) = 6.667339e-03
Flow alg-view 0 is not Neumann (not for Phase Change + Nested Iters)
+----+----+--------------+--------------+--------------+--------------+--------------+------+----+-+-+--+------+
|Name|view| Initial res  | Initial resL1| Target res   | Final res    | Final res L1 |Visits|Iter|R|F|CL|Status|
| BG |   0|  1.586285e-03|  4.605225e+00|  6.535199e-09|  6.218354e-09|  9.300655e-03|    10|  30|0|n|30|  OK  |
Face Momentum (sd=  0): max value of div(mf) (cv=66506) = 2.329690e-03
	norm_L2 of div(momentum) = 2.244856e-02.
Flow alg-view 0 in phys-view 0 isn't Neumann (not Multi Phase treating)
LOG: number of a-faces with weighted approximations in 0 subdomain: 5.83526 percent
LOG: Rate of a-faces corrected to CUp1st in 0 subdomain: 0.162926 %
slv : SolveBL stage
|nsd|Real WF|NormalF|Cycle F|CriticF| EdgeF |CyclBrF|ExtParF|RWFnumSt|StLvlNum|  nfw  |  alp_U_min  |  nfw  |  alp_U_max  |  nfw  |  alp_T_min  |  nfw  |  alp_T_max  |  nfw  |  BL_s_min   |  nfw  |   BL_s_max  |
|  0|   2054|   1835|      2|      4|    213|      0|      0|    2052|      67|   3989|0            |   4074|53.6599      |   4242|0.0154577    |   4045|13671.8      |  12933|-27792.1     |   3978|0            |
LOG nsd = 0: numb_of_convergent=4, numb_of_divergent=0
Face Momentum (sd=  0): max value of div(mf) (cv=66506) = 2.329690e-03
	norm_L2 of div(momentum) = 2.244856e-02.
nsd = 0 BC: AP Inlet occurs on 3374 w-faces
+----+----+----+--------------+--------------+--------------+--------------+--------------+------+----+-+-+--+------+
|Name|view| n_y| Initial res  | Initial resL1| Target res   | Final res    | Final res L1 |Visits|Iter|R|F|CL|Status|
+----+----+----+--------------+--------------+--------------+--------------+--------------+------+----+-+-+--+------+
| 3M |   0|   0|  1.933918e+03|  8.732324e+03|  5.214472e-02|  5.116128e-04|  1.896124e-01|     1|   3|0|n|29|  OK  |
Velocity (predicted):
        (local) sd   0: min(  20125)=6.5946716552783      , max(  20185)=244.60696635254      
Flow alg-view 0 is not Neumann (not for Phase Change + Nested Iters)
+----+----+--------------+--------------+--------------+--------------+--------------+------+----+-+-+--+------+
|Name|view| Initial res  | Initial resL1| Target res   | Final res    | Final res L1 |Visits|Iter|R|F|CL|Status|
|DVGR|   0|  1.309302e-02|  7.577283e+00|  6.535199e-09|  4.972644e-09|  9.860540e-03|     6|  18|0|n|30|  OK  |
Filter(LC, geom_index=  0): isolating pressure from infinity =28 (in AUSM_cvs=0)
PRESSURE SOLVER(geom_index=  0): sum_C_dp=-0.676499
Face Momentum (sd=  0): max value of div(mf) (cv=66500) = 5.242880e-03
	norm_L2 of div(momentum) = 3.342234e-02.
nsd = 0 min_dtHy = 4.89806e-05 (nCV =	20234 ) max_dtHy = 0.000205952 (nCV =	20129 ) 
+----+----+--------------+--------------+--------------+--------------+--------------+------+----+-+-+--+------+
|Name|view| Initial res  | Initial resL1| Target res   | Final res    | Final res L1 |Visits|Iter|R|F|CL|Status|
|CHT |   0|  3.646937e+03|  1.214962e+03|  2.279336e-01|  5.672512e-19|  1.414569e-07|     1|   9|0|n|30|  OK  |
nsd = 0 min_dtke = 4.19786e-05 (nCV =	20032 ) max_dtke = 0.000136217 (nCV =	77934 ) 
+----+----+----+--------------+--------------+--------------+--------------+--------------+------+----+-+-+--+------+
|Name|view| n_y| Initial res  | Initial resL1| Target res   | Final res    | Final res L1 |Visits|Iter|R|F|CL|Status|
+----+----+----+--------------+--------------+--------------+--------------+--------------+------+----+-+-+--+------+
|turb|   0|   0|  1.152667e+05|  7.228735e+03|  7.668579e-04|  9.069565e-05|  2.173260e-01|     2|  12|0|n|30|  OK  |
|turb|   0|   1|  2.408450e+10|  3.450130e+06|  2.073470e+00|  3.436424e-04|  4.193089e-01|     3|  18|0|n|30|  OK  |
Filter: K,E,momentum: sd =   0 isolating K from zero=      0 E from zero=    589 E from infinity=      0
slv : Fluid subdom(new) 0
slv : P static (new)                 : min(   9467) = 87486.60360869       , max(   9492) = 220690.42195123      
slv : Density (new)                  : min(  20124) = 0.98274760799145     , max(  20258) = 2.4854563240466      
slv : Velocity (new)                 : min(  20124) = 7.5895657835364      , max(   9482) = 240.99511290092      
slv : Mach number (new)              : min(  20124) = 0.021391365266758    , max(   9482) = 0.71276572662292     
slv : Turbulent k (new)              : min(  20279) = 0.051351662288908    , max(  21420) = 501.48183105229      
slv : Turbulent e (new)              : min(  69574) = 0.036330926086932    , max(  21420) = 450037.9881556       
slv : Temperature (new)              : min(   9482) = 284.60895950245      , max(  20125) = 313.79905327697      
slv : Total enthalpy, Y-shifted (new): min(  20161) = 20618.783915997      , max(  71734) = 20883.511674503      
slv : MASS FLUXES AT OPENINGS: MF=-314.857, AP=315.535
slv : DvGr statistics: min alpha=0.0752357(nfa=208855, geom_slice=0)
slv : +----------------------------------+------------+-------+------------+------------+
slv : |          Collector name          | Total Time | Count |  Avg Time  |  Max Time  |
slv : +----------------------------------+------------+-------+------------+------------+
slv : | Calculate_inc                    |       3.530|      8|       0.441|       0.628|
slv : | CollectEMT_Results               |       0.000|      9|       0.000|       0.000|
slv : | HeatPathCalculator_Dynamic       |       0.021|      1|       0.021|       0.021|
slv : | LiSy_make_portrait               |       0.158|     55|       0.003|       0.017|
slv : | Results_processing               |       0.414|      8|       0.052|       0.063|
slv : | build_sl_ordering_CHT            |       0.015|      9|       0.002|       0.006|
slv : | build_sl_ordering_MDS            |       0.070|      9|       0.008|       0.019|
slv : | build_sl_ordering_fluid          |       0.070|      9|       0.008|       0.019|
slv : | calc_Convolutions_MDS            |       0.128|      9|       0.014|       0.022|
slv : | calc_wall_dist                   |       0.372|      1|       0.372|       0.372|
slv : | create_Gr_operators_MDS          |       0.132|      9|       0.015|       0.023|
slv : | create_Gr_operators_portrait_MDS |       0.065|      9|       0.007|       0.009|
slv : | init_Hy_group_MDS                |       0.130|      9|       0.014|       0.019|
slv : | perform_stage_total              |       3.625|    251|       0.014|       0.372|
slv : | precalc_at_start_MDS             |       0.666|      2|       0.333|       0.637|
slv : | solve_3M_MDS                     |       0.325|      9|       0.036|       0.046|
slv : | solve_3M_alg_MDS                 |       0.073|      9|       0.008|       0.011|
slv : | solve_BG_MDS                     |       0.357|      9|       0.040|       0.042|
slv : | solve_BG_alg_MDS                 |       0.267|      9|       0.030|       0.033|
slv : | solve_BL_MDS                     |       0.132|      9|       0.015|       0.019|
slv : | solve_CHT                        |       0.270|      9|       0.030|       0.039|
slv : | solve_CHT_MDS                    |       0.186|      9|       0.021|       0.024|
slv : | solve_CHT_alg_MDS                |       0.043|      9|       0.005|       0.007|
slv : | solve_DvGr_MDS                   |       0.800|      9|       0.089|       0.159|
slv : | solve_DvGr_alg_MDS               |       0.315|      9|       0.035|       0.068|
slv : | solve_INPR_MDS                   |       0.000|      1|       0.000|       0.000|
slv : | solve_PS+QJ                      |       0.000|      0|       0.000|       0.000|
slv : | solve_YLMA_MDS                   |       0.000|      9|       0.000|       0.000|
slv : | solve_YNOx_MDS                   |       0.000|      9|       0.000|       0.000|
slv : | solve_YTd_MDS                    |       0.000|      9|       0.000|       0.000|
slv : | solve_YTurb_MDS                  |       0.975|      9|       0.108|       0.138|
slv : | solve_YTurb_alg_MDS              |       0.424|     18|       0.024|       0.057|
slv : | update_BC_MDS                    |       0.000|     10|       0.000|       0.000|
slv : | update_Mf_after_DvGr             |       0.134|      9|       0.015|       0.023|
slv : | update_VelPressure_MDS           |       0.016|      9|       0.002|       0.002|
slv : +----------------------------------+------------+-------+------------+------------+
-----------------------------------------------------------------------
Memory Working Set Current = 403.09 Mb, Memory Working Set Peak = 406.21 Mb
Memory Private Bytes Current = 588.27 Mb, Memory Private Bytes Peak = 592.95 Mb
Process Threads Number: 16
-----------------------------------------------------------------------
Algebra Pool      : mem_usage = 408.44 Mb, allocated count = 1316

================== Tstep=9 ===================
<Dynamic P> on nsd = 0 {openings (inlet / outlet)}:
  (SP = Static Pressure, EP = Environment Pressure, TP = Total Pressure, E = External)
  {#0, E, (2.524746e-01 / 2.733253e+04)}
  {#1, E, (3.745303e-01 / 2.733323e+04)}
  {#2, E, (0.000000e+00 / 2.730717e+04)}
  {#3, E, (2.732858e+04 / 0.000000e+00)}
  {#4, E, (1.350824e-02 / 2.733394e+04)}
  {#5, E, (6.902442e-02 / 2.733202e+04)}
  MWS[  0]=7.70952
tau_viscous_averaged = 60.4617 
dt(mass,momentum; nsd=  0): min dt/dtG(ncv=  20031)=0.97 , max dt/dtG(ncv=  20156)=4.3    , dtG=5.168e-05
Flow alg-view 0 in phys-view 0 isn't Neumann (not Multi Phase treating)
Face Momentum (sd=  0): max value of div(mf) (cv=66500) = 5.242880e-03
Flow alg-view 0 is not Neumann (not for Phase Change + Nested Iters)
+----+----+--------------+--------------+--------------+--------------+--------------+------+----+-+-+--+------+
|Name|view| Initial res  | Initial resL1| Target res   | Final res    | Final res L1 |Visits|Iter|R|F|CL|Status|
| BG |   0|  1.117082e-03|  4.174790e+00|  6.710883e-09|  3.664223e-09|  7.700835e-03|    10|  30|0|n|30|  OK  |
Face Momentum (sd=  0): max value of div(mf) (cv=66500) = 2.002992e-03
	norm_L2 of div(momentum) = 2.224403e-02.
Flow alg-view 0 in phys-view 0 isn't Neumann (not Multi Phase treating)
LOG: number of a-faces with weighted approximations in 0 subdomain: 5.77556 percent
LOG: Rate of a-faces corrected to CUp1st in 0 subdomain: 0.166641 %
slv : SolveBL stage
|nsd|Real WF|NormalF|Cycle F|CriticF| EdgeF |CyclBrF|ExtParF|RWFnumSt|StLvlNum|  nfw  |  alp_U_min  |  nfw  |  alp_U_max  |  nfw  |  alp_T_min  |  nfw  |  alp_T_max  |  nfw  |  BL_s_min   |  nfw  |   BL_s_max  |
|  0|   2054|   1836|      0|      6|    212|      0|      0|    2054|      67|   3989|0            |   4074|24.524       |   4067|0.0164094    |   4071|5632.67      |  12033|-30342.1     |   3978|0            |
LOG nsd = 0: numb_of_convergent=4, numb_of_divergent=0
Face Momentum (sd=  0): max value of div(mf) (cv=66500) = 2.002992e-03
	norm_L2 of div(momentum) = 2.224403e-02.
nsd = 0 BC: AP Inlet occurs on 3480 w-faces
+----+----+----+--------------+--------------+--------------+--------------+--------------+------+----+-+-+--+------+
|Name|view| n_y| Initial res  | Initial resL1| Target res   | Final res    | Final res L1 |Visits|Iter|R|F|CL|Status|
+----+----+----+--------------+--------------+--------------+--------------+--------------+------+----+-+-+--+------+
| 3M |   0|   0|  1.435242e+03|  7.446336e+03|  5.504309e-02|  3.454733e-04|  1.686094e-01|     1|   3|0|n|29|  OK  |
Velocity (predicted):
        (local) sd   0: min(  20124)=9.9038346324636      , max(   9482)=241.43829460445      
Flow alg-view 0 is not Neumann (not for Phase Change + Nested Iters)
+----+----+--------------+--------------+--------------+--------------+--------------+------+----+-+-+--+------+
|Name|view| Initial res  | Initial resL1| Target res   | Final res    | Final res L1 |Visits|Iter|R|F|CL|Status|
|DVGR|   0|  8.543730e-03|  6.989028e+00|  6.710883e-09|  2.630708e-09|  7.199875e-03|     6|  18|0|n|30|  OK  |
Filter(LC, geom_index=  0): isolating pressure from infinity =28 (in AUSM_cvs=0)
PRESSURE SOLVER(geom_index=  0): sum_C_dp=-0.581971
Face Momentum (sd=  0): max value of div(mf) (cv=66500) = 3.269044e-03
	norm_L2 of div(momentum) = 2.946228e-02.
nsd = 0 min_dtHy = 5.02341e-05 (nCV =	20031 ) max_dtHy = 0.000221344 (nCV =	20156 ) 
+----+----+--------------+--------------+--------------+--------------+--------------+------+----+-+-+--+------+
|Name|view| Initial res  | Initial resL1| Target res   | Final res    | Final res L1 |Visits|Iter|R|F|CL|Status|
|CHT |   0|  3.692602e+03|  1.213738e+03|  2.307876e-01|  5.668135e-19|  1.407827e-07|     1|   9|0|n|30|  OK  |
nsd = 0 min_dtke = 4.22576e-05 (nCV =	20046 ) max_dtke = 0.000136294 (nCV =	77934 ) 
+----+----+----+--------------+--------------+--------------+--------------+--------------+------+----+-+-+--+------+
|Name|view| n_y| Initial res  | Initial resL1| Target res   | Final res    | Final res L1 |Visits|Iter|R|F|CL|Status|
+----+----+----+--------------+--------------+--------------+--------------+--------------+------+----+-+-+--+------+
|turb|   0|   0|  9.408557e+04|  6.776597e+03|  7.868790e-04|  1.649986e-04|  2.613260e-01|     2|  12|0|n|30|  OK  |
|turb|   0|   1|  2.013239e+10|  3.224231e+06|  2.155510e+00|  4.569847e-04|  4.735857e-01|     3|  18|0|n|30|  OK  |
Filter: K,E,momentum: sd =   0 isolating K from zero=      0 E from zero=    556 E from infinity=      0
slv : Fluid subdom(new) 0
slv : P static (new)                 : min(  20056) = 88592.713251273      , max(   9492) = 242759.46414635      
slv : Density (new)                  : min(  20056) = 1.0026744432475      , max(  20258) = 2.7248342685406      
slv : Velocity (new)                 : min(  20124) = 5.2943664354619      , max(  20063) = 238.52761257036      
slv : Mach number (new)              : min(  20124) = 0.014923033103775    , max(  20063) = 0.70474256117106     
slv : Turbulent k (new)              : min(   3937) = 0.051373606415827    , max(  21433) = 499.61119458782      
slv : Turbulent e (new)              : min(  69578) = 0.041233298030968    , max(  20159) = 451658.77451408      
slv : Temperature (new)              : min(  20063) = 285.19508385626      , max(  20125) = 313.77769865718      
slv : Total enthalpy, Y-shifted (new): min(  20161) = 20579.504660696      , max(  71734) = 20887.499045145      
slv : MASS FLUXES AT OPENINGS: MF=-314.857, AP=315.44
slv : DvGr statistics: min alpha=0.0751982(nfa=208855, geom_slice=0)
slv : +----------------------------------+------------+-------+------------+------------+
slv : |          Collector name          | Total Time | Count |  Avg Time  |  Max Time  |
slv : +----------------------------------+------------+-------+------------+------------+
slv : | Calculate_inc                    |       3.925|      9|       0.436|       0.628|
slv : | CollectEMT_Results               |       0.000|     10|       0.000|       0.000|
slv : | HeatPathCalculator_Dynamic       |       0.021|      1|       0.021|       0.021|
slv : | LiSy_make_portrait               |       0.166|     59|       0.003|       0.017|
slv : | Results_processing               |       0.475|      9|       0.053|       0.063|
slv : | build_sl_ordering_CHT            |       0.015|     10|       0.002|       0.006|
slv : | build_sl_ordering_MDS            |       0.071|     10|       0.007|       0.019|
slv : | build_sl_ordering_fluid          |       0.071|     10|       0.007|       0.019|
slv : | calc_Convolutions_MDS            |       0.141|     10|       0.014|       0.022|
slv : | calc_wall_dist                   |       0.372|      1|       0.372|       0.372|
slv : | create_Gr_operators_MDS          |       0.146|     10|       0.015|       0.023|
slv : | create_Gr_operators_portrait_MDS |       0.072|     10|       0.007|       0.009|
slv : | init_Hy_group_MDS                |       0.143|     10|       0.014|       0.019|
slv : | perform_stage_total              |       3.949|    278|       0.014|       0.372|
slv : | precalc_at_start_MDS             |       0.666|      2|       0.333|       0.637|
slv : | solve_3M_MDS                     |       0.357|     10|       0.036|       0.046|
slv : | solve_3M_alg_MDS                 |       0.081|     10|       0.008|       0.011|
slv : | solve_BG_MDS                     |       0.395|     10|       0.039|       0.042|
slv : | solve_BG_alg_MDS                 |       0.294|     10|       0.029|       0.033|
slv : | solve_BL_MDS                     |       0.146|     10|       0.015|       0.019|
slv : | solve_CHT                        |       0.297|     10|       0.030|       0.039|
slv : | solve_CHT_MDS                    |       0.205|     10|       0.020|       0.024|
slv : | solve_CHT_alg_MDS                |       0.047|     10|       0.005|       0.007|
slv : | solve_DvGr_MDS                   |       0.876|     10|       0.088|       0.159|
slv : | solve_DvGr_alg_MDS               |       0.345|     10|       0.035|       0.068|
slv : | solve_INPR_MDS                   |       0.000|      1|       0.000|       0.000|
slv : | solve_PS+QJ                      |       0.000|      0|       0.000|       0.000|
slv : | solve_YLMA_MDS                   |       0.000|     10|       0.000|       0.000|
slv : | solve_YNOx_MDS                   |       0.000|     10|       0.000|       0.000|
slv : | solve_YTd_MDS                    |       0.000|     10|       0.000|       0.000|
slv : | solve_YTurb_MDS                  |       1.079|     10|       0.108|       0.138|
slv : | solve_YTurb_alg_MDS              |       0.470|     20|       0.024|       0.057|
slv : | update_BC_MDS                    |       0.000|     11|       0.000|       0.000|
slv : | update_Mf_after_DvGr             |       0.143|     10|       0.014|       0.023|
slv : | update_VelPressure_MDS           |       0.019|     10|       0.002|       0.002|
slv : +----------------------------------+------------+-------+------------+------------+
Interpolator cache: total calls 6950, optimised calls 2818 (40.5 %)
-----------------------------------------------------------------------
Memory Working Set Current = 403.33 Mb, Memory Working Set Peak = 406.21 Mb
Memory Private Bytes Current = 588.42 Mb, Memory Private Bytes Peak = 592.95 Mb
Process Threads Number: 16
-----------------------------------------------------------------------
Iteration : time = 2.2808 , count = 5 , time/count = 0.45616
Calculate_inc() : time = 1.98975 , count = 5 , time/count = 0.397951
TreatFlowEvolution() : time = 0.256879 , count = 5 , time/count = 0.0513758
SolverPreview : time = 0 , count = 5 , time/count = 0
TreatGoals : time = 0.250323 , count = 5 , time/count = 0.0500646
Algebra Pool      : mem_usage = 408.44 Mb, allocated count = 1316

================== Tstep=10 ===================
<Dynamic P> on nsd = 0 {openings (inlet / outlet)}:
  (SP = Static Pressure, EP = Environment Pressure, TP = Total Pressure, E = External)
  {#0, E, (3.630362e-01 / 2.733506e+04)}
  {#1, E, (4.808073e-01 / 2.733612e+04)}
  {#2, E, (0.000000e+00 / 2.729040e+04)}
  {#3, E, (2.732360e+04 / 0.000000e+00)}
  {#4, E, (3.702661e-02 / 2.733330e+04)}
  {#5, E, (1.347291e-01 / 2.733347e+04)}
  MWS[  0]=7.69693
tau_viscous_averaged = 60.5734 
dt(mass,momentum; nsd=  0): min dt/dtG(ncv=  20234)=0.98 , max dt/dtG(ncv=  20156)=4.0    , dtG=7.82255e-05
Flow alg-view 0 in phys-view 0 isn't Neumann (not Multi Phase treating)
Face Momentum (sd=  0): max value of div(mf) (cv=66500) = 3.269044e-03
Flow alg-view 0 is not Neumann (not for Phase Change + Nested Iters)
+----+----+--------------+--------------+--------------+--------------+--------------+------+----+-+-+--+------+
|Name|view| Initial res  | Initial resL1| Target res   | Final res    | Final res L1 |Visits|Iter|R|F|CL|Status|
| BG |   0|  8.681211e-04|  4.294634e+00|  1.465427e-08|  5.800437e-09|  1.181242e-02|    10|  30|0|n|30|  OK  |
Face Momentum (sd=  0): max value of div(mf) (cv=21075) = 9.559705e-04
	norm_L2 of div(momentum) = 1.795432e-02.
Flow alg-view 0 in phys-view 0 isn't Neumann (not Multi Phase treating)
LOG: number of a-faces with weighted approximations in 0 subdomain: 5.83274 percent
LOG: Rate of a-faces corrected to CUp1st in 0 subdomain: 0.19488 %
slv : SolveBL stage
|nsd|Real WF|NormalF|Cycle F|CriticF| EdgeF |CyclBrF|ExtParF|RWFnumSt|StLvlNum|  nfw  |  alp_U_min  |  nfw  |  alp_U_max  |  nfw  |  alp_T_min  |  nfw  |  alp_T_max  |  nfw  |  BL_s_min   |  nfw  |   BL_s_max  |
|  0|   2054|   1837|      4|      4|    209|      0|      0|    2050|      67|  12944|0            |   4074|46.2427      |   3978|0            |   4071|6838.72      |  12935|-25919.6     |   3978|0            |
Face Momentum (sd=  0): max value of div(mf) (cv=21075) = 9.559705e-04
	norm_L2 of div(momentum) = 1.795432e-02.
nsd = 0 BC: AP Inlet occurs on 3732 w-faces
+----+----+----+--------------+--------------+--------------+--------------+--------------+------+----+-+-+--+------+
|Name|view| n_y| Initial res  | Initial resL1| Target res   | Final res    | Final res L1 |Visits|Iter|R|F|CL|Status|
+----+----+----+--------------+--------------+--------------+--------------+--------------+------+----+-+-+--+------+
| 3M |   0|   0|  1.126336e+03|  6.009481e+03|  3.596352e-02|  2.728436e-03|  4.960315e-01|     1|   3|0|n|29|  OK  |
Velocity (predicted):
        (local) sd   0: min(  20124)=6.1093236973955      , max(  20063)=238.88233094494      
Flow alg-view 0 is not Neumann (not for Phase Change + Nested Iters)
+----+----+--------------+--------------+--------------+--------------+--------------+------+----+-+-+--+------+
|Name|view| Initial res  | Initial resL1| Target res   | Final res    | Final res L1 |Visits|Iter|R|F|CL|Status|
|DVGR|   0|  8.288643e-03|  8.184134e+00|  1.465427e-08|  4.539535e-09|  9.093667e-03|     7|  21|0|n|30|  OK  |
Filter(LC, geom_index=  0): isolating pressure from infinity =48 (in AUSM_cvs=0)
PRESSURE SOLVER(geom_index=  0): sum_C_dp=-0.262109
Face Momentum (sd=  0): max value of div(mf) (cv=21081) = 1.125024e-03
	norm_L2 of div(momentum) = 2.383228e-02.
nsd = 0 min_dtHy = 7.66749e-05 (nCV =	20234 ) max_dtHy = 0.000313628 (nCV =	20156 ) 
+----+----+--------------+--------------+--------------+--------------+--------------+------+----+-+-+--+------+
|Name|view| Initial res  | Initial resL1| Target res   | Final res    | Final res L1 |Visits|Iter|R|F|CL|Status|
|CHT |   0|  3.632284e+03|  1.279027e+03|  2.270178e-01|  4.117874e-19|  1.225668e-07|     1|   9|0|n|30|  OK  |
nsd = 0 min_dtke = 5.72736e-05 (nCV =	20255 ) max_dtke = 0.000203338 (nCV =	77934 ) 
+----+----+----+--------------+--------------+--------------+--------------+--------------+------+----+-+-+--+------+
|Name|view| n_y| Initial res  | Initial resL1| Target res   | Final res    | Final res L1 |Visits|Iter|R|F|CL|Status|
+----+----+----+--------------+--------------+--------------+--------------+--------------+------+----+-+-+--+------+
|turb|   0|   0|  7.598429e+04|  6.329751e+03|  5.063162e-04|  9.203714e-06|  7.701518e-02|     3|  18|0|n|30|  OK  |
|turb|   0|   1|  1.647497e+10|  2.993196e+06|  1.387886e+00|  8.344160e-01|  2.249312e+01|     3|  18|0|n|30|  OK  |
Filter: K,E,momentum: sd =   0 isolating K from zero=      0 E from zero=    550 E from infinity=      0
slv : Fluid subdom(new) 0
slv : P static (new)                 : min(  20056) = 89185.192355702      , max(   9492) = 267035.41056099      
slv : Density (new)                  : min(  20056) = 1.0091058041632      , max(  20258) = 2.9783753775192      
slv : Velocity (new)                 : min(  20124) = 2.7572261072193      , max(   9493) = 237.18695922267      
slv : Mach number (new)              : min(  20124) = 0.0077721475586993   , max(   9493) = 0.70039446399512     
slv : Turbulent k (new)              : min(  20229) = 0.055372651397513    , max(  21266) = 497.27479653263      
slv : Turbulent e (new)              : min(  66757) = 0.042799938634805    , max(  20159) = 529203.35563714      
slv : Temperature (new)              : min(   9493) = 285.51039082219      , max(  20125) = 313.72342220072      
slv : Total enthalpy, Y-shifted (new): min(  20161) = 20535.353999827      , max(  71734) = 20889.1129608        
slv : MASS FLUXES AT OPENINGS: MF=-314.857, AP=315.119
slv : DvGr statistics: min alpha=0.0751501(nfa=208855, geom_slice=0)
slv : +----------------------------------+------------+-------+------------+------------+
slv : |          Collector name          | Total Time | Count |  Avg Time  |  Max Time  |
slv : +----------------------------------+------------+-------+------------+------------+
slv : | Calculate_inc                    |       4.317|     10|       0.432|       0.628|
slv : | CollectEMT_Results               |       0.000|     11|       0.000|       0.000|
slv : | HeatPathCalculator_Dynamic       |       0.021|      1|       0.021|       0.021|
slv : | LiSy_make_portrait               |       0.175|     63|       0.003|       0.017|
slv : | Results_processing               |       0.524|     10|       0.052|       0.063|
slv : | build_sl_ordering_CHT            |       0.015|     11|       0.001|       0.006|
slv : | build_sl_ordering_MDS            |       0.071|     11|       0.006|       0.019|
slv : | build_sl_ordering_fluid          |       0.071|     11|       0.006|       0.019|
slv : | calc_Convolutions_MDS            |       0.153|     11|       0.014|       0.022|
slv : | calc_wall_dist                   |       0.372|      1|       0.372|       0.372|
slv : | create_Gr_operators_MDS          |       0.160|     11|       0.015|       0.023|
slv : | create_Gr_operators_portrait_MDS |       0.079|     11|       0.007|       0.009|
slv : | init_Hy_group_MDS                |       0.160|     11|       0.015|       0.019|
slv : | perform_stage_total              |       4.288|    305|       0.014|       0.372|
slv : | precalc_at_start_MDS             |       0.666|      2|       0.333|       0.637|
slv : | solve_3M_MDS                     |       0.390|     11|       0.035|       0.046|
slv : | solve_3M_alg_MDS                 |       0.089|     11|       0.008|       0.011|
slv : | solve_BG_MDS                     |       0.431|     11|       0.039|       0.042|
slv : | solve_BG_alg_MDS                 |       0.321|     11|       0.029|       0.033|
slv : | solve_BL_MDS                     |       0.160|     11|       0.015|       0.019|
slv : | solve_CHT                        |       0.325|     11|       0.030|       0.039|
slv : | solve_CHT_MDS                    |       0.227|     11|       0.021|       0.024|
slv : | solve_CHT_alg_MDS                |       0.052|     11|       0.005|       0.007|
slv : | solve_DvGr_MDS                   |       0.961|     11|       0.087|       0.159|
slv : | solve_DvGr_alg_MDS               |       0.382|     11|       0.035|       0.068|
slv : | solve_INPR_MDS                   |       0.000|      1|       0.000|       0.000|
slv : | solve_PS+QJ                      |       0.000|      0|       0.000|       0.000|
slv : | solve_YLMA_MDS                   |       0.000|     11|       0.000|       0.000|
slv : | solve_YNOx_MDS                   |       0.000|     11|       0.000|       0.000|
slv : | solve_YTd_MDS                    |       0.000|     11|       0.000|       0.000|
slv : | solve_YTurb_MDS                  |       1.190|     11|       0.108|       0.138|
slv : | solve_YTurb_alg_MDS              |       0.521|     22|       0.024|       0.057|
slv : | update_BC_MDS                    |       0.000|     12|       0.000|       0.000|
slv : | update_Mf_after_DvGr             |       0.153|     11|       0.014|       0.023|
slv : | update_VelPressure_MDS           |       0.020|     11|       0.002|       0.002|
slv : +----------------------------------+------------+-------+------------+------------+
-----------------------------------------------------------------------
Memory Working Set Current = 403.36 Mb, Memory Working Set Peak = 406.30 Mb
Memory Private Bytes Current = 588.57 Mb, Memory Private Bytes Peak = 592.95 Mb
Process Threads Number: 16
-----------------------------------------------------------------------
Algebra Pool      : mem_usage = 408.44 Mb, allocated count = 1313

================== Tstep=11 ===================
<Dynamic P> on nsd = 0 {openings (inlet / outlet)}:
  (SP = Static Pressure, EP = Environment Pressure, TP = Total Pressure, E = External)
  {#0, E, (3.788350e-01 / 2.733915e+04)}
  {#1, E, (4.591584e-01 / 2.733988e+04)}
  {#2, E, (0.000000e+00 / 2.728397e+04)}
  {#3, E, (2.731944e+04 / 0.000000e+00)}
  {#4, E, (7.327223e-02 / 2.733594e+04)}
  {#5, E, (1.806108e-01 / 2.733828e+04)}
  MWS[  0]=7.67785
tau_viscous_averaged = 60.6422 
dt(mass,momentum; nsd=  0): min dt/dtG(ncv=  20171)=0.99 , max dt/dtG(ncv=  20113)=3.9    , dtG=7.87168e-05
Flow alg-view 0 in phys-view 0 isn't Neumann (not Multi Phase treating)
Face Momentum (sd=  0): max value of div(mf) (cv=21081) = 1.125024e-03
Flow alg-view 0 is not Neumann (not for Phase Change + Nested Iters)
+----+----+--------------+--------------+--------------+--------------+--------------+------+----+-+-+--+------+
|Name|view| Initial res  | Initial resL1| Target res   | Final res    | Final res L1 |Visits|Iter|R|F|CL|Status|
| BG |   0|  5.682106e-04|  4.183969e+00|  1.452753e-08|  1.012913e-08|  1.752316e-02|     9|  27|0|n|30|  OK  |
Face Momentum (sd=  0): max value of div(mf) (cv=21308) = 1.429168e-03
	norm_L2 of div(momentum) = 1.643257e-02.
Flow alg-view 0 in phys-view 0 isn't Neumann (not Multi Phase treating)
LOG: number of a-faces with weighted approximations in 0 subdomain: 5.92145 percent
LOG: Rate of a-faces corrected to CUp1st in 0 subdomain: 0.192402 %
slv : SolveBL stage
|nsd|Real WF|NormalF|Cycle F|CriticF| EdgeF |CyclBrF|ExtParF|RWFnumSt|StLvlNum|  nfw  |  alp_U_min  |  nfw  |  alp_U_max  |  nfw  |  alp_T_min  |  nfw  |  alp_T_max  |  nfw  |  BL_s_min   |  nfw  |   BL_s_max  |
|  0|   2054|   1832|      4|      4|    214|      0|      0|    2050|      64|  12944|0            |   3981|26.3257      |   3978|0            |   4071|6217.21      |  12936|-38519.1     |   3978|0            |
Face Momentum (sd=  0): max value of div(mf) (cv=21308) = 1.429168e-03
	norm_L2 of div(momentum) = 1.643257e-02.
nsd = 0 BC: AP Inlet occurs on 3985 w-faces
+----+----+----+--------------+--------------+--------------+--------------+--------------+------+----+-+-+--+------+
|Name|view| n_y| Initial res  | Initial resL1| Target res   | Final res    | Final res L1 |Visits|Iter|R|F|CL|Status|
+----+----+----+--------------+--------------+--------------+--------------+--------------+------+----+-+-+--+------+
| 3M |   0|   0|  7.603346e+02|  4.300435e+03|  3.602700e-02|  1.687232e-03|  4.073720e-01|     1|   3|0|n|29|  OK  |
Velocity (predicted):
        (local) sd   0: min(  20124)=2.49157068708        , max(   9493)=237.51647061513      
Flow alg-view 0 is not Neumann (not for Phase Change + Nested Iters)
+----+----+--------------+--------------+--------------+--------------+--------------+------+----+-+-+--+------+
|Name|view| Initial res  | Initial resL1| Target res   | Final res    | Final res L1 |Visits|Iter|R|F|CL|Status|
|DVGR|   0|  6.805627e-03|  6.692208e+00|  1.452753e-08|  9.580621e-09|  9.298081e-03|     7|  21|0|n|30|  OK  |
Filter(LC, geom_index=  0): isolating pressure from infinity =48 (in AUSM_cvs=0)
PRESSURE SOLVER(geom_index=  0): sum_C_dp=0.0473908
Face Momentum (sd=  0): max value of div(mf) (cv=21081) = 1.298238e-03
	norm_L2 of div(momentum) = 1.812695e-02.
nsd = 0 min_dtHy = 7.79327e-05 (nCV =	20171 ) max_dtHy = 0.000307162 (nCV =	20113 ) 
+----+----+--------------+--------------+--------------+--------------+--------------+------+----+-+-+--+------+
|Name|view| Initial res  | Initial resL1| Target res   | Final res    | Final res L1 |Visits|Iter|R|F|CL|Status|
|CHT |   0|  2.412662e+03|  1.167404e+03|  1.507914e-01|  4.282692e-19|  1.239532e-07|     1|   9|0|n|30|  OK  |
nsd = 0 min_dtke = 5.79694e-05 (nCV =	20255 ) max_dtke = 0.000203387 (nCV =	77934 ) 
+----+----+----+--------------+--------------+--------------+--------------+--------------+------+----+-+-+--+------+
|Name|view| n_y| Initial res  | Initial resL1| Target res   | Final res    | Final res L1 |Visits|Iter|R|F|CL|Status|
+----+----+----+--------------+--------------+--------------+--------------+--------------+------+----+-+-+--+------+
|turb|   0|   0|  5.843113e+04|  5.861117e+03|  5.015663e-04|  2.408799e-05|  1.031476e-01|     3|  18|0|n|30|  OK  |
|turb|   0|   1|  1.265104e+10|  2.715958e+06|  1.368691e+00|  2.477102e-03|  8.613478e-01|     4|  24|0|n|30|  OK  |
Filter: K,E,momentum: sd =   0 isolating K from zero=      0 E from zero=    531 E from infinity=      0
slv : Fluid subdom(new) 0
slv : P static (new)                 : min(  20240) = 89615.232167878      , max(   9492) = 293738.95161709      
slv : Density (new)                  : min(  20240) = 1.0138010339613      , max(   9492) = 3.2621510240973      
slv : Velocity (new)                 : min(  20124) = 2.4474581574001      , max(  20259) = 236.39993791828      
slv : Mach number (new)              : min(  20124) = 0.0068992982809002   , max(  20259) = 0.697844002237       
slv : Turbulent k (new)              : min(  20227) = 0.05703749140551     , max(  20159) = 554.62245851089      
slv : Turbulent e (new)              : min(  66759) = 0.054006621490738    , max(  20159) = 614029.47204735      
slv : Temperature (new)              : min(  20259) = 285.69571653534      , max(  20125) = 313.6455377348       
slv : Total enthalpy, Y-shifted (new): min(  20161) = 20512.843913304      , max(  71734) = 20885.964482864      
slv : MASS FLUXES AT OPENINGS: MF=-314.857, AP=314.808
slv : DvGr statistics: min alpha=0.0751126(nfa=208855, geom_slice=0)
slv : +----------------------------------+------------+-------+------------+------------+
slv : |          Collector name          | Total Time | Count |  Avg Time  |  Max Time  |
slv : +----------------------------------+------------+-------+------------+------------+
slv : | Calculate_inc                    |       4.725|     11|       0.430|       0.628|
slv : | CollectEMT_Results               |       0.000|     12|       0.000|       0.000|
slv : | HeatPathCalculator_Dynamic       |       0.021|      1|       0.021|       0.021|
slv : | LiSy_make_portrait               |       0.183|     67|       0.003|       0.017|
slv : | Results_processing               |       0.575|     11|       0.052|       0.063|
slv : | build_sl_ordering_CHT            |       0.015|     12|       0.001|       0.006|
slv : | build_sl_ordering_MDS            |       0.072|     12|       0.006|       0.019|
slv : | build_sl_ordering_fluid          |       0.071|     12|       0.006|       0.019|
slv : | calc_Convolutions_MDS            |       0.166|     12|       0.014|       0.022|
slv : | calc_wall_dist                   |       0.372|      1|       0.372|       0.372|
slv : | create_Gr_operators_MDS          |       0.173|     12|       0.014|       0.023|
slv : | create_Gr_operators_portrait_MDS |       0.085|     12|       0.007|       0.009|
slv : | init_Hy_group_MDS                |       0.174|     12|       0.014|       0.019|
slv : | perform_stage_total              |       4.621|    332|       0.014|       0.372|
slv : | precalc_at_start_MDS             |       0.666|      2|       0.333|       0.637|
slv : | solve_3M_MDS                     |       0.422|     12|       0.035|       0.046|
slv : | solve_3M_alg_MDS                 |       0.096|     12|       0.008|       0.011|
slv : | solve_BG_MDS                     |       0.466|     12|       0.039|       0.042|
slv : | solve_BG_alg_MDS                 |       0.345|     12|       0.029|       0.033|
slv : | solve_BL_MDS                     |       0.175|     12|       0.015|       0.019|
slv : | solve_CHT                        |       0.349|     12|       0.029|       0.039|
slv : | solve_CHT_MDS                    |       0.244|     12|       0.020|       0.024|
slv : | solve_CHT_alg_MDS                |       0.056|     12|       0.005|       0.007|
slv : | solve_DvGr_MDS                   |       1.042|     12|       0.087|       0.159|
slv : | solve_DvGr_alg_MDS               |       0.417|     12|       0.035|       0.068|
slv : | solve_INPR_MDS                   |       0.000|      1|       0.000|       0.000|
slv : | solve_PS+QJ                      |       0.000|      0|       0.000|       0.000|
slv : | solve_YLMA_MDS                   |       0.000|     12|       0.000|       0.000|
slv : | solve_YNOx_MDS                   |       0.000|     12|       0.000|       0.000|
slv : | solve_YTd_MDS                    |       0.000|     12|       0.000|       0.000|
slv : | solve_YTurb_MDS                  |       1.304|     12|       0.109|       0.138|
slv : | solve_YTurb_alg_MDS              |       0.574|     24|       0.024|       0.057|
slv : | update_BC_MDS                    |       0.000|     13|       0.000|       0.000|
slv : | update_Mf_after_DvGr             |       0.163|     12|       0.014|       0.023|
slv : | update_VelPressure_MDS           |       0.022|     12|       0.002|       0.002|
slv : +----------------------------------+------------+-------+------------+------------+
-----------------------------------------------------------------------
Memory Working Set Current = 403.09 Mb, Memory Working Set Peak = 406.30 Mb
Memory Private Bytes Current = 588.11 Mb, Memory Private Bytes Peak = 592.95 Mb
Process Threads Number: 16
-----------------------------------------------------------------------
Algebra Pool      : mem_usage = 408.44 Mb, allocated count = 1320

================== Tstep=12 ===================
<Dynamic P> on nsd = 0 {openings (inlet / outlet)}:
  (SP = Static Pressure, EP = Environment Pressure, TP = Total Pressure, E = External)
  {#0, E, (3.000575e-01 / 2.734190e+04)}
  {#1, E, (3.482924e-01 / 2.734204e+04)}
  {#2, E, (0.000000e+00 / 2.729679e+04)}
  {#3, E, (2.732225e+04 / 0.000000e+00)}
  {#4, E, (7.854728e-02 / 2.733980e+04)}
  {#5, E, (1.442155e-01 / 2.734205e+04)}
  MWS[  0]=7.67004
tau_viscous_averaged = 60.6449 
dt(mass,momentum; nsd=  0): min dt/dtG(ncv=  20171)=1.00 , max dt/dtG(ncv=  20202)=4.4    , dtG=7.88403e-05
Flow alg-view 0 in phys-view 0 isn't Neumann (not Multi Phase treating)
Face Momentum (sd=  0): max value of div(mf) (cv=21081) = 1.298238e-03
Flow alg-view 0 is not Neumann (not for Phase Change + Nested Iters)
+----+----+--------------+--------------+--------------+--------------+--------------+------+----+-+-+--+------+
|Name|view| Initial res  | Initial resL1| Target res   | Final res    | Final res L1 |Visits|Iter|R|F|CL|Status|
| BG |   0|  3.287495e-04|  3.368868e+00|  1.447706e-08|  5.184502e-09|  1.296083e-02|     9|  27|0|n|30|  OK  |
Face Momentum (sd=  0): max value of div(mf) (cv=21433) = 1.071131e-03
	norm_L2 of div(momentum) = 1.251856e-02.
Flow alg-view 0 in phys-view 0 isn't Neumann (not Multi Phase treating)
LOG: number of a-faces with weighted approximations in 0 subdomain: 6.1405 percent
LOG: Rate of a-faces corrected to CUp1st in 0 subdomain: 0.203442 %
slv : SolveBL stage
|nsd|Real WF|NormalF|Cycle F|CriticF| EdgeF |CyclBrF|ExtParF|RWFnumSt|StLvlNum|  nfw  |  alp_U_min  |  nfw  |  alp_U_max  |  nfw  |  alp_T_min  |  nfw  |  alp_T_max  |  nfw  |  BL_s_min   |  nfw  |   BL_s_max  |
|  0|   2054|   1839|      4|      4|    207|      0|      0|    2050|      64|  12944|0            |   4076|162.962      |   3978|0            |   4000|20995.8      |  12936|-28691.6     |   3978|0            |
Face Momentum (sd=  0): max value of div(mf) (cv=21433) = 1.071131e-03
	norm_L2 of div(momentum) = 1.251856e-02.
nsd = 0 BC: AP Inlet occurs on 4274 w-faces
+----+----+----+--------------+--------------+--------------+--------------+--------------+------+----+-+-+--+------+
|Name|view| n_y| Initial res  | Initial resL1| Target res   | Final res    | Final res L1 |Visits|Iter|R|F|CL|Status|
+----+----+----+--------------+--------------+--------------+--------------+--------------+------+----+-+-+--+------+
| 3M |   0|   0|  6.211144e+02|  3.904037e+03|  3.610823e-02|  9.520886e-04|  3.276015e-01|     1|   3|0|n|29|  OK  |
Velocity (predicted):
        (local) sd   0: min(  20124)=5.4617043428195      , max(  20259)=236.65287117852      
Flow alg-view 0 is not Neumann (not for Phase Change + Nested Iters)
+----+----+--------------+--------------+--------------+--------------+--------------+------+----+-+-+--+------+
|Name|view| Initial res  | Initial resL1| Target res   | Final res    | Final res L1 |Visits|Iter|R|F|CL|Status|
|DVGR|   0|  8.844429e-03|  4.845327e+00|  1.447706e-08|  9.324957e-09|  9.959098e-04|    10|  30|0|n|30|  OK  |
Filter(LC, geom_index=  0): isolating pressure from infinity =60 (in AUSM_cvs=0)
PRESSURE SOLVER(geom_index=  0): sum_C_dp=0.302276
Face Momentum (sd=  0): max value of div(mf) (cv=66500) = 1.368592e-03
	norm_L2 of div(momentum) = 1.211944e-02.
nsd = 0 min_dtHy = 7.85685e-05 (nCV =	20171 ) max_dtHy = 0.000345368 (nCV =	20202 ) 
+----+----+--------------+--------------+--------------+--------------+--------------+------+----+-+-+--+------+
|Name|view| Initial res  | Initial resL1| Target res   | Final res    | Final res L1 |Visits|Iter|R|F|CL|Status|
|CHT |   0|  1.833401e+03|  1.092934e+03|  1.145876e-01|  4.666778e-19|  1.235442e-07|     1|   9|0|n|30|  OK  |
nsd = 0 min_dtke = 5.85267e-05 (nCV =	20255 ) max_dtke = 0.000235781 (nCV =	20202 ) 
+----+----+----+--------------+--------------+--------------+--------------+--------------+------+----+-+-+--+------+
|Name|view| n_y| Initial res  | Initial resL1| Target res   | Final res    | Final res L1 |Visits|Iter|R|F|CL|Status|
+----+----+----+--------------+--------------+--------------+--------------+--------------+------+----+-+-+--+------+
|turb|   0|   0|  4.562465e+04|  5.432897e+03|  4.992642e-04|  2.593771e-05|  1.051168e-01|     3|  18|0|n|30|  OK  |
|turb|   0|   1|  1.035919e+10|  2.512004e+06|  1.359722e+00|  2.483029e-03|  8.495595e-01|     4|  24|0|n|30|  OK  |
Filter: K,E,momentum: sd =   0 isolating K from zero=      0 E from zero=    532 E from infinity=      0
slv : Fluid subdom(new) 0
slv : P static (new)                 : min(   9474) = 90003.615708257      , max(   9492) = 323112.8467788       
slv : Density (new)                  : min(   9474) = 1.0175876845892      , max(   9492) = 3.5872376148082      
slv : Velocity (new)                 : min(  20124) = 3.5362964688086      , max(  20063) = 235.84963398364      
slv : Mach number (new)              : min(  20124) = 0.0099692152180526   , max(  20063) = 0.69606300337726     
slv : Turbulent k (new)              : min(  20227) = 0.058063810426133    , max(  20159) = 626.29795834436      
slv : Turbulent e (new)              : min(  69590) = 0.033289623709699    , max(  20159) = 722370.69948263      
slv : Temperature (new)              : min(  20063) = 285.82421813988      , max(  20164) = 313.76305559874      
slv : Total enthalpy, Y-shifted (new): min(  20161) = 20495.99028817       , max(  71734) = 20878.903609156      
slv : MASS FLUXES AT OPENINGS: MF=-314.857, AP=314.555
slv : DvGr statistics: min alpha=0.075103(nfa=208855, geom_slice=0)
slv : +----------------------------------+------------+-------+------------+------------+
slv : |          Collector name          | Total Time | Count |  Avg Time  |  Max Time  |
slv : +----------------------------------+------------+-------+------------+------------+
slv : | Calculate_inc                    |       5.123|     12|       0.427|       0.628|
slv : | CollectEMT_Results               |       0.000|     13|       0.000|       0.000|
slv : | HeatPathCalculator_Dynamic       |       0.021|      1|       0.021|       0.021|
slv : | LiSy_make_portrait               |       0.196|     72|       0.003|       0.017|
slv : | Results_processing               |       0.622|     12|       0.052|       0.063|
slv : | build_sl_ordering_CHT            |       0.015|     13|       0.001|       0.006|
slv : | build_sl_ordering_MDS            |       0.080|     13|       0.006|       0.019|
slv : | build_sl_ordering_fluid          |       0.079|     13|       0.006|       0.019|
slv : | calc_Convolutions_MDS            |       0.178|     13|       0.014|       0.022|
slv : | calc_wall_dist                   |       0.372|      1|       0.372|       0.372|
slv : | create_Gr_operators_MDS          |       0.187|     13|       0.014|       0.023|
slv : | create_Gr_operators_portrait_MDS |       0.091|     13|       0.007|       0.009|
slv : | init_Hy_group_MDS                |       0.188|     13|       0.014|       0.019|
slv : | perform_stage_total              |       4.997|    359|       0.014|       0.372|
slv : | precalc_at_start_MDS             |       0.666|      2|       0.333|       0.637|
slv : | solve_3M_MDS                     |       0.454|     13|       0.035|       0.046|
slv : | solve_3M_alg_MDS                 |       0.103|     13|       0.008|       0.011|
slv : | solve_BG_MDS                     |       0.501|     13|       0.039|       0.042|
slv : | solve_BG_alg_MDS                 |       0.370|     13|       0.028|       0.033|
slv : | solve_BL_MDS                     |       0.190|     13|       0.015|       0.019|
slv : | solve_CHT                        |       0.379|     13|       0.029|       0.039|
slv : | solve_CHT_MDS                    |       0.264|     13|       0.020|       0.024|
slv : | solve_CHT_alg_MDS                |       0.063|     13|       0.005|       0.007|
slv : | solve_DvGr_MDS                   |       1.133|     13|       0.087|       0.159|
slv : | solve_DvGr_alg_MDS               |       0.462|     13|       0.036|       0.068|
slv : | solve_INPR_MDS                   |       0.000|      1|       0.000|       0.000|
slv : | solve_PS+QJ                      |       0.000|      0|       0.000|       0.000|
slv : | solve_YLMA_MDS                   |       0.000|     13|       0.000|       0.000|
slv : | solve_YNOx_MDS                   |       0.000|     13|       0.000|       0.000|
slv : | solve_YTd_MDS                    |       0.000|     13|       0.000|       0.000|
slv : | solve_YTurb_MDS                  |       1.438|     13|       0.111|       0.138|
slv : | solve_YTurb_alg_MDS              |       0.637|     26|       0.024|       0.057|
slv : | update_BC_MDS                    |       0.000|     14|       0.000|       0.000|
slv : | update_Mf_after_DvGr             |       0.172|     13|       0.013|       0.023|
slv : | update_VelPressure_MDS           |       0.024|     13|       0.002|       0.002|
slv : +----------------------------------+------------+-------+------------+------------+
-----------------------------------------------------------------------
Memory Working Set Current = 403.37 Mb, Memory Working Set Peak = 406.30 Mb
Memory Private Bytes Current = 588.33 Mb, Memory Private Bytes Peak = 592.95 Mb
Process Threads Number: 16
-----------------------------------------------------------------------
Algebra Pool      : mem_usage = 408.44 Mb, allocated count = 1317

================== Tstep=13 ===================
<Dynamic P> on nsd = 0 {openings (inlet / outlet)}:
  (SP = Static Pressure, EP = Environment Pressure, TP = Total Pressure, E = External)
  {#0, E, (2.050671e-01 / 2.734307e+04)}
  {#1, E, (2.401795e-01 / 2.734281e+04)}
  {#2, E, (0.000000e+00 / 2.731734e+04)}
  {#3, E, (2.732741e+04 / 0.000000e+00)}
  {#4, E, (5.690989e-02 / 2.734255e+04)}
  {#5, E, (9.309405e-02 / 2.734340e+04)}
  MWS[  0]=7.66598
tau_viscous_averaged = 60.6866 
dt(mass,momentum; nsd=  0): min dt/dtG(ncv=  20185)=1.00 , max dt/dtG(ncv=  20108)=4.0    , dtG=7.89865e-05
Flow alg-view 0 in phys-view 0 isn't Neumann (not Multi Phase treating)
Face Momentum (sd=  0): max value of div(mf) (cv=66500) = 1.368592e-03
Flow alg-view 0 is not Neumann (not for Phase Change + Nested Iters)
+----+----+--------------+--------------+--------------+--------------+--------------+------+----+-+-+--+------+
|Name|view| Initial res  | Initial resL1| Target res   | Final res    | Final res L1 |Visits|Iter|R|F|CL|Status|
| BG |   0|  1.470642e-04|  2.045693e+00|  9.191510e-09|  7.481376e-09|  1.506665e-02|     8|  24|0|n|30|  OK  |
Face Momentum (sd=  0): max value of div(mf) (cv=21311) = 1.428135e-03
	norm_L2 of div(momentum) = 8.694257e-03.
Flow alg-view 0 in phys-view 0 isn't Neumann (not Multi Phase treating)
LOG: number of a-faces with weighted approximations in 0 subdomain: 6.49115 percent
LOG: Rate of a-faces corrected to CUp1st in 0 subdomain: 0.241316 %
slv : SolveBL stage
|nsd|Real WF|NormalF|Cycle F|CriticF| EdgeF |CyclBrF|ExtParF|RWFnumSt|StLvlNum|  nfw  |  alp_U_min  |  nfw  |  alp_U_max  |  nfw  |  alp_T_min  |  nfw  |  alp_T_max  |  nfw  |  BL_s_min   |  nfw  |   BL_s_max  |
|  0|   2054|   1818|      2|     26|    208|      0|      0|    2052|      64|   3991|0            |  12947|19.6742      |   3978|0            |  12026|32089.6      |  12026|-560816      |   3978|0            |
LOG nsd = 0: numb_of_convergent=4, numb_of_divergent=0
Face Momentum (sd=  0): max value of div(mf) (cv=21311) = 1.428135e-03
	norm_L2 of div(momentum) = 8.694257e-03.
nsd = 0 BC: AP Inlet occurs on 4621 w-faces
+----+----+----+--------------+--------------+--------------+--------------+--------------+------+----+-+-+--+------+
|Name|view| n_y| Initial res  | Initial resL1| Target res   | Final res    | Final res L1 |Visits|Iter|R|F|CL|Status|
+----+----+----+--------------+--------------+--------------+--------------+--------------+------+----+-+-+--+------+
| 3M |   0|   0|  5.627130e+02|  4.063469e+03|  3.618254e-02|  5.756607e-04|  2.794133e-01|     1|   3|0|n|29|  OK  |
Velocity (predicted):
        (local) sd   0: min(  20124)=4.8646984007028      , max(   9493)=235.91537103789      
Flow alg-view 0 is not Neumann (not for Phase Change + Nested Iters)
+----+----+--------------+--------------+--------------+--------------+--------------+------+----+-+-+--+------+
|Name|view| Initial res  | Initial resL1| Target res   | Final res    | Final res L1 |Visits|Iter|R|F|CL|Status|
|DVGR|   0|  4.151688e-03|  3.503771e+00|  1.445570e-08|  1.344731e-08|  2.266012e-03|     8|  24|0|n|30|  OK  |
Filter(LC, geom_index=  0): isolating pressure from infinity =72 (in AUSM_cvs=0)
PRESSURE SOLVER(geom_index=  0): sum_C_dp=0.476429
Face Momentum (sd=  0): max value of div(mf) (cv=21433) = 1.427817e-03
	norm_L2 of div(momentum) = 8.729561e-03.
nsd = 0 min_dtHy = 7.89865e-05 (nCV =	20185 ) max_dtHy = 0.000319839 (nCV =	20108 ) 
+----+----+--------------+--------------+--------------+--------------+--------------+------+----+-+-+--+------+
|Name|view| Initial res  | Initial resL1| Target res   | Final res    | Final res L1 |Visits|Iter|R|F|CL|Status|
|CHT |   0|  1.612681e+03|  1.065918e+03|  1.007926e-01|  4.127268e-19|  1.221871e-07|     1|   9|0|n|30|  OK  |
nsd = 0 min_dtke = 5.90198e-05 (nCV =	20187 ) max_dtke = 0.000224988 (nCV =	20064 ) 
+----+----+----+--------------+--------------+--------------+--------------+--------------+------+----+-+-+--+------+
|Name|view| n_y| Initial res  | Initial resL1| Target res   | Final res    | Final res L1 |Visits|Iter|R|F|CL|Status|
+----+----+----+--------------+--------------+--------------+--------------+--------------+------+----+-+-+--+------+
|turb|   0|   0|  3.708227e+04|  5.005780e+03|  4.979032e-04|  2.390751e-05|  1.026261e-01|     3|  18|0|n|30|  OK  |
|turb|   0|   1|  8.120268e+09|  2.254923e+06|  1.354593e+00|  2.796786e-03|  8.799231e-01|     4|  24|0|n|30|  OK  |
Filter: K,E,momentum: sd =   0 isolating K from zero=      0 E from zero=    549 E from infinity=      0
slv : Fluid subdom(new) 0
slv : P static (new)                 : min(  20176) = 90013.644242212      , max(   9492) = 355424.13145668      
slv : Density (new)                  : min(  20176) = 1.0178083152483      , max(  20258) = 3.9458658930316      
slv : Velocity (new)                 : min(  20141) = 2.9053499770645      , max(  20185) = 235.81219529322      
slv : Mach number (new)              : min(  20141) = 0.0081856862752951   , max(  20185) = 0.69593755281322     
slv : Turbulent k (new)              : min(  20227) = 0.058896807428239    , max(  20150) = 687.71855060096      
slv : Turbulent e (new)              : min(  55963) = 0.03623284790266     , max(  20150) = 813731.58611425      
slv : Temperature (new)              : min(  20185) = 285.8365046909       , max(  20141) = 313.7785779182       
slv : Total enthalpy, Y-shifted (new): min(  20161) = 20487.427297364      , max(  20169) = 20875.076568803      
slv : MASS FLUXES AT OPENINGS: MF=-314.857, AP=314.38
slv : DvGr statistics: min alpha=0.075102(nfa=208855, geom_slice=0)
slv : +----------------------------------+------------+-------+------------+------------+
slv : |          Collector name          | Total Time | Count |  Avg Time  |  Max Time  |
slv : +----------------------------------+------------+-------+------------+------------+
slv : | Calculate_inc                    |       5.569|     13|       0.428|       0.628|
slv : | CollectEMT_Results               |       0.000|     14|       0.000|       0.000|
slv : | HeatPathCalculator_Dynamic       |       0.021|      1|       0.021|       0.021|
slv : | LiSy_make_portrait               |       0.204|     76|       0.003|       0.017|
slv : | Results_processing               |       0.678|     13|       0.052|       0.063|
slv : | build_sl_ordering_CHT            |       0.016|     14|       0.001|       0.006|
slv : | build_sl_ordering_MDS            |       0.080|     14|       0.006|       0.019|
slv : | build_sl_ordering_fluid          |       0.080|     14|       0.006|       0.019|
slv : | calc_Convolutions_MDS            |       0.191|     14|       0.014|       0.022|
slv : | calc_wall_dist                   |       0.372|      1|       0.372|       0.372|
slv : | create_Gr_operators_MDS          |       0.200|     14|       0.014|       0.023|
slv : | create_Gr_operators_portrait_MDS |       0.097|     14|       0.007|       0.009|
slv : | init_Hy_group_MDS                |       0.201|     14|       0.014|       0.019|
slv : | perform_stage_total              |       5.337|    386|       0.014|       0.372|
slv : | precalc_at_start_MDS             |       0.666|      2|       0.333|       0.637|
slv : | solve_3M_MDS                     |       0.486|     14|       0.035|       0.046|
slv : | solve_3M_alg_MDS                 |       0.111|     14|       0.008|       0.011|
slv : | solve_BG_MDS                     |       0.536|     14|       0.038|       0.042|
slv : | solve_BG_alg_MDS                 |       0.394|     14|       0.028|       0.033|
slv : | solve_BL_MDS                     |       0.204|     14|       0.015|       0.019|
slv : | solve_CHT                        |       0.405|     14|       0.029|       0.039|
slv : | solve_CHT_MDS                    |       0.282|     14|       0.020|       0.024|
slv : | solve_CHT_alg_MDS                |       0.067|     14|       0.005|       0.007|
slv : | solve_DvGr_MDS                   |       1.220|     14|       0.087|       0.159|
slv : | solve_DvGr_alg_MDS               |       0.501|     14|       0.036|       0.068|
slv : | solve_INPR_MDS                   |       0.000|      1|       0.000|       0.000|
slv : | solve_PS+QJ                      |       0.000|      0|       0.000|       0.000|
slv : | solve_YLMA_MDS                   |       0.000|     14|       0.000|       0.000|
slv : | solve_YNOx_MDS                   |       0.000|     14|       0.000|       0.000|
slv : | solve_YTd_MDS                    |       0.000|     14|       0.000|       0.000|
slv : | solve_YTurb_MDS                  |       1.554|     14|       0.111|       0.138|
slv : | solve_YTurb_alg_MDS              |       0.692|     28|       0.025|       0.057|
slv : | update_BC_MDS                    |       0.000|     15|       0.000|       0.000|
slv : | update_Mf_after_DvGr             |       0.182|     14|       0.013|       0.023|
slv : | update_VelPressure_MDS           |       0.025|     14|       0.002|       0.002|
slv : +----------------------------------+------------+-------+------------+------------+
-----------------------------------------------------------------------
Memory Working Set Current = 403.21 Mb, Memory Working Set Peak = 406.30 Mb
Memory Private Bytes Current = 588.24 Mb, Memory Private Bytes Peak = 592.95 Mb
Process Threads Number: 16
-----------------------------------------------------------------------
Algebra Pool      : mem_usage = 408.44 Mb, allocated count = 1317

================== Tstep=14 ===================
<Dynamic P> on nsd = 0 {openings (inlet / outlet)}:
  (SP = Static Pressure, EP = Environment Pressure, TP = Total Pressure, E = External)
  {#0, E, (1.124205e-01 / 2.734336e+04)}
  {#1, E, (1.331690e-01 / 2.734299e+04)}
  {#2, E, (0.000000e+00 / 2.733431e+04)}
  {#3, E, (2.733328e+04 / 0.000000e+00)}
  {#4, E, (3.100323e-02 / 2.734339e+04)}
  {#5, E, (3.784296e-02 / 2.734384e+04)}
  MWS[  0]=7.66587
tau_viscous_averaged = 60.6123 
dt(mass,momentum; nsd=  0): min dt/dtG(ncv=  20185)=1.00 , max dt/dtG(ncv=  20064)=4.7    , dtG=7.89591e-05
Flow alg-view 0 in phys-view 0 isn't Neumann (not Multi Phase treating)
Face Momentum (sd=  0): max value of div(mf) (cv=21433) = 1.427817e-03
Flow alg-view 0 is not Neumann (not for Phase Change + Nested Iters)
+----+----+--------------+--------------+--------------+--------------+--------------+------+----+-+-+--+------+
|Name|view| Initial res  | Initial resL1| Target res   | Final res    | Final res L1 |Visits|Iter|R|F|CL|Status|
| BG |   0|  7.649539e-05|  1.243911e+00|  4.780962e-09|  3.283263e-09|  1.028940e-02|     8|  24|0|n|30|  OK  |
Face Momentum (sd=  0): max value of div(mf) (cv=21437) = 1.113989e-03
	norm_L2 of div(momentum) = 6.337421e-03.
Flow alg-view 0 in phys-view 0 isn't Neumann (not Multi Phase treating)
LOG: number of a-faces with weighted approximations in 0 subdomain: 7.49473 percent
LOG: Rate of a-faces corrected to CUp1st in 0 subdomain: 0.210343 %
slv : SolveBL stage
|nsd|Real WF|NormalF|Cycle F|CriticF| EdgeF |CyclBrF|ExtParF|RWFnumSt|StLvlNum|  nfw  |  alp_U_min  |  nfw  |  alp_U_max  |  nfw  |  alp_T_min  |  nfw  |  alp_T_max  |  nfw  |  BL_s_min   |  nfw  |   BL_s_max  |
|  0|   2054|   1822|      2|     16|    214|      0|      0|    2052|      64|  12038|0            |  12947|19.6748      |   3978|0            |  12026|61961.3      |  12026|-1.05296e+06 |   3978|0            |
Face Momentum (sd=  0): max value of div(mf) (cv=21437) = 1.113989e-03
	norm_L2 of div(momentum) = 6.337421e-03.
nsd = 0 BC: AP Inlet occurs on 6390 w-faces
+----+----+----+--------------+--------------+--------------+--------------+--------------+------+----+-+-+--+------+
|Name|view| n_y| Initial res  | Initial resL1| Target res   | Final res    | Final res L1 |Visits|Iter|R|F|CL|Status|
+----+----+----+--------------+--------------+--------------+--------------+--------------+------+----+-+-+--+------+
| 3M |   0|   0|  4.787402e+02|  3.841665e+03|  3.616545e-02|  3.560025e-04|  2.260107e-01|     1|   3|0|n|29|  OK  |
Velocity (predicted):
        (local) sd   0: min(  20124)=9.0664468679124      , max(  20185)=235.85928336873      
Flow alg-view 0 is not Neumann (not for Phase Change + Nested Iters)
+----+----+--------------+--------------+--------------+--------------+--------------+------+----+-+-+--+------+
|Name|view| Initial res  | Initial resL1| Target res   | Final res    | Final res L1 |Visits|Iter|R|F|CL|Status|
|DVGR|   0|  5.349719e-03|  3.501574e+00|  1.446345e-08|  1.291156e-08|  7.220616e-04|    11|  33|0|n|30|  OK  |
Filter(LC, geom_index=  0): isolating pressure from infinity =80 (in AUSM_cvs=0)
PRESSURE SOLVER(geom_index=  0): sum_C_dp=0.542897
Face Momentum (sd=  0): max value of div(mf) (cv=21252) = 1.270579e-03
	norm_L2 of div(momentum) = 8.726473e-03.
nsd = 0 min_dtHy = 7.89591e-05 (nCV =	20185 ) max_dtHy = 0.00036785 (nCV =	20064 ) 
+----+----+--------------+--------------+--------------+--------------+--------------+------+----+-+-+--+------+
|Name|view| Initial res  | Initial resL1| Target res   | Final res    | Final res L1 |Visits|Iter|R|F|CL|Status|
|CHT |   0|  1.394461e+03|  1.052780e+03|  8.715382e-02|  4.260738e-19|  1.229137e-07|     1|   9|0|n|30|  OK  |
nsd = 0 min_dtke = 5.94146e-05 (nCV =	20187 ) max_dtke = 0.000261341 (nCV =	20064 ) 
+----+----+----+--------------+--------------+--------------+--------------+--------------+------+----+-+-+--+------+
|Name|view| n_y| Initial res  | Initial resL1| Target res   | Final res    | Final res L1 |Visits|Iter|R|F|CL|Status|
+----+----+----+--------------+--------------+--------------+--------------+--------------+------+----+-+-+--+------+
|turb|   0|   0|  3.066807e+04|  4.703729e+03|  4.976294e-04|  2.131204e-05|  9.693010e-02|     3|  18|0|n|30|  OK  |
|turb|   0|   1|  7.706940e+09|  2.118782e+06|  1.353809e+00|  2.367836e-03|  8.259100e-01|     4|  24|0|n|30|  OK  |
Filter: K,E,momentum: sd =   0 isolating K from zero=      0 E from zero=    562 E from infinity=      0
slv : Fluid subdom(new) 0
slv : P static (new)                 : min(   9467) = 90281.975702476      , max(   9492) = 390966.54460234      
slv : Density (new)                  : min(   9467) = 1.0203529976657      , max(  20258) = 4.3402716498745      
slv : Velocity (new)                 : min(  20124) = 6.7014091434622      , max(  20185) = 235.5228895221       
slv : Mach number (new)              : min(  20124) = 0.018893721243105    , max(  20185) = 0.69500111188821     
slv : Turbulent k (new)              : min(  20005) = 0.059524236100112    , max(  20150) = 787.18527328157      
slv : Turbulent e (new)              : min(  66685) = 0.0372143478848      , max(  20150) = 975666.84296117      
slv : Temperature (new)              : min(  20185) = 285.90447698992      , max(  21250) = 313.77460108768      
slv : Total enthalpy, Y-shifted (new): min(  20161) = 20475.477027493      , max(  20169) = 20881.455338617      
slv : MASS FLUXES AT OPENINGS: MF=-314.857, AP=314.314
slv : DvGr statistics: min alpha=0.0751097(nfa=208855, geom_slice=0)
slv : +----------------------------------+------------+-------+------------+------------+
slv : |          Collector name          | Total Time | Count |  Avg Time  |  Max Time  |
slv : +----------------------------------+------------+-------+------------+------------+
slv : | Calculate_inc                    |       5.976|     14|       0.427|       0.628|
slv : | CollectEMT_Results               |       0.000|     15|       0.000|       0.000|
slv : | HeatPathCalculator_Dynamic       |       0.021|      1|       0.021|       0.021|
slv : | LiSy_make_portrait               |       0.216|     81|       0.003|       0.017|
slv : | Results_processing               |       0.733|     14|       0.052|       0.063|
slv : | build_sl_ordering_CHT            |       0.016|     15|       0.001|       0.006|
slv : | build_sl_ordering_MDS            |       0.089|     15|       0.006|       0.019|
slv : | build_sl_ordering_fluid          |       0.088|     15|       0.006|       0.019|
slv : | calc_Convolutions_MDS            |       0.204|     15|       0.014|       0.022|
slv : | calc_wall_dist                   |       0.372|      1|       0.372|       0.372|
slv : | create_Gr_operators_MDS          |       0.214|     15|       0.014|       0.023|
slv : | create_Gr_operators_portrait_MDS |       0.104|     15|       0.007|       0.009|
slv : | init_Hy_group_MDS                |       0.214|     15|       0.014|       0.019|
slv : | perform_stage_total              |       5.697|    413|       0.014|       0.372|
slv : | precalc_at_start_MDS             |       0.666|      2|       0.333|       0.637|
slv : | solve_3M_MDS                     |       0.518|     15|       0.035|       0.046|
slv : | solve_3M_alg_MDS                 |       0.118|     15|       0.008|       0.011|
slv : | solve_BG_MDS                     |       0.570|     15|       0.038|       0.042|
slv : | solve_BG_alg_MDS                 |       0.417|     15|       0.028|       0.033|
slv : | solve_BL_MDS                     |       0.219|     15|       0.015|       0.019|
slv : | solve_CHT                        |       0.432|     15|       0.029|       0.039|
slv : | solve_CHT_MDS                    |       0.303|     15|       0.020|       0.024|
slv : | solve_CHT_alg_MDS                |       0.072|     15|       0.005|       0.007|
slv : | solve_DvGr_MDS                   |       1.315|     15|       0.088|       0.159|
slv : | solve_DvGr_alg_MDS               |       0.550|     15|       0.037|       0.068|
slv : | solve_INPR_MDS                   |       0.000|      1|       0.000|       0.000|
slv : | solve_PS+QJ                      |       0.000|      0|       0.000|       0.000|
slv : | solve_YLMA_MDS                   |       0.000|     15|       0.000|       0.000|
slv : | solve_YNOx_MDS                   |       0.000|     15|       0.000|       0.000|
slv : | solve_YTd_MDS                    |       0.000|     15|       0.000|       0.000|
slv : | solve_YTurb_MDS                  |       1.677|     15|       0.112|       0.138|
slv : | solve_YTurb_alg_MDS              |       0.758|     30|       0.025|       0.057|
slv : | update_BC_MDS                    |       0.000|     16|       0.000|       0.000|
slv : | update_Mf_after_DvGr             |       0.192|     15|       0.013|       0.023|
slv : | update_VelPressure_MDS           |       0.027|     15|       0.002|       0.002|
slv : +----------------------------------+------------+-------+------------+------------+
Interpolator cache: total calls 6988, optimised calls 2789 (39.9 %)
-----------------------------------------------------------------------
Memory Working Set Current = 403.28 Mb, Memory Working Set Peak = 406.30 Mb
Memory Private Bytes Current = 588.62 Mb, Memory Private Bytes Peak = 592.95 Mb
Process Threads Number: 16
-----------------------------------------------------------------------
Iteration : time = 2.37824 , count = 5 , time/count = 0.475647
Calculate_inc() : time = 2.08986 , count = 5 , time/count = 0.417972
TreatFlowEvolution() : time = 0.269399 , count = 5 , time/count = 0.0538798
SolverPreview : time = 0 , count = 5 , time/count = 0
TreatGoals : time = 0.243823 , count = 5 , time/count = 0.0487646
Algebra Pool      : mem_usage = 408.44 Mb, allocated count = 1321

================== Tstep=15 ===================
<Dynamic P> on nsd = 0 {openings (inlet / outlet)}:
  (SP = Static Pressure, EP = Environment Pressure, TP = Total Pressure, E = External)
  {#0, E, (5.517324e-02 / 2.734349e+04)}
  {#1, E, (7.050303e-02 / 2.734306e+04)}
  {#2, E, (0.000000e+00 / 2.734204e+04)}
  {#3, E, (2.733787e+04 / 0.000000e+00)}
  {#4, E, (1.032234e-02 / 2.734410e+04)}
  {#5, E, (1.862764e-02 / 2.734280e+04)}
  MWS[  0]=7.6635
tau_viscous_averaged = 60.6294 
dt(mass,momentum; nsd=  0): min dt/dtG(ncv=  20185)=1.00 , max dt/dtG(ncv=  20064)=5.1    , dtG=0.000118566
Flow alg-view 0 in phys-view 0 isn't Neumann (not Multi Phase treating)
Face Momentum (sd=  0): max value of div(mf) (cv=21252) = 1.270579e-03
Flow alg-view 0 is not Neumann (not for Phase Change + Nested Iters)
+----+----+--------------+--------------+--------------+--------------+--------------+------+----+-+-+--+------+
|Name|view| Initial res  | Initial resL1| Target res   | Final res    | Final res L1 |Visits|Iter|R|F|CL|Status|
| BG |   0|  7.980277e-05|  1.432444e+00|  4.987673e-09|  2.727300e-09|  9.329270e-03|     9|  27|0|n|30|  OK  |
Face Momentum (sd=  0): max value of div(mf) (cv=21457) = 1.173465e-03
	norm_L2 of div(momentum) = 5.679171e-03.
Flow alg-view 0 in phys-view 0 isn't Neumann (not Multi Phase treating)
LOG: number of a-faces with weighted approximations in 0 subdomain: 6.77957 percent
LOG: Rate of a-faces corrected to CUp1st in 0 subdomain: 0.170449 %
slv : SolveBL stage
|nsd|Real WF|NormalF|Cycle F|CriticF| EdgeF |CyclBrF|ExtParF|RWFnumSt|StLvlNum|  nfw  |  alp_U_min  |  nfw  |  alp_U_max  |  nfw  |  alp_T_min  |  nfw  |  alp_T_max  |  nfw  |  BL_s_min   |  nfw  |   BL_s_max  |
|  0|   2054|   1812|      8|     26|    207|      1|      0|    2046|      64|   3991|0            |  12947|19.6613      |   3978|0            |   1835|27790        |  12935|-23808.7     |   3978|0            |
Face Momentum (sd=  0): max value of div(mf) (cv=21457) = 1.173465e-03
	norm_L2 of div(momentum) = 5.679171e-03.
nsd = 0 BC: AP Inlet occurs on 7260 w-faces
+----+----+----+--------------+--------------+--------------+--------------+--------------+------+----+-+-+--+------+
|Name|view| n_y| Initial res  | Initial resL1| Target res   | Final res    | Final res L1 |Visits|Iter|R|F|CL|Status|
+----+----+----+--------------+--------------+--------------+--------------+--------------+------+----+-+-+--+------+
| 3M |   0|   0|  3.986318e+02|  3.225670e+03|  2.516285e-02|  2.398473e-03|  6.856968e-01|     1|   3|0|n|29|  OK  |
Velocity (predicted):
        (local) sd   0: min(  21250)=5.8387121149811      , max(  20185)=235.21331182968      
Flow alg-view 0 is not Neumann (not for Phase Change + Nested Iters)
+----+----+--------------+--------------+--------------+--------------+--------------+------+----+-+-+--+------+
|Name|view| Initial res  | Initial resL1| Target res   | Final res    | Final res L1 |Visits|Iter|R|F|CL|Status|
|DVGR|   0|  2.844388e-03|  4.029608e+00|  3.208722e-08|  3.154309e-08|  1.320438e-03|    12|  36|0|n|30|  OK  |
Filter(LC, geom_index=  0): isolating pressure from infinity =88 (in AUSM_cvs=0)
PRESSURE SOLVER(geom_index=  0): sum_C_dp=0.441275
Face Momentum (sd=  0): max value of div(mf) (cv=21233) = 1.193828e-03
	norm_L2 of div(momentum) = 8.624207e-03.
nsd = 0 min_dtHy = 0.000118566 (nCV =	20185 ) max_dtHy = 0.00060968 (nCV =	20064 ) 
+----+----+--------------+--------------+--------------+--------------+--------------+------+----+-+-+--+------+
|Name|view| Initial res  | Initial resL1| Target res   | Final res    | Final res L1 |Visits|Iter|R|F|CL|Status|
|CHT |   0|  1.451996e+03|  1.090925e+03|  9.074973e-02|  5.535734e-10|  3.009934e-04|     1|   9|0|n|30|  OK  |
nsd = 0 min_dtke = 7.75599e-05 (nCV =	20235 ) max_dtke = 0.000361986 (nCV =	20064 ) 
+----+----+----+--------------+--------------+--------------+--------------+--------------+------+----+-+-+--+------+
|Name|view| n_y| Initial res  | Initial resL1| Target res   | Final res    | Final res L1 |Visits|Iter|R|F|CL|Status|
+----+----+----+--------------+--------------+--------------+--------------+--------------+------+----+-+-+--+------+
|turb|   0|   0|  2.513227e+04|  4.371522e+03|  3.469047e-04|  2.502971e-05|  9.880869e-02|     4|  24|0|n|30|  OK  |
|turb|   0|   1|  5.794992e+09|  1.923096e+06|  9.438130e-01|  1.014939e-02|  1.586696e+00|     5|  30|0|n|30|  OK  |
Filter: K,E,momentum: sd =   0 isolating K from zero=      0 E from zero=    584 E from infinity=      0
slv : Fluid subdom(new) 0
slv : P static (new)                 : min(  20176) = 90230.988875802      , max(   9492) = 430063.19906258      
slv : Density (new)                  : min(  20176) = 1.0197570061351      , max(  20258) = 4.7741817677743      
slv : Velocity (new)                 : min(  20124) = 7.5631368218033      , max(  20185) = 235.37865001963      
slv : Mach number (new)              : min(  20124) = 0.021324277859522    , max(  20185) = 0.69453419259458     
slv : Turbulent k (new)              : min(  20005) = 0.060155381302338    , max(  20131) = 867.57576009777      
slv : Turbulent e (new)              : min(  66575) = 0.039443655344202    , max(  20150) = 1111131.1245997      
slv : Temperature (new)              : min(  20185) = 285.93846789282      , max(  20064) = 313.76356029125      
slv : Total enthalpy, Y-shifted (new): min(  20161) = 20461.33052708       , max(  20169) = 20890.196517432      
slv : MASS FLUXES AT OPENINGS: MF=-314.857, AP=314.415
slv : DvGr statistics: min alpha=0.0751374(nfa=208855, geom_slice=0)
slv : +----------------------------------+------------+-------+------------+------------+
slv : |          Collector name          | Total Time | Count |  Avg Time  |  Max Time  |
slv : +----------------------------------+------------+-------+------------+------------+
slv : | Calculate_inc                    |       6.406|     15|       0.427|       0.628|
slv : | CollectEMT_Results               |       0.000|     16|       0.000|       0.000|
slv : | HeatPathCalculator_Dynamic       |       0.021|      1|       0.021|       0.021|
slv : | LiSy_make_portrait               |       0.227|     85|       0.003|       0.017|
slv : | Results_processing               |       0.800|     15|       0.053|       0.067|
slv : | build_sl_ordering_CHT            |       0.016|     16|       0.001|       0.006|
slv : | build_sl_ordering_MDS            |       0.089|     16|       0.006|       0.019|
slv : | build_sl_ordering_fluid          |       0.089|     16|       0.006|       0.019|
slv : | calc_Convolutions_MDS            |       0.220|     16|       0.014|       0.022|
slv : | calc_wall_dist                   |       0.372|      1|       0.372|       0.372|
slv : | create_Gr_operators_MDS          |       0.231|     16|       0.014|       0.023|
slv : | create_Gr_operators_portrait_MDS |       0.112|     16|       0.007|       0.009|
slv : | init_Hy_group_MDS                |       0.232|     16|       0.015|       0.019|
slv : | perform_stage_total              |       6.100|    440|       0.014|       0.372|
slv : | precalc_at_start_MDS             |       0.666|      2|       0.333|       0.637|
slv : | solve_3M_MDS                     |       0.554|     16|       0.035|       0.046|
slv : | solve_3M_alg_MDS                 |       0.127|     16|       0.008|       0.011|
slv : | solve_BG_MDS                     |       0.608|     16|       0.038|       0.042|
slv : | solve_BG_alg_MDS                 |       0.443|     16|       0.028|       0.033|
slv : | solve_BL_MDS                     |       0.235|     16|       0.015|       0.019|
slv : | solve_CHT                        |       0.462|     16|       0.029|       0.039|
slv : | solve_CHT_MDS                    |       0.324|     16|       0.020|       0.024|
slv : | solve_CHT_alg_MDS                |       0.077|     16|       0.005|       0.007|
slv : | solve_DvGr_MDS                   |       1.428|     16|       0.089|       0.159|
slv : | solve_DvGr_alg_MDS               |       0.607|     16|       0.038|       0.068|
slv : | solve_INPR_MDS                   |       0.000|      1|       0.000|       0.000|
slv : | solve_PS+QJ                      |       0.000|      0|       0.000|       0.000|
slv : | solve_YLMA_MDS                   |       0.000|     16|       0.000|       0.000|
slv : | solve_YNOx_MDS                   |       0.000|     16|       0.000|       0.000|
slv : | solve_YTd_MDS                    |       0.000|     16|       0.000|       0.000|
slv : | solve_YTurb_MDS                  |       1.806|     16|       0.113|       0.138|
slv : | solve_YTurb_alg_MDS              |       0.824|     32|       0.026|       0.057|
slv : | update_BC_MDS                    |       0.000|     17|       0.000|       0.000|
slv : | update_Mf_after_DvGr             |       0.204|     16|       0.013|       0.023|
slv : | update_VelPressure_MDS           |       0.030|     16|       0.002|       0.003|
slv : +----------------------------------+------------+-------+------------+------------+
-----------------------------------------------------------------------
Memory Working Set Current = 403.62 Mb, Memory Working Set Peak = 406.30 Mb
Memory Private Bytes Current = 588.48 Mb, Memory Private Bytes Peak = 592.95 Mb
Process Threads Number: 16
-----------------------------------------------------------------------
Algebra Pool      : mem_usage = 408.44 Mb, allocated count = 1317

================== Tstep=16 ===================
<Dynamic P> on nsd = 0 {openings (inlet / outlet)}:
  (SP = Static Pressure, EP = Environment Pressure, TP = Total Pressure, E = External)
  {#0, E, (3.900437e-02 / 2.734060e+04)}
  {#1, E, (5.375487e-02 / 2.734044e+04)}
  {#2, E, (0.000000e+00 / 2.733305e+04)}
  {#3, E, (2.733836e+04 / 0.000000e+00)}
  {#4, E, (4.715668e-03 / 2.734088e+04)}
  {#5, E, (1.260980e-02 / 2.733968e+04)}
  MWS[  0]=7.65572
tau_viscous_averaged = 60.4623 
dt(mass,momentum; nsd=  0): min dt/dtG(ncv=  20185)=1.00 , max dt/dtG(ncv=  20064)=5.5    , dtG=0.000118636
Flow alg-view 0 in phys-view 0 isn't Neumann (not Multi Phase treating)
Face Momentum (sd=  0): max value of div(mf) (cv=21233) = 1.193828e-03
Flow alg-view 0 is not Neumann (not for Phase Change + Nested Iters)
+----+----+--------------+--------------+--------------+--------------+--------------+------+----+-+-+--+------+
|Name|view| Initial res  | Initial resL1| Target res   | Final res    | Final res L1 |Visits|Iter|R|F|CL|Status|
| BG |   0|  7.620584e-05|  1.400746e+00|  4.762865e-09|  2.528468e-09|  9.004716e-03|     9|  27|0|n|30|  OK  |
Face Momentum (sd=  0): max value of div(mf) (cv=21324) = 8.712282e-04
	norm_L2 of div(momentum) = 5.463380e-03.
Flow alg-view 0 in phys-view 0 isn't Neumann (not Multi Phase treating)
LOG: number of a-faces with weighted approximations in 0 subdomain: 6.81362 percent
LOG: Rate of a-faces corrected to CUp1st in 0 subdomain: 0.138873 %
slv : SolveBL stage
|nsd|Real WF|NormalF|Cycle F|CriticF| EdgeF |CyclBrF|ExtParF|RWFnumSt|StLvlNum|  nfw  |  alp_U_min  |  nfw  |  alp_U_max  |  nfw  |  alp_T_min  |  nfw  |  alp_T_max  |  nfw  |  BL_s_min   |  nfw  |   BL_s_max  |
|  0|   2054|   1810|      8|     10|    225|      1|      0|    2046|      64|   3991|0            |  12947|19.6298      |   3978|0            |   4064|46284.5      |  12935|-23271.1     |   3978|0            |
Face Momentum (sd=  0): max value of div(mf) (cv=21324) = 8.712282e-04
	norm_L2 of div(momentum) = 5.463380e-03.
nsd = 0 BC: AP Inlet occurs on 7163 w-faces
+----+----+----+--------------+--------------+--------------+--------------+--------------+------+----+-+-+--+------+
|Name|view| n_y| Initial res  | Initial resL1| Target res   | Final res    | Final res L1 |Visits|Iter|R|F|CL|Status|
+----+----+----+--------------+--------------+--------------+--------------+--------------+------+----+-+-+--+------+
| 3M |   0|   0|  3.187776e+02|  2.162549e+03|  2.508403e-02|  1.522454e-03|  5.035736e-01|     1|   3|0|n|29|  OK  |
Velocity (predicted):
        (local) sd   0: min(   9499)=2.6566222847033      , max(  20185)=235.00109659805      
Flow alg-view 0 is not Neumann (not for Phase Change + Nested Iters)
+----+----+--------------+--------------+--------------+--------------+--------------+------+----+-+-+--+------+
|Name|view| Initial res  | Initial resL1| Target res   | Final res    | Final res L1 |Visits|Iter|R|F|CL|Status|
|DVGR|   0|  2.241935e-03|  3.071738e+00|  3.197552e-08|  3.138160e-08|  1.217105e-03|    15|  45|0|n|30|  OK  |
Filter(LC, geom_index=  0): isolating pressure from infinity =108 (in AUSM_cvs=0)
PRESSURE SOLVER(geom_index=  0): sum_C_dp=0.221911
Face Momentum (sd=  0): max value of div(mf) (cv=21321) = 1.199414e-03
	norm_L2 of div(momentum) = 7.010946e-03.
nsd = 0 min_dtHy = 0.000118636 (nCV =	20185 ) max_dtHy = 0.000649062 (nCV =	20064 ) 
+----+----+--------------+--------------+--------------+--------------+--------------+------+----+-+-+--+------+
|Name|view| Initial res  | Initial resL1| Target res   | Final res    | Final res L1 |Visits|Iter|R|F|CL|Status|
|CHT |   0|  1.366768e+03|  1.093314e+03|  8.542303e-02|  4.484659e-10|  2.865197e-04|     1|   9|0|n|30|  OK  |
nsd = 0 min_dtke = 7.829e-05 (nCV =	20235 ) max_dtke = 0.000369742 (nCV =	20064 ) 
+----+----+----+--------------+--------------+--------------+--------------+--------------+------+----+-+-+--+------+
|Name|view| n_y| Initial res  | Initial resL1| Target res   | Final res    | Final res L1 |Visits|Iter|R|F|CL|Status|
+----+----+----+--------------+--------------+--------------+--------------+--------------+------+----+-+-+--+------+
|turb|   0|   0|  1.955029e+04|  3.991596e+03|  3.455411e-04|  1.374250e-05|  7.885026e-02|     4|  24|0|n|30|  OK  |
|turb|   0|   1|  4.204661e+09|  1.707356e+06|  9.382027e-01|  9.340358e-01|  1.909649e+01|     4|  24|0|n|30|  OK  |
Filter: K,E,momentum: sd =   0 isolating K from zero=      0 E from zero=    589 E from infinity=      0
slv : Fluid subdom(new) 0
slv : P static (new)                 : min(  20233) = 90195.187183245      , max(   9492) = 473069.51896883      
slv : Density (new)                  : min(  20233) = 1.0193932117051      , max(  20258) = 5.2515387220208      
slv : Velocity (new)                 : min(  21231) = 4.835590922205       , max(  20185) = 235.1947175077       
slv : Mach number (new)              : min(  21231) = 0.013623854196908    , max(  20185) = 0.6939375849339      
slv : Turbulent k (new)              : min(  56038) = 0.04664091947767     , max(  20122) = 928.13065308245      
slv : Turbulent e (new)              : min(  56038) = 0.042762355485855    , max(  20122) = 1201646.4328722      
slv : Temperature (new)              : min(  20185) = 285.98286915307      , max(  21231) = 313.78761367443      
slv : Total enthalpy, Y-shifted (new): min(  20161) = 20449.139659426      , max(  20169) = 20896.53868941       
slv : MASS FLUXES AT OPENINGS: MF=-314.857, AP=314.634
slv : DvGr statistics: min alpha=0.0752163(nfa=208855, geom_slice=0)
slv : +----------------------------------+------------+-------+------------+------------+
slv : |          Collector name          | Total Time | Count |  Avg Time  |  Max Time  |
slv : +----------------------------------+------------+-------+------------+------------+
slv : | Calculate_inc                    |       6.886|     16|       0.430|       0.628|
slv : | CollectEMT_Results               |       0.000|     17|       0.000|       0.000|
slv : | HeatPathCalculator_Dynamic       |       0.021|      1|       0.021|       0.021|
slv : | LiSy_make_portrait               |       0.236|     89|       0.003|       0.017|
slv : | Results_processing               |       0.852|     16|       0.053|       0.067|
slv : | build_sl_ordering_CHT            |       0.016|     17|       0.001|       0.006|
slv : | build_sl_ordering_MDS            |       0.090|     17|       0.005|       0.019|
slv : | build_sl_ordering_fluid          |       0.089|     17|       0.005|       0.019|
slv : | calc_Convolutions_MDS            |       0.233|     17|       0.014|       0.022|
slv : | calc_wall_dist                   |       0.372|      1|       0.372|       0.372|
slv : | create_Gr_operators_MDS          |       0.245|     17|       0.014|       0.023|
slv : | create_Gr_operators_portrait_MDS |       0.122|     17|       0.007|       0.009|
slv : | init_Hy_group_MDS                |       0.247|     17|       0.015|       0.019|
slv : | perform_stage_total              |       6.514|    467|       0.014|       0.372|
slv : | precalc_at_start_MDS             |       0.666|      2|       0.333|       0.637|
slv : | solve_3M_MDS                     |       0.586|     17|       0.034|       0.046|
slv : | solve_3M_alg_MDS                 |       0.134|     17|       0.008|       0.011|
slv : | solve_BG_MDS                     |       0.649|     17|       0.038|       0.042|
slv : | solve_BG_alg_MDS                 |       0.474|     17|       0.028|       0.033|
slv : | solve_BL_MDS                     |       0.250|     17|       0.015|       0.019|
slv : | solve_CHT                        |       0.490|     17|       0.029|       0.039|
slv : | solve_CHT_MDS                    |       0.344|     17|       0.020|       0.024|
slv : | solve_CHT_alg_MDS                |       0.082|     17|       0.005|       0.007|
slv : | solve_DvGr_MDS                   |       1.556|     17|       0.092|       0.159|
slv : | solve_DvGr_alg_MDS               |       0.688|     17|       0.040|       0.081|
slv : | solve_INPR_MDS                   |       0.000|      1|       0.000|       0.000|
slv : | solve_PS+QJ                      |       0.000|      0|       0.000|       0.000|
slv : | solve_YLMA_MDS                   |       0.000|     17|       0.000|       0.000|
slv : | solve_YNOx_MDS                   |       0.000|     17|       0.000|       0.000|
slv : | solve_YTd_MDS                    |       0.000|     17|       0.000|       0.000|
slv : | solve_YTurb_MDS                  |       1.936|     17|       0.114|       0.138|
slv : | solve_YTurb_alg_MDS              |       0.889|     34|       0.026|       0.057|
slv : | update_BC_MDS                    |       0.000|     18|       0.000|       0.000|
slv : | update_Mf_after_DvGr             |       0.218|     17|       0.013|       0.023|
slv : | update_VelPressure_MDS           |       0.032|     17|       0.002|       0.003|
slv : +----------------------------------+------------+-------+------------+------------+
-----------------------------------------------------------------------
Memory Working Set Current = 403.54 Mb, Memory Working Set Peak = 406.30 Mb
Memory Private Bytes Current = 589.12 Mb, Memory Private Bytes Peak = 592.95 Mb
Process Threads Number: 16
-----------------------------------------------------------------------
Algebra Pool      : mem_usage = 408.44 Mb, allocated count = 1318

================== Tstep=17 ===================
<Dynamic P> on nsd = 0 {openings (inlet / outlet)}:
  (SP = Static Pressure, EP = Environment Pressure, TP = Total Pressure, E = External)
  {#0, E, (4.147691e-02 / 2.733859e+04)}
  {#1, E, (5.904251e-02 / 2.733851e+04)}
  {#2, E, (0.000000e+00 / 2.731864e+04)}
  {#3, E, (2.733478e+04 / 0.000000e+00)}
  {#4, E, (4.121226e-03 / 2.733835e+04)}
  {#5, E, (1.401281e-02 / 2.733834e+04)}
  MWS[  0]=7.65071
tau_viscous_averaged = 60.3745 
dt(mass,momentum; nsd=  0): min dt/dtG(ncv=  20185)=1.00 , max dt/dtG(ncv=  20064)=5.7    , dtG=0.000118697
Flow alg-view 0 in phys-view 0 isn't Neumann (not Multi Phase treating)
Face Momentum (sd=  0): max value of div(mf) (cv=21321) = 1.199414e-03
Flow alg-view 0 is not Neumann (not for Phase Change + Nested Iters)
+----+----+--------------+--------------+--------------+--------------+--------------+------+----+-+-+--+------+
|Name|view| Initial res  | Initial resL1| Target res   | Final res    | Final res L1 |Visits|Iter|R|F|CL|Status|
| BG |   0|  4.922949e-05|  1.068282e+00|  3.076843e-09|  1.282585e-09|  6.712270e-03|     9|  27|0|n|30|  OK  |
Face Momentum (sd=  0): max value of div(mf) (cv=21241) = 1.061475e-03
	norm_L2 of div(momentum) = 5.162862e-03.
Flow alg-view 0 in phys-view 0 isn't Neumann (not Multi Phase treating)
LOG: number of a-faces with weighted approximations in 0 subdomain: 6.93807 percent
LOG: Rate of a-faces corrected to CUp1st in 0 subdomain: 0.141316 %
slv : SolveBL stage
|nsd|Real WF|NormalF|Cycle F|CriticF| EdgeF |CyclBrF|ExtParF|RWFnumSt|StLvlNum|  nfw  |  alp_U_min  |  nfw  |  alp_U_max  |  nfw  |  alp_T_min  |  nfw  |  alp_T_max  |  nfw  |  BL_s_min   |  nfw  |   BL_s_max  |
|  0|   2054|   1811|     10|     10|    222|      1|      0|    2044|      64|   3991|0            |  12947|19.6033      |   3978|0            |   4561|165214       |  12935|-22901.4     |   3978|0            |
Face Momentum (sd=  0): max value of div(mf) (cv=21241) = 1.061475e-03
	norm_L2 of div(momentum) = 5.162862e-03.
nsd = 0 BC: AP Inlet occurs on 6589 w-faces
+----+----+----+--------------+--------------+--------------+--------------+--------------+------+----+-+-+--+------+
|Name|view| n_y| Initial res  | Initial resL1| Target res   | Final res    | Final res L1 |Visits|Iter|R|F|CL|Status|
+----+----+----+--------------+--------------+--------------+--------------+--------------+------+----+-+-+--+------+
| 3M |   0|   0|  2.872377e+02|  1.871776e+03|  2.503696e-02|  1.169667e-03|  4.268373e-01|     1|   3|0|n|29|  OK  |
Velocity (predicted):
        (local) sd   0: min(  20124)=5.7990969918681      , max(  20185)=234.7488737266       
Flow alg-view 0 is not Neumann (not for Phase Change + Nested Iters)
+----+----+--------------+--------------+--------------+--------------+--------------+------+----+-+-+--+------+
|Name|view| Initial res  | Initial resL1| Target res   | Final res    | Final res L1 |Visits|Iter|R|F|CL|Status|
|DVGR|   0|  1.207927e-03|  2.088123e+00|  3.189947e-08|  1.954643e-08|  1.018992e-03|    17|  63|1|n|30|  OK  |
Filter(LC, geom_index=  0): isolating pressure from infinity =116 (in AUSM_cvs=0)
PRESSURE SOLVER(geom_index=  0): sum_C_dp=-0.0124939
Face Momentum (sd=  0): max value of div(mf) (cv=21239) = 1.110769e-03
	norm_L2 of div(momentum) = 5.272727e-03.
nsd = 0 min_dtHy = 0.000118697 (nCV =	20185 ) max_dtHy = 0.000680416 (nCV =	20064 ) 
+----+----+--------------+--------------+--------------+--------------+--------------+------+----+-+-+--+------+
|Name|view| Initial res  | Initial resL1| Target res   | Final res    | Final res L1 |Visits|Iter|R|F|CL|Status|
|CHT |   0|  1.200940e+03|  1.091528e+03|  7.505872e-02|  2.981275e-10|  2.536278e-04|     1|   9|0|n|30|  OK  |
nsd = 0 min_dtke = 7.95015e-05 (nCV =	20235 ) max_dtke = 0.000373682 (nCV =	20067 ) 
+----+----+----+--------------+--------------+--------------+--------------+--------------+------+----+-+-+--+------+
|Name|view| n_y| Initial res  | Initial resL1| Target res   | Final res    | Final res L1 |Visits|Iter|R|F|CL|Status|
+----+----+----+--------------+--------------+--------------+--------------+--------------+------+----+-+-+--+------+
|turb|   0|   0|  1.535243e+04|  3.659806e+03|  3.447353e-04|  8.862326e-06|  6.626761e-02|     4|  24|0|n|30|  OK  |
|turb|   0|   1|  3.036229e+09|  1.522525e+06|  9.347803e-01|  5.913135e-01|  1.545490e+01|     4|  24|0|n|30|  OK  |
Filter: K,E,momentum: sd =   0 isolating K from zero=      0 E from zero=    613 E from infinity=      0
slv : Fluid subdom(new) 0
slv : P static (new)                 : min(  20233) = 90198.607701531      , max(   9492) = 520376.47086572      
slv : Density (new)                  : min(  20233) = 1.0195094678874      , max(  20258) = 5.776371820727       
slv : Velocity (new)                 : min(  20141) = 3.3087799638601      , max(  20185) = 234.87186844386      
slv : Mach number (new)              : min(  20141) = 0.0093228357115894   , max(  20185) = 0.69289194900146     
slv : Turbulent k (new)              : min(  56038) = 0.0084406693074725   , max(  20122) = 960.70381813901      
slv : Turbulent e (new)              : min(  56038) = 0.0033048525165631   , max(  20122) = 1253266.9133345      
slv : Temperature (new)              : min(  20185) = 286.05970620183      , max(  20064) = 313.78500942948      
slv : Total enthalpy, Y-shifted (new): min(  20161) = 20436.810671422      , max(  20169) = 20901.500391577      
slv : MASS FLUXES AT OPENINGS: MF=-314.857, AP=314.869
slv : DvGr statistics: min alpha=0.0753046(nfa=208855, geom_slice=0)
slv : +----------------------------------+------------+-------+------------+------------+
slv : |          Collector name          | Total Time | Count |  Avg Time  |  Max Time  |
slv : +----------------------------------+------------+-------+------------+------------+
slv : | Calculate_inc                    |       7.378|     17|       0.434|       0.628|
slv : | CollectEMT_Results               |       0.000|     18|       0.000|       0.000|
slv : | HeatPathCalculator_Dynamic       |       0.021|      1|       0.021|       0.021|
slv : | LiSy_make_portrait               |       0.246|     93|       0.003|       0.017|
slv : | Results_processing               |       0.913|     17|       0.054|       0.067|
slv : | build_sl_ordering_CHT            |       0.016|     18|       0.001|       0.006|
slv : | build_sl_ordering_MDS            |       0.090|     18|       0.005|       0.019|
slv : | build_sl_ordering_fluid          |       0.089|     18|       0.005|       0.019|
slv : | calc_Convolutions_MDS            |       0.246|     18|       0.014|       0.022|
slv : | calc_wall_dist                   |       0.372|      1|       0.372|       0.372|
slv : | create_Gr_operators_MDS          |       0.258|     18|       0.014|       0.023|
slv : | create_Gr_operators_portrait_MDS |       0.128|     18|       0.007|       0.009|
slv : | init_Hy_group_MDS                |       0.261|     18|       0.014|       0.019|
slv : | perform_stage_total              |       6.903|    494|       0.014|       0.372|
slv : | precalc_at_start_MDS             |       0.666|      2|       0.333|       0.637|
slv : | solve_3M_MDS                     |       0.619|     18|       0.034|       0.046|
slv : | solve_3M_alg_MDS                 |       0.141|     18|       0.008|       0.011|
slv : | solve_BG_MDS                     |       0.688|     18|       0.038|       0.042|
slv : | solve_BG_alg_MDS                 |       0.501|     18|       0.028|       0.033|
slv : | solve_BL_MDS                     |       0.264|     18|       0.015|       0.019|
slv : | solve_CHT                        |       0.517|     18|       0.029|       0.039|
slv : | solve_CHT_MDS                    |       0.365|     18|       0.020|       0.024|
slv : | solve_CHT_alg_MDS                |       0.086|     18|       0.005|       0.007|
slv : | solve_DvGr_MDS                   |       1.682|     18|       0.093|       0.159|
slv : | solve_DvGr_alg_MDS               |       0.767|     18|       0.043|       0.081|
slv : | solve_INPR_MDS                   |       0.000|      1|       0.000|       0.000|
slv : | solve_PS+QJ                      |       0.000|      0|       0.000|       0.000|
slv : | solve_YLMA_MDS                   |       0.000|     18|       0.000|       0.000|
slv : | solve_YNOx_MDS                   |       0.000|     18|       0.000|       0.000|
slv : | solve_YTd_MDS                    |       0.000|     18|       0.000|       0.000|
slv : | solve_YTurb_MDS                  |       2.055|     18|       0.114|       0.138|
slv : | solve_YTurb_alg_MDS              |       0.948|     36|       0.026|       0.057|
slv : | update_BC_MDS                    |       0.000|     19|       0.000|       0.000|
slv : | update_Mf_after_DvGr             |       0.227|     18|       0.013|       0.023|
slv : | update_VelPressure_MDS           |       0.034|     18|       0.002|       0.003|
slv : +----------------------------------+------------+-------+------------+------------+
-----------------------------------------------------------------------
Memory Working Set Current = 403.43 Mb, Memory Working Set Peak = 406.30 Mb
Memory Private Bytes Current = 588.38 Mb, Memory Private Bytes Peak = 592.95 Mb
Process Threads Number: 16
-----------------------------------------------------------------------
Algebra Pool      : mem_usage = 408.44 Mb, allocated count = 1318

================== Tstep=18 ===================
<Dynamic P> on nsd = 0 {openings (inlet / outlet)}:
  (SP = Static Pressure, EP = Environment Pressure, TP = Total Pressure, E = External)
  {#0, E, (5.634271e-02 / 2.733793e+04)}
  {#1, E, (7.645544e-02 / 2.733792e+04)}
  {#2, E, (0.000000e+00 / 2.730548e+04)}
  {#3, E, (2.733187e+04 / 0.000000e+00)}
  {#4, E, (6.036544e-03 / 2.733793e+04)}
  {#5, E, (2.102001e-02 / 2.733805e+04)}
  MWS[  0]=7.6415
tau_viscous_averaged = 60.1864 
dt(mass,momentum; nsd=  0): min dt/dtG(ncv=  20185)=1.00 , max dt/dtG(ncv=  20064)=6.3    , dtG=0.000118825
Flow alg-view 0 in phys-view 0 isn't Neumann (not Multi Phase treating)
Face Momentum (sd=  0): max value of div(mf) (cv=21239) = 1.110769e-03
Flow alg-view 0 is not Neumann (not for Phase Change + Nested Iters)
+----+----+--------------+--------------+--------------+--------------+--------------+------+----+-+-+--+------+
|Name|view| Initial res  | Initial resL1| Target res   | Final res    | Final res L1 |Visits|Iter|R|F|CL|Status|
| BG |   0|  2.790930e-05|  5.437726e-01|  1.744331e-09|  1.206395e-09|  6.395057e-03|     8|  24|0|n|30|  OK  |
Face Momentum (sd=  0): max value of div(mf) (cv=21329) = 1.046436e-03
	norm_L2 of div(momentum) = 4.537269e-03.
Flow alg-view 0 in phys-view 0 isn't Neumann (not Multi Phase treating)
LOG: number of a-faces with weighted approximations in 0 subdomain: 7.15712 percent
LOG: Rate of a-faces corrected to CUp1st in 0 subdomain: 0.153453 %
slv : SolveBL stage
|nsd|Real WF|NormalF|Cycle F|CriticF| EdgeF |CyclBrF|ExtParF|RWFnumSt|StLvlNum|  nfw  |  alp_U_min  |  nfw  |  alp_U_max  |  nfw  |  alp_T_min  |  nfw  |  alp_T_max  |  nfw  |  BL_s_min   |  nfw  |   BL_s_max  |
|  0|   2054|   1807|     12|     12|    222|      1|      0|    2042|      64|   3991|0            |   3980|28.2267      |   3978|0            |   4064|32949        |  12026|-72828.2     |   3978|0            |
Face Momentum (sd=  0): max value of div(mf) (cv=21329) = 1.046436e-03
	norm_L2 of div(momentum) = 4.537269e-03.
nsd = 0 BC: AP Inlet occurs on 5510 w-faces
+----+----+----+--------------+--------------+--------------+--------------+--------------+------+----+-+-+--+------+
|Name|view| n_y| Initial res  | Initial resL1| Target res   | Final res    | Final res L1 |Visits|Iter|R|F|CL|Status|
+----+----+----+--------------+--------------+--------------+--------------+--------------+------+----+-+-+--+------+
| 3M |   0|   0|  2.712305e+02|  1.735069e+03|  2.497894e-02|  8.295270e-04|  3.657950e-01|     1|   3|0|n|29|  OK  |
Velocity (predicted):
        (local) sd   0: min(  20264)=3.725563876948       , max(  20185)=234.39331724853      
Flow alg-view 0 is not Neumann (not for Phase Change + Nested Iters)
+----+----+--------------+--------------+--------------+--------------+--------------+------+----+-+-+--+------+
|Name|view| Initial res  | Initial resL1| Target res   | Final res    | Final res L1 |Visits|Iter|R|F|CL|Status|
|DVGR|   0|  6.293613e-04|  1.809969e+00|  3.174981e-08|  2.331603e-08|  1.174856e-03|    17|  63|1|n|30|  OK  |
Filter(LC, geom_index=  0): isolating pressure from infinity =128 (in AUSM_cvs=0)
PRESSURE SOLVER(geom_index=  0): sum_C_dp=-0.15904
Face Momentum (sd=  0): max value of div(mf) (cv=21098) = 1.238325e-03
	norm_L2 of div(momentum) = 5.055162e-03.
nsd = 0 min_dtHy = 0.000118825 (nCV =	20185 ) max_dtHy = 0.000747004 (nCV =	20064 ) 
+----+----+--------------+--------------+--------------+--------------+--------------+------+----+-+-+--+------+
|Name|view| Initial res  | Initial resL1| Target res   | Final res    | Final res L1 |Visits|Iter|R|F|CL|Status|
|CHT |   0|  1.079122e+03|  1.071653e+03|  6.744510e-02|  1.858202e-10|  2.131902e-04|     1|   9|0|n|30|  OK  |
nsd = 0 min_dtke = 8.13714e-05 (nCV =	20235 ) max_dtke = 0.000412363 (nCV =	20205 ) 
+----+----+----+--------------+--------------+--------------+--------------+--------------+------+----+-+-+--+------+
|Name|view| n_y| Initial res  | Initial resL1| Target res   | Final res    | Final res L1 |Visits|Iter|R|F|CL|Status|
+----+----+----+--------------+--------------+--------------+--------------+--------------+------+----+-+-+--+------+
|turb|   0|   0|  1.225485e+04|  3.367410e+03|  3.431215e-04|  6.584481e-06|  5.864106e-02|     4|  24|0|n|30|  OK  |
|turb|   0|   1|  2.385159e+09|  1.367403e+06|  9.281446e-01|  4.097477e-01|  1.335595e+01|     4|  24|0|n|30|  OK  |
Filter: K,E,momentum: sd =   0 isolating K from zero=      1 E from zero=    628 E from infinity=      0
slv : Fluid subdom(new) 0
slv : P static (new)                 : min(  20176) = 90295.303995955      , max(   9492) = 572414.11795229      
slv : Density (new)                  : min(  20176) = 1.0206564220775      , max(  20258) = 6.3538783812684      
slv : Velocity (new)                 : min(  20141) = 2.3913768285865      , max(  20185) = 234.34855211462      
slv : Mach number (new)              : min(  20141) = 0.0067379859878706   , max(  20185) = 0.69119803183841     
slv : Turbulent k (new)              : min(  56038) = 1e-40                , max(  20131) = 999.82594112674      
slv : Turbulent e (new)              : min(  56038) = 3.2826143049178e-43  , max(  20131) = 1334672.8531331      
slv : Temperature (new)              : min(  20185) = 286.18395204121      , max(  20064) = 313.79261442727      
slv : Total enthalpy, Y-shifted (new): min(  20161) = 20424.486124188      , max(  20144) = 20905.507746533      
slv : MASS FLUXES AT OPENINGS: MF=-314.857, AP=315.015
slv : DvGr statistics: min alpha=0.0753886(nfa=208855, geom_slice=0)
slv : +----------------------------------+------------+-------+------------+------------+
slv : |          Collector name          | Total Time | Count |  Avg Time  |  Max Time  |
slv : +----------------------------------+------------+-------+------------+------------+
slv : | Calculate_inc                    |       7.835|     18|       0.435|       0.628|
slv : | CollectEMT_Results               |       0.000|     19|       0.000|       0.000|
slv : | HeatPathCalculator_Dynamic       |       0.021|      1|       0.021|       0.021|
slv : | LiSy_make_portrait               |       0.255|     97|       0.003|       0.017|
slv : | Results_processing               |       0.967|     18|       0.054|       0.067|
slv : | build_sl_ordering_CHT            |       0.016|     19|       0.001|       0.006|
slv : | build_sl_ordering_MDS            |       0.090|     19|       0.005|       0.019|
slv : | build_sl_ordering_fluid          |       0.090|     19|       0.005|       0.019|
slv : | calc_Convolutions_MDS            |       0.259|     19|       0.014|       0.022|
slv : | calc_wall_dist                   |       0.372|      1|       0.372|       0.372|
slv : | create_Gr_operators_MDS          |       0.272|     19|       0.014|       0.023|
slv : | create_Gr_operators_portrait_MDS |       0.135|     19|       0.007|       0.009|
slv : | init_Hy_group_MDS                |       0.273|     19|       0.014|       0.019|
slv : | perform_stage_total              |       7.313|    521|       0.014|       0.372|
slv : | precalc_at_start_MDS             |       0.666|      2|       0.333|       0.637|
slv : | solve_3M_MDS                     |       0.652|     19|       0.034|       0.046|
slv : | solve_3M_alg_MDS                 |       0.149|     19|       0.008|       0.011|
slv : | solve_BG_MDS                     |       0.727|     19|       0.038|       0.042|
slv : | solve_BG_alg_MDS                 |       0.528|     19|       0.028|       0.033|
slv : | solve_BL_MDS                     |       0.279|     19|       0.015|       0.019|
slv : | solve_CHT                        |       0.544|     19|       0.029|       0.039|
slv : | solve_CHT_MDS                    |       0.384|     19|       0.020|       0.024|
slv : | solve_CHT_alg_MDS                |       0.090|     19|       0.005|       0.007|
slv : | solve_DvGr_MDS                   |       1.815|     19|       0.096|       0.159|
slv : | solve_DvGr_alg_MDS               |       0.851|     19|       0.045|       0.083|
slv : | solve_INPR_MDS                   |       0.000|      1|       0.000|       0.000|
slv : | solve_PS+QJ                      |       0.000|      0|       0.000|       0.000|
slv : | solve_YLMA_MDS                   |       0.000|     19|       0.000|       0.000|
slv : | solve_YNOx_MDS                   |       0.000|     19|       0.000|       0.000|
slv : | solve_YTd_MDS                    |       0.000|     19|       0.000|       0.000|
slv : | solve_YTurb_MDS                  |       2.182|     19|       0.115|       0.138|
slv : | solve_YTurb_alg_MDS              |       1.011|     38|       0.027|       0.057|
slv : | update_BC_MDS                    |       0.000|     20|       0.000|       0.000|
slv : | update_Mf_after_DvGr             |       0.237|     19|       0.012|       0.023|
slv : | update_VelPressure_MDS           |       0.036|     19|       0.002|       0.003|
slv : +----------------------------------+------------+-------+------------+------------+
-----------------------------------------------------------------------
Memory Working Set Current = 403.35 Mb, Memory Working Set Peak = 406.30 Mb
Memory Private Bytes Current = 588.39 Mb, Memory Private Bytes Peak = 592.95 Mb
Process Threads Number: 16
-----------------------------------------------------------------------
Algebra Pool      : mem_usage = 408.44 Mb, allocated count = 1307

================== Tstep=19 ===================
<Dynamic P> on nsd = 0 {openings (inlet / outlet)}:
  (SP = Static Pressure, EP = Environment Pressure, TP = Total Pressure, E = External)
  {#0, E, (9.711193e-02 / 2.733800e+04)}
  {#1, E, (1.283709e-01 / 2.733804e+04)}
  {#2, E, (0.000000e+00 / 2.729578e+04)}
  {#3, E, (2.733063e+04 / 0.000000e+00)}
  {#4, E, (1.287077e-02 / 2.733792e+04)}
  {#5, E, (3.459492e-02 / 2.733820e+04)}
  MWS[  0]=7.62912
tau_viscous_averaged = 60.0557 
dt(mass,momentum; nsd=  0): min dt/dtG(ncv=  20185)=1.00 , max dt/dtG(ncv=  20064)=6.7    , dtG=0.000119057
Flow alg-view 0 in phys-view 0 isn't Neumann (not Multi Phase treating)
Face Momentum (sd=  0): max value of div(mf) (cv=21098) = 1.238325e-03
Flow alg-view 0 is not Neumann (not for Phase Change + Nested Iters)
+----+----+--------------+--------------+--------------+--------------+--------------+------+----+-+-+--+------+
|Name|view| Initial res  | Initial resL1| Target res   | Final res    | Final res L1 |Visits|Iter|R|F|CL|Status|
| BG |   0|  2.605236e-05|  3.488324e-01|  1.628272e-09|  5.313266e-10|  4.253381e-03|     8|  24|0|n|30|  OK  |
Face Momentum (sd=  0): max value of div(mf) (cv=21329) = 7.899830e-04
	norm_L2 of div(momentum) = 4.128242e-03.
Flow alg-view 0 in phys-view 0 isn't Neumann (not Multi Phase treating)
LOG: number of a-faces with weighted approximations in 0 subdomain: 7.7079 percent
LOG: Rate of a-faces corrected to CUp1st in 0 subdomain: 0.175709 %
slv : SolveBL stage
|nsd|Real WF|NormalF|Cycle F|CriticF| EdgeF |CyclBrF|ExtParF|RWFnumSt|StLvlNum|  nfw  |  alp_U_min  |  nfw  |  alp_U_max  |  nfw  |  alp_T_min  |  nfw  |  alp_T_max  |  nfw  |  BL_s_min   |  nfw  |   BL_s_max  |
|  0|   2054|   1811|      8|     12|    223|      0|      0|    2046|      64|   3996|0            |  12947|19.5838      |   3978|0            |   4019|265361       |  12026|-68035.8     |   3978|0            |
Face Momentum (sd=  0): max value of div(mf) (cv=21329) = 7.899830e-04
	norm_L2 of div(momentum) = 4.128242e-03.
nsd = 0 BC: AP Inlet occurs on 4074 w-faces
+----+----+----+--------------+--------------+--------------+--------------+--------------+------+----+-+-+--+------+
|Name|view| n_y| Initial res  | Initial resL1| Target res   | Final res    | Final res L1 |Visits|Iter|R|F|CL|Status|
+----+----+----+--------------+--------------+--------------+--------------+--------------+------+----+-+-+--+------+
| 3M |   0|   0|  2.599023e+02|  1.445428e+03|  2.492724e-02|  5.846771e-04|  2.928080e-01|     1|   3|0|n|29|  OK  |
Velocity (predicted):
        (local) sd   0: min(  20264)=5.8083083191013      , max(  20185)=233.85092198457      
Flow alg-view 0 is not Neumann (not for Phase Change + Nested Iters)
+----+----+--------------+--------------+--------------+--------------+--------------+------+----+-+-+--+------+
|Name|view| Initial res  | Initial resL1| Target res   | Final res    | Final res L1 |Visits|Iter|R|F|CL|Status|
|DVGR|   0|  6.541345e-04|  1.715717e+00|  3.154730e-08|  2.724103e-08|  1.431288e-03|    18|  72|1|n|30|  OK  |
Filter(LC, geom_index=  0): isolating pressure from infinity =148 (in AUSM_cvs=0)
PRESSURE SOLVER(geom_index=  0): sum_C_dp=-0.183763
Face Momentum (sd=  0): max value of div(mf) (cv=21507) = 1.054406e-03
	norm_L2 of div(momentum) = 4.739987e-03.
nsd = 0 min_dtHy = 0.000119057 (nCV =	20185 ) max_dtHy = 0.00079751 (nCV =	20064 ) 
+----+----+--------------+--------------+--------------+--------------+--------------+------+----+-+-+--+------+
|Name|view| Initial res  | Initial resL1| Target res   | Final res    | Final res L1 |Visits|Iter|R|F|CL|Status|
|CHT |   0|  9.901484e+02|  1.046208e+03|  6.188427e-02|  1.905709e-10|  2.078278e-04|     1|   9|0|n|30|  OK  |
nsd = 0 min_dtke = 8.41922e-05 (nCV =	20235 ) max_dtke = 0.000414066 (nCV =	20205 ) 
+----+----+----+--------------+--------------+--------------+--------------+--------------+------+----+-+-+--+------+
|Name|view| n_y| Initial res  | Initial resL1| Target res   | Final res    | Final res L1 |Visits|Iter|R|F|CL|Status|
+----+----+----+--------------+--------------+--------------+--------------+--------------+------+----+-+-+--+------+
|turb|   0|   0|  9.996955e+03|  3.097721e+03|  3.408663e-04|  4.839375e-06|  5.258952e-02|     4|  24|0|n|30|  OK  |
|turb|   0|   1|  1.984295e+09|  1.232870e+06|  9.190300e-01|  2.682724e-01|  1.150184e+01|     4|  24|0|n|30|  OK  |
Filter: K,E,momentum: sd =   0 isolating K from zero=      0 E from zero=    635 E from infinity=      0
slv : Fluid subdom(new) 0
slv : P static (new)                 : min(  20176) = 90443.978342401      , max(   9492) = 629655.52974752      
slv : Density (new)                  : min(  20176) = 1.0223327016794      , max(  20258) = 6.9891349430551      
slv : Velocity (new)                 : min(  20164) = 2.0211648181539      , max(  20185) = 233.6863619196       
slv : Mach number (new)              : min(  20164) = 0.0056949077810425   , max(  20185) = 0.68905731996857     
slv : Turbulent k (new)              : min(  56038) = 0.0058722307897527   , max(  20122) = 1047.9052570943      
slv : Turbulent e (new)              : min(  56038) = 0.0019169548084079   , max(  20131) = 1413033.1908036      
slv : Temperature (new)              : min(  20185) = 286.33981938557      , max(   9492) = 313.79649420049      
slv : Total enthalpy, Y-shifted (new): min(  20161) = 20412.052578442      , max(  20144) = 20910.299982801      
slv : MASS FLUXES AT OPENINGS: MF=-314.857, AP=315.04
slv : DvGr statistics: min alpha=0.0754632(nfa=208855, geom_slice=0)
slv : +----------------------------------+------------+-------+------------+------------+
slv : |          Collector name          | Total Time | Count |  Avg Time  |  Max Time  |
slv : +----------------------------------+------------+-------+------------+------------+
slv : | Calculate_inc                    |       8.315|     19|       0.438|       0.628|
slv : | CollectEMT_Results               |       0.000|     20|       0.000|       0.000|
slv : | HeatPathCalculator_Dynamic       |       0.021|      1|       0.021|       0.021|
slv : | LiSy_make_portrait               |       0.267|    102|       0.003|       0.017|
slv : | Results_processing               |       1.022|     19|       0.054|       0.067|
slv : | build_sl_ordering_CHT            |       0.016|     20|       0.001|       0.006|
slv : | build_sl_ordering_MDS            |       0.098|     20|       0.005|       0.019|
slv : | build_sl_ordering_fluid          |       0.098|     20|       0.005|       0.019|
slv : | calc_Convolutions_MDS            |       0.272|     20|       0.014|       0.022|
slv : | calc_wall_dist                   |       0.372|      1|       0.372|       0.372|
slv : | create_Gr_operators_MDS          |       0.286|     20|       0.014|       0.023|
slv : | create_Gr_operators_portrait_MDS |       0.141|     20|       0.007|       0.009|
slv : | init_Hy_group_MDS                |       0.287|     20|       0.014|       0.019|
slv : | perform_stage_total              |       7.722|    548|       0.014|       0.372|
slv : | precalc_at_start_MDS             |       0.666|      2|       0.333|       0.637|
slv : | solve_3M_MDS                     |       0.684|     20|       0.034|       0.046|
slv : | solve_3M_alg_MDS                 |       0.157|     20|       0.008|       0.011|
slv : | solve_BG_MDS                     |       0.764|     20|       0.038|       0.042|
slv : | solve_BG_alg_MDS                 |       0.553|     20|       0.028|       0.033|
slv : | solve_BL_MDS                     |       0.295|     20|       0.015|       0.019|
slv : | solve_CHT                        |       0.572|     20|       0.029|       0.039|
slv : | solve_CHT_MDS                    |       0.405|     20|       0.020|       0.024|
slv : | solve_CHT_alg_MDS                |       0.095|     20|       0.005|       0.007|
slv : | solve_DvGr_MDS                   |       1.953|     20|       0.098|       0.159|
slv : | solve_DvGr_alg_MDS               |       0.940|     20|       0.047|       0.090|
slv : | solve_INPR_MDS                   |       0.000|      1|       0.000|       0.000|
slv : | solve_PS+QJ                      |       0.000|      0|       0.000|       0.000|
slv : | solve_YLMA_MDS                   |       0.000|     20|       0.000|       0.000|
slv : | solve_YNOx_MDS                   |       0.000|     20|       0.000|       0.000|
slv : | solve_YTd_MDS                    |       0.000|     20|       0.000|       0.000|
slv : | solve_YTurb_MDS                  |       2.300|     20|       0.115|       0.138|
slv : | solve_YTurb_alg_MDS              |       1.070|     40|       0.027|       0.057|
slv : | update_BC_MDS                    |       0.000|     21|       0.000|       0.000|
slv : | update_Mf_after_DvGr             |       0.248|     20|       0.012|       0.023|
slv : | update_VelPressure_MDS           |       0.038|     20|       0.002|       0.003|
slv : +----------------------------------+------------+-------+------------+------------+
Interpolator cache: total calls 6976, optimised calls 2755 (39.5 %)
-----------------------------------------------------------------------
Memory Working Set Current = 403.45 Mb, Memory Working Set Peak = 406.30 Mb
Memory Private Bytes Current = 576.18 Mb, Memory Private Bytes Peak = 592.95 Mb
Process Threads Number: 16
-----------------------------------------------------------------------
Iteration : time = 2.69073 , count = 5 , time/count = 0.538146
Calculate_inc() : time = 2.38741 , count = 5 , time/count = 0.477481
TreatFlowEvolution() : time = 0.270027 , count = 5 , time/count = 0.0540054
SolverPreview : time = 0 , count = 5 , time/count = 0
TreatGoals : time = 0.254782 , count = 5 , time/count = 0.0509564
Algebra Pool      : mem_usage = 408.44 Mb, allocated count = 1312

================== Tstep=20 ===================
<Dynamic P> on nsd = 0 {openings (inlet / outlet)}:
  (SP = Static Pressure, EP = Environment Pressure, TP = Total Pressure, E = External)
  {#0, E, (1.080910e-01 / 2.733867e+04)}
  {#1, E, (1.415702e-01 / 2.733869e+04)}
  {#2, E, (0.000000e+00 / 2.728897e+04)}
  {#3, E, (2.733077e+04 / 0.000000e+00)}
  {#4, E, (1.531580e-02 / 2.733850e+04)}
  {#5, E, (3.912450e-02 / 2.733873e+04)}
  MWS[  0]=7.61392
tau_viscous_averaged = 60.0454 
dt(mass,momentum; nsd=  0): min dt/dtG(ncv=  20185)=1.00 , max dt/dtG(ncv=  20048)=7.0    , dtG=0.00017909
Flow alg-view 0 in phys-view 0 isn't Neumann (not Multi Phase treating)
Face Momentum (sd=  0): max value of div(mf) (cv=21507) = 1.054406e-03
Flow alg-view 0 is not Neumann (not for Phase Change + Nested Iters)
+----+----+--------------+--------------+--------------+--------------+--------------+------+----+-+-+--+------+
|Name|view| Initial res  | Initial resL1| Target res   | Final res    | Final res L1 |Visits|Iter|R|F|CL|Status|
| BG |   0|  2.324790e-05|  3.814586e-01|  1.452994e-09|  5.345431e-10|  3.738673e-03|     9|  27|0|n|30|  OK  |
Face Momentum (sd=  0): max value of div(mf) (cv=21331) = 7.890198e-04
	norm_L2 of div(momentum) = 3.267774e-03.
Flow alg-view 0 in phys-view 0 isn't Neumann (not Multi Phase treating)
LOG: number of a-faces with weighted approximations in 0 subdomain: 7.81973 percent
LOG: Rate of a-faces corrected to CUp1st in 0 subdomain: 0.186913 %
slv : SolveBL stage
|nsd|Real WF|NormalF|Cycle F|CriticF| EdgeF |CyclBrF|ExtParF|RWFnumSt|StLvlNum|  nfw  |  alp_U_min  |  nfw  |  alp_U_max  |  nfw  |  alp_T_min  |  nfw  |  alp_T_max  |  nfw  |  BL_s_min   |  nfw  |   BL_s_max  |
|  0|   2054|   1820|      4|     10|    220|      0|      0|    2050|      64|  10427|0            |  12947|19.586       |   3978|0            |   3983|405159       |  12026|-66282       |   3978|0            |
Face Momentum (sd=  0): max value of div(mf) (cv=21331) = 7.890198e-04
	norm_L2 of div(momentum) = 3.267774e-03.
nsd = 0 BC: AP Inlet occurs on 3990 w-faces
+----+----+----+--------------+--------------+--------------+--------------+--------------+------+----+-+-+--+------+
|Name|view| n_y| Initial res  | Initial resL1| Target res   | Final res    | Final res L1 |Visits|Iter|R|F|CL|Status|
+----+----+----+--------------+--------------+--------------+--------------+--------------+------+----+-+-+--+------+
| 3M |   0|   0|  2.549280e+02|  1.136764e+03|  1.868968e-02|  4.204658e-03|  8.088478e-01|     1|   3|0|n|29|  OK  |
Velocity (predicted):
        (local) sd   0: min(  21246)=7.8023843619397      , max(  20185)=232.94451281553      
Flow alg-view 0 is not Neumann (not for Phase Change + Nested Iters)
+----+----+--------------+--------------+--------------+--------------+--------------+------+----+-+-+--+------+
|Name|view| Initial res  | Initial resL1| Target res   | Final res    | Final res L1 |Visits|Iter|R|F|CL|Status|
|DVGR|   0|  7.892000e-04|  1.741150e+00|  4.932500e-08|  4.045555e-08|  2.373314e-03|    20|  90|1|n|30|  OK  |
Filter(LC, geom_index=  0): isolating pressure from infinity =168 (in AUSM_cvs=0)
PRESSURE SOLVER(geom_index=  0): sum_C_dp=-0.0673751
Face Momentum (sd=  0): max value of div(mf) (cv=21511) = 9.673120e-04
	norm_L2 of div(momentum) = 4.354789e-03.
nsd = 0 min_dtHy = 0.00017909 (nCV =	20185 ) max_dtHy = 0.00124762 (nCV =	20048 ) 
+----+----+--------------+--------------+--------------+--------------+--------------+------+----+-+-+--+------+
|Name|view| Initial res  | Initial resL1| Target res   | Final res    | Final res L1 |Visits|Iter|R|F|CL|Status|
|CHT |   0|  1.033769e+03|  1.097244e+03|  6.461054e-02|  2.248220e-06|  3.219322e-02|     1|   9|0|n|30|  OK  |
nsd = 0 min_dtke = 0.000108205 (nCV =	20230 ) max_dtke = 0.000542075 (nCV =	20051 ) 
+----+----+----+--------------+--------------+--------------+--------------+--------------+------+----+-+-+--+------+
|Name|view| n_y| Initial res  | Initial resL1| Target res   | Final res    | Final res L1 |Visits|Iter|R|F|CL|Status|
+----+----+----+--------------+--------------+--------------+--------------+--------------+------+----+-+-+--+------+
|turb|   0|   0|  8.141090e+03|  2.835121e+03|  2.552133e-04|  5.803722e-06|  6.623979e-02|     5|  30|0|n|30|  OK  |
|turb|   0|   1|  1.523383e+09|  1.099572e+06|  6.857465e-01|  2.219283e-01|  1.233173e+01|     5|  30|0|n|30|  OK  |
Filter: K,E,momentum: sd =   0 isolating K from zero=      0 E from zero=    666 E from infinity=      0
slv : Fluid subdom(new) 0
slv : P static (new)                 : min(  20176) = 90580.665621421      , max(   9492) = 692621.08272227      
slv : Density (new)                  : min(  20233) = 1.023716162896       , max(  20258) = 7.6879780792632      
slv : Velocity (new)                 : min(  20141) = 1.1417541745855      , max(  20185) = 232.76346588307      
slv : Mach number (new)              : min(  20141) = 0.003217060214153    , max(  20185) = 0.68607655890813     
slv : Turbulent k (new)              : min(  56036) = 0.010876225406745    , max(  20122) = 1100.8909514539      
slv : Turbulent e (new)              : min(  56036) = 0.005329752613912    , max(  20122) = 1498564.6025989      
slv : Temperature (new)              : min(  20185) = 286.55644552057      , max(   9492) = 313.80318655223      
slv : Total enthalpy, Y-shifted (new): min(  20133) = 20393.30238712       , max(  20144) = 20916.530904331      
slv : MASS FLUXES AT OPENINGS: MF=-314.857, AP=314.924
slv : DvGr statistics: min alpha=0.0755253(nfa=208855, geom_slice=0)
slv : +----------------------------------+------------+-------+------------+------------+
slv : |          Collector name          | Total Time | Count |  Avg Time  |  Max Time  |
slv : +----------------------------------+------------+-------+------------+------------+
slv : | Calculate_inc                    |       8.795|     20|       0.440|       0.628|
slv : | CollectEMT_Results               |       0.000|     21|       0.000|       0.000|
slv : | HeatPathCalculator_Dynamic       |       0.021|      1|       0.021|       0.021|
slv : | LiSy_make_portrait               |       0.276|    106|       0.003|       0.017|
slv : | Results_processing               |       1.075|     20|       0.054|       0.067|
slv : | build_sl_ordering_CHT            |       0.016|     21|       0.001|       0.006|
slv : | build_sl_ordering_MDS            |       0.099|     21|       0.005|       0.019|
slv : | build_sl_ordering_fluid          |       0.098|     21|       0.005|       0.019|
slv : | calc_Convolutions_MDS            |       0.285|     21|       0.014|       0.022|
slv : | calc_wall_dist                   |       0.372|      1|       0.372|       0.372|
slv : | create_Gr_operators_MDS          |       0.301|     21|       0.014|       0.023|
slv : | create_Gr_operators_portrait_MDS |       0.148|     21|       0.007|       0.009|
slv : | init_Hy_group_MDS                |       0.303|     21|       0.014|       0.019|
slv : | perform_stage_total              |       8.304|    575|       0.014|       0.372|
slv : | precalc_at_start_MDS             |       0.666|      2|       0.333|       0.637|
slv : | solve_3M_MDS                     |       0.718|     21|       0.034|       0.046|
slv : | solve_3M_alg_MDS                 |       0.165|     21|       0.008|       0.011|
slv : | solve_BG_MDS                     |       0.803|     21|       0.038|       0.042|
slv : | solve_BG_alg_MDS                 |       0.580|     21|       0.028|       0.033|
slv : | solve_BL_MDS                     |       0.309|     21|       0.015|       0.019|
slv : | solve_CHT                        |       0.600|     21|       0.029|       0.039|
slv : | solve_CHT_MDS                    |       0.424|     21|       0.020|       0.024|
slv : | solve_CHT_alg_MDS                |       0.100|     21|       0.005|       0.007|
slv : | solve_DvGr_MDS                   |       2.256|     21|       0.107|       0.303|
slv : | solve_DvGr_alg_MDS               |       1.196|     21|       0.057|       0.255|
slv : | solve_INPR_MDS                   |       0.000|      1|       0.000|       0.000|
slv : | solve_PS+QJ                      |       0.000|      0|       0.000|       0.000|
slv : | solve_YLMA_MDS                   |       0.000|     21|       0.000|       0.000|
slv : | solve_YNOx_MDS                   |       0.000|     21|       0.000|       0.000|
slv : | solve_YTd_MDS                    |       0.000|     21|       0.000|       0.000|
slv : | solve_YTurb_MDS                  |       2.427|     21|       0.116|       0.138|
slv : | solve_YTurb_alg_MDS              |       1.139|     42|       0.027|       0.057|
slv : | update_BC_MDS                    |       0.000|     22|       0.000|       0.000|
slv : | update_Mf_after_DvGr             |       0.259|     21|       0.012|       0.023|
slv : | update_VelPressure_MDS           |       0.040|     21|       0.002|       0.003|
slv : +----------------------------------+------------+-------+------------+------------+
-----------------------------------------------------------------------
Memory Working Set Current = 403.68 Mb, Memory Working Set Peak = 406.38 Mb
Memory Private Bytes Current = 588.41 Mb, Memory Private Bytes Peak = 592.95 Mb
Process Threads Number: 16
-----------------------------------------------------------------------
Algebra Pool      : mem_usage = 408.44 Mb, allocated count = 1304

================== Tstep=21 ===================
<Dynamic P> on nsd = 0 {openings (inlet / outlet)}:
  (SP = Static Pressure, EP = Environment Pressure, TP = Total Pressure, E = External)
  {#0, E, (1.034224e-01 / 2.733939e+04)}
  {#1, E, (1.337883e-01 / 2.733937e+04)}
  {#2, E, (0.000000e+00 / 2.728180e+04)}
  {#3, E, (2.733197e+04 / 0.000000e+00)}
  {#4, E, (1.565034e-02 / 2.733915e+04)}
  {#5, E, (3.818723e-02 / 2.733925e+04)}
  MWS[  0]=7.58917
tau_viscous_averaged = 59.8205 
dt(mass,momentum; nsd=  0): min dt/dtG(ncv=  20185)=1.00 , max dt/dtG(ncv=   9492)=7.3    , dtG=0.000179888
Flow alg-view 0 in phys-view 0 isn't Neumann (not Multi Phase treating)
Face Momentum (sd=  0): max value of div(mf) (cv=21511) = 9.673120e-04
Flow alg-view 0 is not Neumann (not for Phase Change + Nested Iters)
+----+----+--------------+--------------+--------------+--------------+--------------+------+----+-+-+--+------+
|Name|view| Initial res  | Initial resL1| Target res   | Final res    | Final res L1 |Visits|Iter|R|F|CL|Status|
| BG |   0|  1.940174e-05|  2.675047e-01|  1.212609e-09|  8.215370e-10|  3.612231e-03|     9|  27|0|n|30|  OK  |
Face Momentum (sd=  0): max value of div(mf) (cv=21337) = 5.865093e-04
	norm_L2 of div(momentum) = 2.176817e-03.
Flow alg-view 0 in phys-view 0 isn't Neumann (not Multi Phase treating)
LOG: number of a-faces with weighted approximations in 0 subdomain: 8.2511 percent
LOG: Rate of a-faces corrected to CUp1st in 0 subdomain: 0.176409 %
slv : SolveBL stage
|nsd|Real WF|NormalF|Cycle F|CriticF| EdgeF |CyclBrF|ExtParF|RWFnumSt|StLvlNum|  nfw  |  alp_U_min  |  nfw  |  alp_U_max  |  nfw  |  alp_T_min  |  nfw  |  alp_T_max  |  nfw  |  BL_s_min   |  nfw  |   BL_s_max  |
|  0|   2054|   1811|      8|     12|    222|      1|      0|    2046|      64|   3991|0            |  12947|19.5916      |   3978|0            |   4053|16377.2      |  12026|-66664.8     |   3978|0            |
Face Momentum (sd=  0): max value of div(mf) (cv=21337) = 5.865093e-04
	norm_L2 of div(momentum) = 2.176817e-03.
nsd = 0 BC: AP Inlet occurs on 4146 w-faces
+----+----+----+--------------+--------------+--------------+--------------+--------------+------+----+-+-+--+------+
|Name|view| n_y| Initial res  | Initial resL1| Target res   | Final res    | Final res L1 |Visits|Iter|R|F|CL|Status|
+----+----+----+--------------+--------------+--------------+--------------+--------------+------+----+-+-+--+------+
| 3M |   0|   0|  2.487110e+02|  9.971465e+02|  1.858924e-02|  3.530292e-03|  6.682043e-01|     1|   3|0|n|29|  OK  |
Velocity (predicted):
        (local) sd   0: min(  21231)=7.5773456192517      , max(  20185)=232.07911013963      
Flow alg-view 0 is not Neumann (not for Phase Change + Nested Iters)
+----+----+--------------+--------------+--------------+--------------+--------------+------+----+-+-+--+------+
|Name|view| Initial res  | Initial resL1| Target res   | Final res    | Final res L1 |Visits|Iter|R|F|CL|Status|
|DVGR|   0|  7.465109e-04|  1.434179e+00|  4.665693e-08|  3.696111e-08|  2.752932e-03|    20|  90|1|n|30|  OK  |
Filter(LC, geom_index=  0): isolating pressure from infinity =180 (in AUSM_cvs=0)
PRESSURE SOLVER(geom_index=  0): sum_C_dp=0.0412291
Face Momentum (sd=  0): max value of div(mf) (cv=21531) = 8.226619e-04
	norm_L2 of div(momentum) = 3.837035e-03.
nsd = 0 min_dtHy = 0.000179888 (nCV =	20185 ) max_dtHy = 0.00131085 (nCV =	9492 ) 
+----+----+--------------+--------------+--------------+--------------+--------------+------+----+-+-+--+------+
|Name|view| Initial res  | Initial resL1| Target res   | Final res    | Final res L1 |Visits|Iter|R|F|CL|Status|
|CHT |   0|  9.494015e+02|  1.071925e+03|  5.933759e-02|  2.387655e-06|  3.292687e-02|     1|   9|0|n|30|  OK  |
nsd = 0 min_dtke = 0.000109687 (nCV =	20230 ) max_dtke = 0.000583875 (nCV =	20051 ) 
+----+----+----+--------------+--------------+--------------+--------------+--------------+------+----+-+-+--+------+
|Name|view| n_y| Initial res  | Initial resL1| Target res   | Final res    | Final res L1 |Visits|Iter|R|F|CL|Status|
+----+----+----+--------------+--------------+--------------+--------------+--------------+------+----+-+-+--+------+
|turb|   0|   0|  6.286111e+03|  2.522337e+03|  2.517421e-04|  4.600025e-06|  6.039409e-02|     5|  30|0|n|30|  OK  |
|turb|   0|   1|  1.056583e+09|  9.460167e+05|  6.719876e-01|  1.658195e-01|  1.091272e+01|     5|  30|0|n|30|  OK  |
Filter: K,E,momentum: sd =   0 isolating K from zero=      0 E from zero=    670 E from infinity=      0
slv : Fluid subdom(new) 0
slv : P static (new)                 : min(  20233) = 90701.660220721      , max(   9483) = 705011.42465688      
slv : Density (new)                  : min(  20233) = 1.02489582177        , max(   9483) = 7.82557700185        
slv : Velocity (new)                 : min(  20145) = 0.69305764196186     , max(  20185) = 231.92402316126      
slv : Mach number (new)              : min(  20145) = 0.0019528014362205   , max(  20185) = 0.68336763343872     
slv : Turbulent k (new)              : min(  56036) = 0.0066354744215324   , max(  20122) = 1132.1270919702      
slv : Turbulent e (new)              : min(  56036) = 0.0025379990087071   , max(  20122) = 1554228.1909408      
slv : Temperature (new)              : min(  20185) = 286.75326705534      , max(   9492) = 313.80261156215      
slv : Total enthalpy, Y-shifted (new): min(  20133) = 20374.662480667      , max(  20144) = 20920.896810155      
slv : MASS FLUXES AT OPENINGS: MF=-314.857, AP=314.816
slv : DvGr statistics: min alpha=0.0755906(nfa=208855, geom_slice=0)
slv : +----------------------------------+------------+-------+------------+------------+
slv : |          Collector name          | Total Time | Count |  Avg Time  |  Max Time  |
slv : +----------------------------------+------------+-------+------------+------------+
slv : | Calculate_inc                    |       9.448|     21|       0.450|       0.652|
slv : | CollectEMT_Results               |       0.000|     22|       0.000|       0.000|
slv : | HeatPathCalculator_Dynamic       |       0.021|      1|       0.021|       0.021|
slv : | LiSy_make_portrait               |       0.284|    110|       0.003|       0.017|
slv : | Results_processing               |       1.135|     21|       0.054|       0.067|
slv : | build_sl_ordering_CHT            |       0.016|     22|       0.001|       0.006|
slv : | build_sl_ordering_MDS            |       0.099|     22|       0.004|       0.019|
slv : | build_sl_ordering_fluid          |       0.098|     22|       0.004|       0.019|
slv : | calc_Convolutions_MDS            |       0.298|     22|       0.014|       0.022|
slv : | calc_wall_dist                   |       0.372|      1|       0.372|       0.372|
slv : | create_Gr_operators_MDS          |       0.315|     22|       0.014|       0.023|
slv : | create_Gr_operators_portrait_MDS |       0.156|     22|       0.007|       0.009|
slv : | init_Hy_group_MDS                |       0.316|     22|       0.014|       0.019|
slv : | perform_stage_total              |       8.732|    602|       0.015|       0.372|
slv : | precalc_at_start_MDS             |       0.666|      2|       0.333|       0.637|
slv : | solve_3M_MDS                     |       0.751|     22|       0.034|       0.046|
slv : | solve_3M_alg_MDS                 |       0.173|     22|       0.008|       0.011|
slv : | solve_BG_MDS                     |       0.838|     22|       0.038|       0.042|
slv : | solve_BG_alg_MDS                 |       0.605|     22|       0.027|       0.033|
slv : | solve_BL_MDS                     |       0.324|     22|       0.015|       0.019|
slv : | solve_CHT                        |       0.628|     22|       0.029|       0.039|
slv : | solve_CHT_MDS                    |       0.445|     22|       0.020|       0.024|
slv : | solve_CHT_alg_MDS                |       0.105|     22|       0.005|       0.007|
slv : | solve_DvGr_MDS                   |       2.412|     22|       0.110|       0.303|
slv : | solve_DvGr_alg_MDS               |       1.302|     22|       0.059|       0.255|
slv : | solve_INPR_MDS                   |       0.000|      1|       0.000|       0.000|
slv : | solve_PS+QJ                      |       0.000|      0|       0.000|       0.000|
slv : | solve_YLMA_MDS                   |       0.000|     22|       0.000|       0.000|
slv : | solve_YNOx_MDS                   |       0.000|     22|       0.000|       0.000|
slv : | solve_YTd_MDS                    |       0.000|     22|       0.000|       0.000|
slv : | solve_YTurb_MDS                  |       2.560|     22|       0.116|       0.138|
slv : | solve_YTurb_alg_MDS              |       1.207|     44|       0.027|       0.057|
slv : | update_BC_MDS                    |       0.000|     23|       0.000|       0.000|
slv : | update_Mf_after_DvGr             |       0.270|     22|       0.012|       0.023|
slv : | update_VelPressure_MDS           |       0.042|     22|       0.002|       0.003|
slv : +----------------------------------+------------+-------+------------+------------+
-----------------------------------------------------------------------
Memory Working Set Current = 403.79 Mb, Memory Working Set Peak = 406.38 Mb
Memory Private Bytes Current = 564.10 Mb, Memory Private Bytes Peak = 592.95 Mb
Process Threads Number: 16
-----------------------------------------------------------------------
Algebra Pool      : mem_usage = 408.44 Mb, allocated count = 1316

================== Tstep=22 ===================
<Dynamic P> on nsd = 0 {openings (inlet / outlet)}:
  (SP = Static Pressure, EP = Environment Pressure, TP = Total Pressure, E = External)
  {#0, E, (8.548225e-02 / 2.733968e+04)}
  {#1, E, (1.078286e-01 / 2.733968e+04)}
  {#2, E, (0.000000e+00 / 2.727271e+04)}
  {#3, E, (2.733251e+04 / 0.000000e+00)}
  {#4, E, (1.456694e-02 / 2.733934e+04)}
  {#5, E, (3.374616e-02 / 2.733943e+04)}
  MWS[  0]=7.56621
tau_viscous_averaged = 59.6957 
dt(mass,momentum; nsd=  0): min dt/dtG(ncv=  20259)=1.00 , max dt/dtG(ncv=   9492)=7.4    , dtG=0.000180343
Flow alg-view 0 in phys-view 0 isn't Neumann (not Multi Phase treating)
Face Momentum (sd=  0): max value of div(mf) (cv=21531) = 8.226619e-04
Flow alg-view 0 is not Neumann (not for Phase Change + Nested Iters)
+----+----+--------------+--------------+--------------+--------------+--------------+------+----+-+-+--+------+
|Name|view| Initial res  | Initial resL1| Target res   | Final res    | Final res L1 |Visits|Iter|R|F|CL|Status|
| BG |   0|  1.484377e-05|  1.173120e-01|  9.277356e-10|  3.034535e-10|  1.606411e-03|    10|  30|0|n|30|  OK  |
Face Momentum (sd=  0): max value of div(mf) (cv=21415) = 2.719074e-04
	norm_L2 of div(momentum) = 9.887032e-04.
Flow alg-view 0 in phys-view 0 isn't Neumann (not Multi Phase treating)
LOG: number of a-faces with weighted approximations in 0 subdomain: 8.21074 percent
LOG: Rate of a-faces corrected to CUp1st in 0 subdomain: 0.166723 %
slv : SolveBL stage
|nsd|Real WF|NormalF|Cycle F|CriticF| EdgeF |CyclBrF|ExtParF|RWFnumSt|StLvlNum|  nfw  |  alp_U_min  |  nfw  |  alp_U_max  |  nfw  |  alp_T_min  |  nfw  |  alp_T_max  |  nfw  |  BL_s_min   |  nfw  |   BL_s_max  |
|  0|   2054|   1808|      8|     12|    225|      1|      0|    2046|      64|   3991|0            |  12947|19.5942      |   3978|0            |   4001|23978.6      |  12026|-66421.2     |   3978|0            |
Face Momentum (sd=  0): max value of div(mf) (cv=21415) = 2.719074e-04
	norm_L2 of div(momentum) = 9.887032e-04.
nsd = 0 BC: AP Inlet occurs on 4172 w-faces
+----+----+----+--------------+--------------+--------------+--------------+--------------+------+----+-+-+--+------+
|Name|view| n_y| Initial res  | Initial resL1| Target res   | Final res    | Final res L1 |Visits|Iter|R|F|CL|Status|
+----+----+----+--------------+--------------+--------------+--------------+--------------+------+----+-+-+--+------+
| 3M |   0|   0|  2.204749e+02|  9.337381e+02|  1.849154e-02|  3.043968e-03|  6.000259e-01|     1|   3|0|n|29|  OK  |
Velocity (predicted):
        (local) sd   0: min(  21235)=9.2509104794604      , max(  20185)=231.27186180898      
Flow alg-view 0 is not Neumann (not for Phase Change + Nested Iters)
+----+----+--------------+--------------+--------------+--------------+--------------+------+----+-+-+--+------+
|Name|view| Initial res  | Initial resL1| Target res   | Final res    | Final res L1 |Visits|Iter|R|F|CL|Status|
|DVGR|   0|  7.959458e-04|  1.361753e+00|  4.974661e-08|  4.496398e-08|  3.524144e-03|    17|  63|1|n|30|  OK  |
Filter(LC, geom_index=  0): isolating pressure from zero=20 (in AUSM_cvs=0)
Filter(LC, geom_index=  0): isolating pressure from infinity =172 (in AUSM_cvs=0)
PRESSURE SOLVER(geom_index=  0): sum_C_dp=0.0700267
Face Momentum (sd=  0): max value of div(mf) (cv=21412) = 5.162641e-04
	norm_L2 of div(momentum) = 1.942932e-03.
nsd = 0 min_dtHy = 0.000180344 (nCV =	20259 ) max_dtHy = 0.00133079 (nCV =	9492 ) 
+----+----+--------------+--------------+--------------+--------------+--------------+------+----+-+-+--+------+
|Name|view| Initial res  | Initial resL1| Target res   | Final res    | Final res L1 |Visits|Iter|R|F|CL|Status|
|CHT |   0|  8.826896e+02|  1.039869e+03|  5.516810e-02|  2.611861e-06|  3.521880e-02|     1|   9|0|n|30|  OK  |
nsd = 0 min_dtke = 0.000110952 (nCV =	20230 ) max_dtke = 0.000579995 (nCV =	20051 ) 
+----+----+----+--------------+--------------+--------------+--------------+--------------+------+----+-+-+--+------+
|Name|view| n_y| Initial res  | Initial resL1| Target res   | Final res    | Final res L1 |Visits|Iter|R|F|CL|Status|
+----+----+----+--------------+--------------+--------------+--------------+--------------+------+----+-+-+--+------+
|turb|   0|   0|  4.991834e+03|  2.265936e+03|  2.485262e-04|  1.801446e-04|  4.180568e-01|     4|  24|0|n|30|  OK  |
|turb|   0|   1|  8.233413e+08|  8.295722e+05|  6.593524e-01|  1.195260e-01|  9.788063e+00|     5|  30|0|n|30|  OK  |
Filter: K,E,momentum: sd =   0 isolating K from zero=      0 E from zero=    659 E from infinity=      0
slv : Fluid subdom(new) 0
slv : P static (new)                 : min(  20176) = 90791.996666498      , max(   9483) = 669760.85342404      
slv : Density (new)                  : min(   9467) = 1.0257465122435      , max(   9483) = 7.4343140352862      
slv : Velocity (new)                 : min(  20141) = 0.034141976658594    , max(  20185) = 231.17810472383      
slv : Mach number (new)              : min(  20141) = 9.6200898684457e-05  , max(  20185) = 0.68096071997756     
slv : Turbulent k (new)              : min(  56036) = 0.03401189020376     , max(  20122) = 1155.9297381115      
slv : Turbulent e (new)              : min(  56036) = 0.029392680077083    , max(  20122) = 1595490.6709375      
slv : Temperature (new)              : min(  20185) = 286.92935939973      , max(  20258) = 313.7994357423       
slv : Total enthalpy, Y-shifted (new): min(  20152) = 20358.114479621      , max(  20144) = 20924.398761984      
slv : MASS FLUXES AT OPENINGS: MF=-314.857, AP=314.787
slv : DvGr statistics: min alpha=0.0756337(nfa=208855, geom_slice=0)
slv : +----------------------------------+------------+-------+------------+------------+
slv : |          Collector name          | Total Time | Count |  Avg Time  |  Max Time  |
slv : +----------------------------------+------------+-------+------------+------------+
slv : | Calculate_inc                    |       9.946|     22|       0.452|       0.652|
slv : | CollectEMT_Results               |       0.000|     23|       0.000|       0.000|
slv : | HeatPathCalculator_Dynamic       |       0.021|      1|       0.021|       0.021|
slv : | LiSy_make_portrait               |       0.294|    114|       0.003|       0.017|
slv : | Results_processing               |       1.190|     22|       0.054|       0.067|
slv : | build_sl_ordering_CHT            |       0.016|     23|       0.001|       0.006|
slv : | build_sl_ordering_MDS            |       0.099|     23|       0.004|       0.019|
slv : | build_sl_ordering_fluid          |       0.099|     23|       0.004|       0.019|
slv : | calc_Convolutions_MDS            |       0.310|     23|       0.013|       0.022|
slv : | calc_wall_dist                   |       0.372|      1|       0.372|       0.372|
slv : | create_Gr_operators_MDS          |       0.329|     23|       0.014|       0.023|
slv : | create_Gr_operators_portrait_MDS |       0.162|     23|       0.007|       0.009|
slv : | init_Hy_group_MDS                |       0.330|     23|       0.014|       0.019|
slv : | perform_stage_total              |       9.134|    629|       0.015|       0.372|
slv : | precalc_at_start_MDS             |       0.666|      2|       0.333|       0.637|
slv : | solve_3M_MDS                     |       0.784|     23|       0.034|       0.046|
slv : | solve_3M_alg_MDS                 |       0.181|     23|       0.008|       0.011|
slv : | solve_BG_MDS                     |       0.876|     23|       0.038|       0.042|
slv : | solve_BG_alg_MDS                 |       0.632|     23|       0.027|       0.033|
slv : | solve_BL_MDS                     |       0.338|     23|       0.015|       0.019|
slv : | solve_CHT                        |       0.656|     23|       0.029|       0.039|
slv : | solve_CHT_MDS                    |       0.465|     23|       0.020|       0.024|
slv : | solve_CHT_alg_MDS                |       0.109|     23|       0.005|       0.007|
slv : | solve_DvGr_MDS                   |       2.542|     23|       0.111|       0.303|
slv : | solve_DvGr_alg_MDS               |       1.384|     23|       0.060|       0.255|
slv : | solve_INPR_MDS                   |       0.000|      1|       0.000|       0.000|
slv : | solve_PS+QJ                      |       0.000|      0|       0.000|       0.000|
slv : | solve_YLMA_MDS                   |       0.000|     23|       0.000|       0.000|
slv : | solve_YNOx_MDS                   |       0.000|     23|       0.000|       0.000|
slv : | solve_YTd_MDS                    |       0.000|     23|       0.000|       0.000|
slv : | solve_YTurb_MDS                  |       2.686|     23|       0.117|       0.138|
slv : | solve_YTurb_alg_MDS              |       1.273|     46|       0.028|       0.057|
slv : | update_BC_MDS                    |       0.000|     24|       0.000|       0.000|
slv : | update_Mf_after_DvGr             |       0.280|     23|       0.012|       0.023|
slv : | update_VelPressure_MDS           |       0.043|     23|       0.002|       0.003|
slv : +----------------------------------+------------+-------+------------+------------+
-----------------------------------------------------------------------
Memory Working Set Current = 403.48 Mb, Memory Working Set Peak = 406.38 Mb
Memory Private Bytes Current = 588.27 Mb, Memory Private Bytes Peak = 592.95 Mb
Process Threads Number: 16
-----------------------------------------------------------------------
Algebra Pool      : mem_usage = 408.44 Mb, allocated count = 1316

================== Tstep=23 ===================
<Dynamic P> on nsd = 0 {openings (inlet / outlet)}:
  (SP = Static Pressure, EP = Environment Pressure, TP = Total Pressure, E = External)
  {#0, E, (7.366082e-02 / 2.733973e+04)}
  {#1, E, (9.400489e-02 / 2.733971e+04)}
  {#2, E, (0.000000e+00 / 2.726194e+04)}
  {#3, E, (2.733251e+04 / 0.000000e+00)}
  {#4, E, (1.273445e-02 / 2.733932e+04)}
  {#5, E, (2.902487e-02 / 2.733943e+04)}
  MWS[  0]=7.54504
tau_viscous_averaged = 59.8294 
dt(mass,momentum; nsd=  0): min dt/dtG(ncv=  20259)=1.00 , max dt/dtG(ncv=  20186)=7.3    , dtG=0.000180733
Flow alg-view 0 in phys-view 0 isn't Neumann (not Multi Phase treating)
Face Momentum (sd=  0): max value of div(mf) (cv=21412) = 5.162641e-04
Flow alg-view 0 is not Neumann (not for Phase Change + Nested Iters)
+----+----+--------------+--------------+--------------+--------------+--------------+------+----+-+-+--+------+
|Name|view| Initial res  | Initial resL1| Target res   | Final res    | Final res L1 |Visits|Iter|R|F|CL|Status|
| BG |   0|  3.804905e-06|  8.848916e-02|  4.974661e-10|  3.412384e-10|  1.875390e-03|     9|  27|0|n|30|  OK  |
log10(resTarget_Lim / resTarget_Orig): 0.3 
Face Momentum (sd=  0): max value of div(mf) (cv=21415) = 2.925280e-05
	norm_L2 of div(momentum) = 2.048223e-04.
Flow alg-view 0 in phys-view 0 isn't Neumann (not Multi Phase treating)
LOG: number of a-faces with weighted approximations in 0 subdomain: 8.42516 percent
LOG: Rate of a-faces corrected to CUp1st in 0 subdomain: 0.163943 %
slv : SolveBL stage
|nsd|Real WF|NormalF|Cycle F|CriticF| EdgeF |CyclBrF|ExtParF|RWFnumSt|StLvlNum|  nfw  |  alp_U_min  |  nfw  |  alp_U_max  |  nfw  |  alp_T_min  |  nfw  |  alp_T_max  |  nfw  |  BL_s_min   |  nfw  |   BL_s_max  |
|  0|   2054|   1816|      6|     12|    219|      1|      0|    2048|      64|   3991|0            |  12947|19.5943      |   3978|0            |   4053|27658.8      |  12026|-67594.7     |   3978|0            |
Face Momentum (sd=  0): max value of div(mf) (cv=21415) = 2.925280e-05
	norm_L2 of div(momentum) = 2.048223e-04.
nsd = 0 BC: AP Inlet occurs on 3876 w-faces
+----+----+----+--------------+--------------+--------------+--------------+--------------+------+----+-+-+--+------+
|Name|view| n_y| Initial res  | Initial resL1| Target res   | Final res    | Final res L1 |Visits|Iter|R|F|CL|Status|
+----+----+----+--------------+--------------+--------------+--------------+--------------+------+----+-+-+--+------+
| 3M |   0|   0|  1.732863e+02|  8.607669e+02|  1.839645e-02|  2.682908e-03|  5.577795e-01|     1|   3|0|n|29|  OK  |
Velocity (predicted):
        (local) sd   0: min(  21231)=8.7141603020424      , max(  20185)=230.53290173047      
Flow alg-view 0 is not Neumann (not for Phase Change + Nested Iters)
+----+----+--------------+--------------+--------------+--------------+--------------+------+----+-+-+--+------+
|Name|view| Initial res  | Initial resL1| Target res   | Final res    | Final res L1 |Visits|Iter|R|F|CL|Status|
|DVGR|   0|  6.396266e-04|  1.326102e+00|  3.997666e-08|  2.865519e-08|  2.927092e-03|    10|  30|0|n|30|  OK  |
Filter(LC, geom_index=  0): isolating pressure from zero=28 (in AUSM_cvs=0)
Filter(LC, geom_index=  0): isolating pressure from infinity =172 (in AUSM_cvs=0)
PRESSURE SOLVER(geom_index=  0): sum_C_dp=0.0406461
Face Momentum (sd=  0): max value of div(mf) (cv=10493) = 8.110512e-05
	norm_L2 of div(momentum) = 5.383738e-04.
nsd = 0 min_dtHy = 0.000180733 (nCV =	20259 ) max_dtHy = 0.00132242 (nCV =	20186 ) 
+----+----+--------------+--------------+--------------+--------------+--------------+------+----+-+-+--+------+
|Name|view| Initial res  | Initial resL1| Target res   | Final res    | Final res L1 |Visits|Iter|R|F|CL|Status|
|CHT |   0|  8.471434e+02|  1.026862e+03|  5.294646e-02|  2.565847e-06|  3.606503e-02|     1|   9|0|n|30|  OK  |
nsd = 0 min_dtke = 0.000111958 (nCV =	20230 ) max_dtke = 0.000626531 (nCV =	20262 ) 
+----+----+----+--------------+--------------+--------------+--------------+--------------+------+----+-+-+--+------+
|Name|view| n_y| Initial res  | Initial resL1| Target res   | Final res    | Final res L1 |Visits|Iter|R|F|CL|Status|
+----+----+----+--------------+--------------+--------------+--------------+--------------+------+----+-+-+--+------+
|turb|   0|   0|  4.072733e+03|  2.051921e+03|  2.455783e-04|  1.397615e-04|  3.803527e-01|     4|  24|0|n|30|  OK  |
|turb|   0|   1|  7.143626e+08|  7.425340e+05|  6.478483e-01|  1.024252e-01|  9.106797e+00|     5|  30|0|n|30|  OK  |
Filter: K,E,momentum: sd =   0 isolating K from zero=      0 E from zero=    626 E from infinity=      0
slv : Fluid subdom(new) 0
slv : P static (new)                 : min(  20176) = 90846.632920727      , max(   9483) = 636272.81075284      
slv : Density (new)                  : min(  20038) = 1.0261991652712      , max(   9483) = 7.0627314747001      
slv : Velocity (new)                 : min(  20168) = 0.86761597877511     , max(  20185) = 230.51561914347      
slv : Mach number (new)              : min(  20168) = 0.0024446713166014   , max(  20185) = 0.67882489003249     
slv : Turbulent k (new)              : min(  46128) = 0.05784441682734     , max(  20122) = 1181.2030723068      
slv : Turbulent e (new)              : min(  66515) = 0.10920704098214     , max(  20122) = 1640213.9228233      
slv : Temperature (new)              : min(  20185) = 287.08527139908      , max(   9492) = 313.79465461957      
slv : Total enthalpy, Y-shifted (new): min(  20133) = 20340.596260106      , max(  20144) = 20927.367894211      
slv : MASS FLUXES AT OPENINGS: MF=-314.857, AP=314.817
slv : DvGr statistics: min alpha=0.0756614(nfa=208855, geom_slice=0)
slv : +----------------------------------+------------+-------+------------+------------+
slv : |          Collector name          | Total Time | Count |  Avg Time  |  Max Time  |
slv : +----------------------------------+------------+-------+------------+------------+
slv : | Calculate_inc                    |      10.421|     23|       0.453|       0.652|
slv : | CollectEMT_Results               |       0.000|     24|       0.000|       0.000|
slv : | HeatPathCalculator_Dynamic       |       0.021|      1|       0.021|       0.021|
slv : | LiSy_make_portrait               |       0.303|    118|       0.003|       0.017|
slv : | Results_processing               |       1.253|     23|       0.054|       0.067|
slv : | build_sl_ordering_CHT            |       0.016|     24|       0.001|       0.006|
slv : | build_sl_ordering_MDS            |       0.100|     24|       0.004|       0.019|
slv : | build_sl_ordering_fluid          |       0.099|     24|       0.004|       0.019|
slv : | calc_Convolutions_MDS            |       0.323|     24|       0.013|       0.022|
slv : | calc_wall_dist                   |       0.372|      1|       0.372|       0.372|
slv : | create_Gr_operators_MDS          |       0.344|     24|       0.014|       0.023|
slv : | create_Gr_operators_portrait_MDS |       0.169|     24|       0.007|       0.009|
slv : | init_Hy_group_MDS                |       0.343|     24|       0.014|       0.019|
slv : | perform_stage_total              |       9.505|    656|       0.014|       0.372|
slv : | precalc_at_start_MDS             |       0.666|      2|       0.333|       0.637|
slv : | solve_3M_MDS                     |       0.818|     24|       0.034|       0.046|
slv : | solve_3M_alg_MDS                 |       0.188|     24|       0.008|       0.011|
slv : | solve_BG_MDS                     |       0.912|     24|       0.038|       0.042|
slv : | solve_BG_alg_MDS                 |       0.657|     24|       0.027|       0.033|
slv : | solve_BL_MDS                     |       0.353|     24|       0.015|       0.019|
slv : | solve_CHT                        |       0.682|     24|       0.028|       0.039|
slv : | solve_CHT_MDS                    |       0.484|     24|       0.020|       0.024|
slv : | solve_CHT_alg_MDS                |       0.113|     24|       0.005|       0.007|
slv : | solve_DvGr_MDS                   |       2.636|     24|       0.110|       0.303|
slv : | solve_DvGr_alg_MDS               |       1.430|     24|       0.060|       0.255|
slv : | solve_INPR_MDS                   |       0.000|      1|       0.000|       0.000|
slv : | solve_PS+QJ                      |       0.000|      0|       0.000|       0.000|
slv : | solve_YLMA_MDS                   |       0.000|     24|       0.000|       0.000|
slv : | solve_YNOx_MDS                   |       0.000|     24|       0.000|       0.000|
slv : | solve_YTd_MDS                    |       0.000|     24|       0.000|       0.000|
slv : | solve_YTurb_MDS                  |       2.822|     24|       0.118|       0.138|
slv : | solve_YTurb_alg_MDS              |       1.346|     48|       0.028|       0.057|
slv : | update_BC_MDS                    |       0.000|     25|       0.000|       0.000|
slv : | update_Mf_after_DvGr             |       0.291|     24|       0.012|       0.023|
slv : | update_VelPressure_MDS           |       0.046|     24|       0.002|       0.003|
slv : +----------------------------------+------------+-------+------------+------------+
-----------------------------------------------------------------------
Memory Working Set Current = 403.89 Mb, Memory Working Set Peak = 406.38 Mb
Memory Private Bytes Current = 588.77 Mb, Memory Private Bytes Peak = 592.95 Mb
Process Threads Number: 16
-----------------------------------------------------------------------
Algebra Pool      : mem_usage = 408.44 Mb, allocated count = 1316

================== Tstep=24 ===================
<Dynamic P> on nsd = 0 {openings (inlet / outlet)}:
  (SP = Static Pressure, EP = Environment Pressure, TP = Total Pressure, E = External)
  {#0, E, (7.820145e-02 / 2.733951e+04)}
  {#1, E, (9.897971e-02 / 2.733952e+04)}
  {#2, E, (0.000000e+00 / 2.725050e+04)}
  {#3, E, (2.733237e+04 / 0.000000e+00)}
  {#4, E, (1.173244e-02 / 2.733922e+04)}
  {#5, E, (2.923061e-02 / 2.733931e+04)}
  MWS[  0]=7.52503
tau_viscous_averaged = 59.9645 
dt(mass,momentum; nsd=  0): min dt/dtG(ncv=  20259)=1.00 , max dt/dtG(ncv=  20168)=7.3    , dtG=0.000181044
Flow alg-view 0 in phys-view 0 isn't Neumann (not Multi Phase treating)
Face Momentum (sd=  0): max value of div(mf) (cv=10493) = 8.110512e-05
Flow alg-view 0 is not Neumann (not for Phase Change + Nested Iters)
+----+----+--------------+--------------+--------------+--------------+--------------+------+----+-+-+--+------+
|Name|view| Initial res  | Initial resL1| Target res   | Final res    | Final res L1 |Visits|Iter|R|F|CL|Status|
| BG |   0|  3.161834e-07|  6.384895e-02|  3.997666e-10|  1.427221e-10|  1.601333e-03|     8|  24|0|n|30|  OK  |
log10(resTarget_Lim / resTarget_Orig): 1.3 
Face Momentum (sd=  0): max value of div(mf) (cv=10642) = 2.583420e-06
	norm_L2 of div(momentum) = 1.001580e-04.
Flow alg-view 0 in phys-view 0 isn't Neumann (not Multi Phase treating)
LOG: number of a-faces with weighted approximations in 0 subdomain: 8.35916 percent
LOG: Rate of a-faces corrected to CUp1st in 0 subdomain: 0.159834 %
slv : SolveBL stage
|nsd|Real WF|NormalF|Cycle F|CriticF| EdgeF |CyclBrF|ExtParF|RWFnumSt|StLvlNum|  nfw  |  alp_U_min  |  nfw  |  alp_U_max  |  nfw  |  alp_T_min  |  nfw  |  alp_T_max  |  nfw  |  BL_s_min   |  nfw  |   BL_s_max  |
|  0|   2054|   1812|      4|     12|    225|      1|      0|    2050|      64|   3991|0            |  12947|19.5932      |   3978|0            |   3983|57354.3      |  12026|-69471.4     |   3978|0            |
Face Momentum (sd=  0): max value of div(mf) (cv=10642) = 2.583420e-06
	norm_L2 of div(momentum) = 1.001580e-04.
nsd = 0 BC: AP Inlet occurs on 3628 w-faces
+----+----+----+--------------+--------------+--------------+--------------+--------------+------+----+-+-+--+------+
|Name|view| n_y| Initial res  | Initial resL1| Target res   | Final res    | Final res L1 |Visits|Iter|R|F|CL|Status|
+----+----+----+--------------+--------------+--------------+--------------+--------------+------+----+-+-+--+------+
| 3M |   0|   0|  1.394494e+02|  7.950433e+02|  1.830089e-02|  2.285969e-03|  5.043900e-01|     1|   3|0|n|29|  OK  |
Velocity (predicted):
        (local) sd   0: min(  20124)=10.82085072499       , max(   9493)=229.89599371521      
Flow alg-view 0 is not Neumann (not for Phase Change + Nested Iters)
+----+----+--------------+--------------+--------------+--------------+--------------+------+----+-+-+--+------+
|Name|view| Initial res  | Initial resL1| Target res   | Final res    | Final res L1 |Visits|Iter|R|F|CL|Status|
|DVGR|   0|  6.978504e-04|  1.341258e+00|  4.361565e-08|  3.933041e-08|  2.147088e-03|     9|  27|0|n|30|  OK  |
Filter(LC, geom_index=  0): isolating pressure from zero=48 (in AUSM_cvs=0)
Filter(LC, geom_index=  0): isolating pressure from infinity =132 (in AUSM_cvs=0)
PRESSURE SOLVER(geom_index=  0): sum_C_dp=0.00331977
Face Momentum (sd=  0): max value of div(mf) (cv=66362) = 1.250980e-04
	norm_L2 of div(momentum) = 3.629867e-04.
nsd = 0 min_dtHy = 0.000181044 (nCV =	20259 ) max_dtHy = 0.00132197 (nCV =	20168 ) 
+----+----+--------------+--------------+--------------+--------------+--------------+------+----+-+-+--+------+
|Name|view| Initial res  | Initial resL1| Target res   | Final res    | Final res L1 |Visits|Iter|R|F|CL|Status|
|CHT |   0|  7.641619e+02|  9.785723e+02|  4.776012e-02|  2.685457e-06|  3.570598e-02|     1|   9|0|n|30|  OK  |
nsd = 0 min_dtke = 0.000112717 (nCV =	20230 ) max_dtke = 0.000643206 (nCV =	21303 ) 
+----+----+----+--------------+--------------+--------------+--------------+--------------+------+----+-+-+--+------+
|Name|view| n_y| Initial res  | Initial resL1| Target res   | Final res    | Final res L1 |Visits|Iter|R|F|CL|Status|
+----+----+----+--------------+--------------+--------------+--------------+--------------+------+----+-+-+--+------+
|turb|   0|   0|  3.391200e+03|  1.863383e+03|  2.428203e-04|  1.112127e-04|  3.418736e-01|     4|  24|0|n|30|  OK  |
|turb|   0|   1|  6.533495e+08|  6.715443e+05|  6.371382e-01|  8.389848e-02|  8.177770e+00|     5|  30|0|n|30|  OK  |
Filter: K,E,momentum: sd =   0 isolating K from zero=      0 E from zero=    596 E from infinity=      0
slv : Fluid subdom(new) 0
slv : P static (new)                 : min(  20038) = 90888.510424448      , max(   9483) = 604459.1702152       
slv : Density (new)                  : min(  20038) = 1.0265304047036      , max(   9483) = 6.7097295018092      
slv : Velocity (new)                 : min(  20168) = 2.0023134308599      , max(   9493) = 229.88472180669      
slv : Mach number (new)              : min(  20168) = 0.0056419310154722   , max(   9482) = 0.67678129786594     
slv : Turbulent k (new)              : min(   7082) = 0.057559076049377    , max(  20150) = 1208.9781504097      
slv : Turbulent e (new)              : min(  66515) = 0.12352636107368     , max(  20150) = 1700982.6526536      
slv : Temperature (new)              : min(   9482) = 287.23706406798      , max(   9492) = 313.78798122968      
slv : Total enthalpy, Y-shifted (new): min(  20152) = 20323.000470104      , max(  20144) = 20929.924594058      
slv : MASS FLUXES AT OPENINGS: MF=-314.857, AP=314.854
slv : DvGr statistics: min alpha=0.0756808(nfa=208855, geom_slice=0)
slv : +----------------------------------+------------+-------+------------+------------+
slv : |          Collector name          | Total Time | Count |  Avg Time  |  Max Time  |
slv : +----------------------------------+------------+-------+------------+------------+
slv : | Calculate_inc                    |      10.863|     24|       0.453|       0.652|
slv : | CollectEMT_Results               |       0.000|     25|       0.000|       0.000|
slv : | HeatPathCalculator_Dynamic       |       0.021|      1|       0.021|       0.021|
slv : | LiSy_make_portrait               |       0.319|    122|       0.003|       0.017|
slv : | Results_processing               |       1.316|     24|       0.055|       0.067|
slv : | build_sl_ordering_CHT            |       0.016|     25|       0.001|       0.006|
slv : | build_sl_ordering_MDS            |       0.100|     25|       0.004|       0.019|
slv : | build_sl_ordering_fluid          |       0.099|     25|       0.004|       0.019|
slv : | calc_Convolutions_MDS            |       0.350|     25|       0.014|       0.027|
slv : | calc_wall_dist                   |       0.372|      1|       0.372|       0.372|
slv : | create_Gr_operators_MDS          |       0.371|     25|       0.015|       0.027|
slv : | create_Gr_operators_portrait_MDS |       0.179|     25|       0.007|       0.010|
slv : | init_Hy_group_MDS                |       0.357|     25|       0.014|       0.019|
slv : | perform_stage_total              |       9.951|    683|       0.015|       0.372|
slv : | precalc_at_start_MDS             |       0.666|      2|       0.333|       0.637|
slv : | solve_3M_MDS                     |       0.880|     25|       0.035|       0.063|
slv : | solve_3M_alg_MDS                 |       0.200|     25|       0.008|       0.012|
slv : | solve_BG_MDS                     |       0.952|     25|       0.038|       0.042|
slv : | solve_BG_alg_MDS                 |       0.685|     25|       0.027|       0.033|
slv : | solve_BL_MDS                     |       0.372|     25|       0.015|       0.019|
slv : | solve_CHT                        |       0.710|     25|       0.028|       0.039|
slv : | solve_CHT_MDS                    |       0.504|     25|       0.020|       0.024|
slv : | solve_CHT_alg_MDS                |       0.117|     25|       0.005|       0.007|
slv : | solve_DvGr_MDS                   |       2.751|     25|       0.110|       0.303|
slv : | solve_DvGr_alg_MDS               |       1.473|     25|       0.059|       0.255|
slv : | solve_INPR_MDS                   |       0.000|      1|       0.000|       0.000|
slv : | solve_PS+QJ                      |       0.000|      0|       0.000|       0.000|
slv : | solve_YLMA_MDS                   |       0.000|     25|       0.000|       0.000|
slv : | solve_YNOx_MDS                   |       0.000|     25|       0.000|       0.000|
slv : | solve_YTd_MDS                    |       0.001|     25|       0.000|       0.000|
slv : | solve_YTurb_MDS                  |       2.947|     25|       0.118|       0.138|
slv : | solve_YTurb_alg_MDS              |       1.411|     50|       0.028|       0.057|
slv : | update_BC_MDS                    |       0.000|     26|       0.000|       0.000|
slv : | update_Mf_after_DvGr             |       0.302|     25|       0.012|       0.023|
slv : | update_VelPressure_MDS           |       0.047|     25|       0.002|       0.003|
slv : +----------------------------------+------------+-------+------------+------------+
Interpolator cache: total calls 6976, optimised calls 2711 (38.9 %)
-----------------------------------------------------------------------
Memory Working Set Current = 403.58 Mb, Memory Working Set Peak = 406.42 Mb
Memory Private Bytes Current = 588.25 Mb, Memory Private Bytes Peak = 592.95 Mb
Process Threads Number: 16
-----------------------------------------------------------------------
Iteration : time = 2.91143 , count = 5 , time/count = 0.582286
Calculate_inc() : time = 2.6012 , count = 5 , time/count = 0.520239
TreatFlowEvolution() : time = 0.275853 , count = 5 , time/count = 0.0551706
SolverPreview : time = 0 , count = 5 , time/count = 0
TreatGoals : time = 0.262956 , count = 5 , time/count = 0.0525912
Algebra Pool      : mem_usage = 408.44 Mb, allocated count = 1304

================== Tstep=25 ===================
<Dynamic P> on nsd = 0 {openings (inlet / outlet)}:
  (SP = Static Pressure, EP = Environment Pressure, TP = Total Pressure, E = External)
  {#0, E, (7.918668e-02 / 2.733948e+04)}
  {#1, E, (1.025879e-01 / 2.733948e+04)}
  {#2, E, (0.000000e+00 / 2.723927e+04)}
  {#3, E, (2.733228e+04 / 0.000000e+00)}
  {#4, E, (1.099264e-02 / 2.733922e+04)}
  {#5, E, (2.798890e-02 / 2.733932e+04)}
  MWS[  0]=7.50541
tau_viscous_averaged = 60.3239 
dt(mass,momentum; nsd=  0): min dt/dtG(ncv=  20201)=1.00 , max dt/dtG(ncv=  20168)=7.2    , dtG=0.000272163
Flow alg-view 0 in phys-view 0 isn't Neumann (not Multi Phase treating)
Face Momentum (sd=  0): max value of div(mf) (cv=66362) = 1.250980e-04
Flow alg-view 0 is not Neumann (not for Phase Change + Nested Iters)
+----+----+--------------+--------------+--------------+--------------+--------------+------+----+-+-+--+------+
|Name|view| Initial res  | Initial resL1| Target res   | Final res    | Final res L1 |Visits|Iter|R|F|CL|Status|
| BG |   0|  1.580039e-07|  3.712149e-02|  4.361565e-10|  2.267786e-10|  2.667247e-03|     6|  18|0|n|30|  OK  |
log10(resTarget_Lim / resTarget_Orig): 1.6 
Face Momentum (sd=  0): max value of div(mf) (cv=54464) = 1.124055e-06
	norm_L2 of div(momentum) = 3.087260e-05.
Flow alg-view 0 in phys-view 0 isn't Neumann (not Multi Phase treating)
LOG: number of a-faces with weighted approximations in 0 subdomain: 8.47646 percent
LOG: Rate of a-faces corrected to CUp1st in 0 subdomain: 0.163319 %
slv : SolveBL stage
|nsd|Real WF|NormalF|Cycle F|CriticF| EdgeF |CyclBrF|ExtParF|RWFnumSt|StLvlNum|  nfw  |  alp_U_min  |  nfw  |  alp_U_max  |  nfw  |  alp_T_min  |  nfw  |  alp_T_max  |  nfw  |  BL_s_min   |  nfw  |   BL_s_max  |
|  0|   2054|   1817|      6|     10|    220|      1|      0|    2048|      64|   3991|0            |  12947|19.5922      |   3978|0            |   3983|51419.3      |  12935|-22223.1     |   3978|0            |
Face Momentum (sd=  0): max value of div(mf) (cv=54464) = 1.124055e-06
	norm_L2 of div(momentum) = 3.087260e-05.
nsd = 0 BC: AP Inlet occurs on 3471 w-faces
+----+----+----+--------------+--------------+--------------+--------------+--------------+------+----+-+-+--+------+
|Name|view| n_y| Initial res  | Initial resL1| Target res   | Final res    | Final res L1 |Visits|Iter|R|F|CL|Status|
+----+----+----+--------------+--------------+--------------+--------------+--------------+------+----+-+-+--+------+
| 3M |   0|   0|  1.146934e+02|  7.268620e+02|  1.467367e-02|  1.051007e-06|  8.946230e-03|     2|   6|0|n|29|  OK  |
Velocity (predicted):
        (local) sd   0: min(  21246)=5.303404388132       , max(   9493)=229.02481169638      
Flow alg-view 0 is not Neumann (not for Phase Change + Nested Iters)
+----+----+--------------+--------------+--------------+--------------+--------------+------+----+-+-+--+------+
|Name|view| Initial res  | Initial resL1| Target res   | Final res    | Final res L1 |Visits|Iter|R|F|CL|Status|
|DVGR|   0|  1.057307e-03|  1.636878e+00|  6.608166e-08|  4.842842e-08|  3.729097e-03|    16|  54|1|n|30|  OK  |
Filter(LC, geom_index=  0): isolating pressure from zero=88 (in AUSM_cvs=0)
Filter(LC, geom_index=  0): isolating pressure from infinity =92 (in AUSM_cvs=0)
PRESSURE SOLVER(geom_index=  0): sum_C_dp=-0.0123433
Face Momentum (sd=  0): max value of div(mf) (cv=20166) = 7.289359e-05
	norm_L2 of div(momentum) = 2.541794e-04.
nsd = 0 min_dtHy = 0.000272163 (nCV =	20201 ) max_dtHy = 0.00195637 (nCV =	20168 ) 
+----+----+--------------+--------------+--------------+--------------+--------------+------+----+-+-+--+------+
|Name|view| Initial res  | Initial resL1| Target res   | Final res    | Final res L1 |Visits|Iter|R|F|CL|Status|
|CHT |   0|  7.433011e+02|  9.822061e+02|  4.645632e-02|  5.926673e-04|  6.388976e-01|     1|   9|0|n|30|  OK  |
nsd = 0 min_dtke = 0.000124216 (nCV =	20122 ) max_dtke = 0.000830018 (nCV =	21081 ) 
+----+----+----+--------------+--------------+--------------+--------------+--------------+------+----+-+-+--+------+
|Name|view| n_y| Initial res  | Initial resL1| Target res   | Final res    | Final res L1 |Visits|Iter|R|F|CL|Status|
+----+----+----+--------------+--------------+--------------+--------------+--------------+------+----+-+-+--+------+
|turb|   0|   0|  2.824040e+03|  1.701632e+03|  1.942597e-04|  1.877154e-04|  4.085977e-01|     5|  30|0|n|30|  OK  |
|turb|   0|   1|  5.555706e+08|  6.119889e+05|  5.072788e-01|  3.009620e-01|  1.528347e+01|     6|  36|0|n|30|  OK  |
Filter: K,E,momentum: sd =   0 isolating K from zero=      0 E from zero=    606 E from infinity=      0
slv : Fluid subdom(new) 0
slv : P static (new)                 : min(   9467) = 90919.827349603      , max(   9483) = 574236.21170444      
slv : Density (new)                  : min(  20038) = 1.02669780376        , max(   9483) = 6.374311011969       
slv : Velocity (new)                 : min(  20141) = 2.7168957628333      , max(   9493) = 229.03005703598      
slv : Mach number (new)              : min(  20141) = 0.0076554660865691   , max(   9493) = 0.6740223516538      
slv : Turbulent k (new)              : min(  30380) = 0.054906944102977    , max(  20150) = 1242.9009300393      
slv : Turbulent e (new)              : min(  66515) = 0.13260350937626     , max(  20150) = 1761453.6656948      
slv : Temperature (new)              : min(   9493) = 287.44984464923      , max(   9492) = 313.78441084271      
slv : Total enthalpy, Y-shifted (new): min(  20149) = 20272.591200983      , max(  20144) = 20933.78029425       
slv : MASS FLUXES AT OPENINGS: MF=-314.857, AP=314.87
slv : DvGr statistics: min alpha=0.0756929(nfa=208855, geom_slice=0)
slv : +----------------------------------+------------+-------+------------+------------+
slv : |          Collector name          | Total Time | Count |  Avg Time  |  Max Time  |
slv : +----------------------------------+------------+-------+------------+------------+
slv : | Calculate_inc                    |      11.397|     25|       0.456|       0.652|
slv : | CollectEMT_Results               |       0.000|     26|       0.000|       0.000|
slv : | HeatPathCalculator_Dynamic       |       0.021|      1|       0.021|       0.021|
slv : | LiSy_make_portrait               |       0.328|    126|       0.003|       0.017|
slv : | Results_processing               |       1.369|     25|       0.055|       0.067|
slv : | build_sl_ordering_CHT            |       0.016|     26|       0.001|       0.006|
slv : | build_sl_ordering_MDS            |       0.100|     26|       0.004|       0.019|
slv : | build_sl_ordering_fluid          |       0.099|     26|       0.004|       0.019|
slv : | calc_Convolutions_MDS            |       0.363|     26|       0.014|       0.027|
slv : | calc_wall_dist                   |       0.372|      1|       0.372|       0.372|
slv : | create_Gr_operators_MDS          |       0.385|     26|       0.015|       0.027|
slv : | create_Gr_operators_portrait_MDS |       0.186|     26|       0.007|       0.010|
slv : | init_Hy_group_MDS                |       0.369|     26|       0.014|       0.019|
slv : | perform_stage_total              |      10.343|    710|       0.015|       0.372|
slv : | precalc_at_start_MDS             |       0.666|      2|       0.333|       0.637|
slv : | solve_3M_MDS                     |       0.917|     26|       0.035|       0.063|
slv : | solve_3M_alg_MDS                 |       0.212|     26|       0.008|       0.012|
slv : | solve_BG_MDS                     |       0.983|     26|       0.038|       0.042|
slv : | solve_BG_alg_MDS                 |       0.705|     26|       0.027|       0.033|
slv : | solve_BL_MDS                     |       0.386|     26|       0.015|       0.019|
slv : | solve_CHT                        |       0.738|     26|       0.028|       0.039|
slv : | solve_CHT_MDS                    |       0.524|     26|       0.020|       0.024|
slv : | solve_CHT_alg_MDS                |       0.121|     26|       0.005|       0.007|
slv : | solve_DvGr_MDS                   |       2.870|     26|       0.110|       0.303|
slv : | solve_DvGr_alg_MDS               |       1.544|     26|       0.059|       0.255|
slv : | solve_INPR_MDS                   |       0.000|      1|       0.000|       0.000|
slv : | solve_PS+QJ                      |       0.000|      0|       0.000|       0.000|
slv : | solve_YLMA_MDS                   |       0.000|     26|       0.000|       0.000|
slv : | solve_YNOx_MDS                   |       0.000|     26|       0.000|       0.000|
slv : | solve_YTd_MDS                    |       0.001|     26|       0.000|       0.000|
slv : | solve_YTurb_MDS                  |       3.080|     26|       0.118|       0.138|
slv : | solve_YTurb_alg_MDS              |       1.483|     52|       0.029|       0.057|
slv : | update_BC_MDS                    |       0.000|     27|       0.000|       0.000|
slv : | update_Mf_after_DvGr             |       0.314|     26|       0.012|       0.023|
slv : | update_VelPressure_MDS           |       0.050|     26|       0.002|       0.003|
slv : +----------------------------------+------------+-------+------------+------------+
-----------------------------------------------------------------------
Memory Working Set Current = 403.86 Mb, Memory Working Set Peak = 406.42 Mb
Memory Private Bytes Current = 588.63 Mb, Memory Private Bytes Peak = 592.95 Mb
Process Threads Number: 16
-----------------------------------------------------------------------
Algebra Pool      : mem_usage = 408.44 Mb, allocated count = 1312

================== Tstep=26 ===================
<Dynamic P> on nsd = 0 {openings (inlet / outlet)}:
  (SP = Static Pressure, EP = Environment Pressure, TP = Total Pressure, E = External)
  {#0, E, (7.355848e-02 / 2.733963e+04)}
  {#1, E, (9.449530e-02 / 2.733963e+04)}
  {#2, E, (0.000000e+00 / 2.722409e+04)}
  {#3, E, (2.733221e+04 / 0.000000e+00)}
  {#4, E, (1.042747e-02 / 2.733931e+04)}
  {#5, E, (2.593445e-02 / 2.733943e+04)}
  MWS[  0]=7.47787
tau_viscous_averaged = 60.7668 
dt(mass,momentum; nsd=  0): min dt/dtG(ncv=  20201)=1.00 , max dt/dtG(ncv=  20141)=6.9    , dtG=0.000273038
Flow alg-view 0 in phys-view 0 isn't Neumann (not Multi Phase treating)
Face Momentum (sd=  0): max value of div(mf) (cv=25147) = 1.631992e-04
Flow alg-view 0 is not Neumann (not for Phase Change + Nested Iters)
+----+----+--------------+--------------+--------------+--------------+--------------+------+----+-+-+--+------+
|Name|view| Initial res  | Initial resL1| Target res   | Final res    | Final res L1 |Visits|Iter|R|F|CL|Status|
| BG |   0|  1.231180e-07|  2.171502e-02|  6.608166e-10|  6.460643e-10|  2.519635e-03|     6|  18|0|n|30|  OK  |
log10(resTarget_Lim / resTarget_Orig): 1.9 
Face Momentum (sd=  0): max value of div(mf) (cv=8703) = 2.563694e-06
	norm_L2 of div(momentum) = 2.992368e-05.
Flow alg-view 0 in phys-view 0 isn't Neumann (not Multi Phase treating)
LOG: number of a-faces with weighted approximations in 0 subdomain: 8.59712 percent
LOG: Rate of a-faces corrected to CUp1st in 0 subdomain: 0.164513 %
slv : SolveBL stage
|nsd|Real WF|NormalF|Cycle F|CriticF| EdgeF |CyclBrF|ExtParF|RWFnumSt|StLvlNum|  nfw  |  alp_U_min  |  nfw  |  alp_U_max  |  nfw  |  alp_T_min  |  nfw  |  alp_T_max  |  nfw  |  BL_s_min   |  nfw  |   BL_s_max  |
|  0|   2054|   1818|      6|     10|    220|      0|      0|    2048|      64|   3991|0            |  12947|19.5915      |   3978|0            |   4069|126423       |  12935|-22222.3     |   3978|0            |
Face Momentum (sd=  0): max value of div(mf) (cv=8703) = 2.563694e-06
	norm_L2 of div(momentum) = 2.992368e-05.
nsd = 0 BC: AP Inlet occurs on 3368 w-faces
+----+----+----+--------------+--------------+--------------+--------------+--------------+------+----+-+-+--+------+
|Name|view| n_y| Initial res  | Initial resL1| Target res   | Final res    | Final res L1 |Visits|Iter|R|F|CL|Status|
+----+----+----+--------------+--------------+--------------+--------------+--------------+------+----+-+-+--+------+
| 3M |   0|   0|  9.205454e+01|  6.534826e+02|  1.456393e-02|  9.123064e-07|  8.634732e-03|     2|   6|0|n|29|  OK  |
Velocity (predicted):
        (local) sd   0: min(  21246)=4.3181305923793      , max(   9493)=228.07468411569      
Flow alg-view 0 is not Neumann (not for Phase Change + Nested Iters)
+----+----+--------------+--------------+--------------+--------------+--------------+------+----+-+-+--+------+
|Name|view| Initial res  | Initial resL1| Target res   | Final res    | Final res L1 |Visits|Iter|R|F|CL|Status|
|DVGR|   0|  9.768103e-04|  1.696297e+00|  6.105064e-08|  5.857021e-08|  4.198258e-03|    17|  63|1|n|30|  OK  |
Filter(LC, geom_index=  0): isolating pressure from zero=128 (in AUSM_cvs=0)
Filter(LC, geom_index=  0): isolating pressure from infinity =44 (in AUSM_cvs=0)
PRESSURE SOLVER(geom_index=  0): sum_C_dp=-0.00688513
Face Momentum (sd=  0): max value of div(mf) (cv=20166) = 7.884458e-05
	norm_L2 of div(momentum) = 2.644672e-04.
nsd = 0 min_dtHy = 0.000273038 (nCV =	20201 ) max_dtHy = 0.00189613 (nCV =	20141 ) 
+----+----+--------------+--------------+--------------+--------------+--------------+------+----+-+-+--+------+
|Name|view| Initial res  | Initial resL1| Target res   | Final res    | Final res L1 |Visits|Iter|R|F|CL|Status|
|CHT |   0|  6.367578e+02|  9.111593e+02|  3.979736e-02|  5.366434e-04|  5.837856e-01|     1|   9|0|n|30|  OK  |
nsd = 0 min_dtke = 0.00012453 (nCV =	20122 ) max_dtke = 0.0007952 (nCV =	21081 ) 
+----+----+----+--------------+--------------+--------------+--------------+--------------+------+----+-+-+--+------+
|Name|view| n_y| Initial res  | Initial resL1| Target res   | Final res    | Final res L1 |Visits|Iter|R|F|CL|Status|
+----+----+----+--------------+--------------+--------------+--------------+--------------+------+----+-+-+--+------+
|turb|   0|   0|  2.271452e+03|  1.531951e+03|  1.912667e-04|  1.784459e-04|  3.983453e-01|     5|  30|0|n|30|  OK  |
|turb|   0|   1|  4.640254e+08|  5.517690e+05|  4.957619e-01|  2.779722e-01|  1.460607e+01|     6|  36|0|n|30|  OK  |
Filter: K,E,momentum: sd =   0 isolating K from zero=      0 E from zero=    587 E from infinity=      0
slv : Fluid subdom(new) 0
slv : P static (new)                 : min(  20038) = 90972.698686327      , max(   9483) = 545524.40111921      
slv : Density (new)                  : min(  20038) = 1.0270900218992      , max(   9483) = 6.0556880329691      
slv : Velocity (new)                 : min(  20141) = 2.9757764427352      , max(   9493) = 228.05283878324      
slv : Mach number (new)              : min(  20141) = 0.0083849744160689   , max(   9493) = 0.67088077579613     
slv : Turbulent k (new)              : min(  30380) = 0.052507654911254    , max(  20150) = 1275.4681726339      
slv : Turbulent e (new)              : min(  66446) = 0.14753348613488     , max(  20150) = 1818568.5560889      
slv : Temperature (new)              : min(   9493) = 287.67755829597      , max(   9492) = 313.78195865728      
slv : Total enthalpy, Y-shifted (new): min(  20149) = 20230.07044202       , max(  20140) = 20936.100403701      
slv : MASS FLUXES AT OPENINGS: MF=-314.857, AP=314.864
slv : DvGr statistics: min alpha=0.0757036(nfa=208855, geom_slice=0)
slv : +----------------------------------+------------+-------+------------+------------+
slv : |          Collector name          | Total Time | Count |  Avg Time  |  Max Time  |
slv : +----------------------------------+------------+-------+------------+------------+
slv : | Calculate_inc                    |      11.863|     26|       0.456|       0.652|
slv : | CollectEMT_Results               |       0.000|     27|       0.000|       0.000|
slv : | HeatPathCalculator_Dynamic       |       0.021|      1|       0.021|       0.021|
slv : | LiSy_make_portrait               |       0.340|    130|       0.003|       0.017|
slv : | Results_processing               |       1.417|     26|       0.054|       0.067|
slv : | build_sl_ordering_CHT            |       0.016|     27|       0.001|       0.006|
slv : | build_sl_ordering_MDS            |       0.100|     27|       0.004|       0.019|
slv : | build_sl_ordering_fluid          |       0.100|     27|       0.004|       0.019|
slv : | calc_Convolutions_MDS            |       0.376|     27|       0.014|       0.027|
slv : | calc_wall_dist                   |       0.372|      1|       0.372|       0.372|
slv : | create_Gr_operators_MDS          |       0.399|     27|       0.015|       0.027|
slv : | create_Gr_operators_portrait_MDS |       0.193|     27|       0.007|       0.010|
slv : | init_Hy_group_MDS                |       0.382|     27|       0.014|       0.019|
slv : | perform_stage_total              |      10.754|    737|       0.015|       0.372|
slv : | precalc_at_start_MDS             |       0.666|      2|       0.333|       0.637|
slv : | solve_3M_MDS                     |       0.961|     27|       0.036|       0.063|
slv : | solve_3M_alg_MDS                 |       0.223|     27|       0.008|       0.012|
slv : | solve_BG_MDS                     |       1.013|     27|       0.038|       0.042|
slv : | solve_BG_alg_MDS                 |       0.725|     27|       0.027|       0.033|
slv : | solve_BL_MDS                     |       0.400|     27|       0.015|       0.019|
slv : | solve_CHT                        |       0.763|     27|       0.028|       0.039|
slv : | solve_CHT_MDS                    |       0.541|     27|       0.020|       0.024|
slv : | solve_CHT_alg_MDS                |       0.125|     27|       0.005|       0.007|
slv : | solve_DvGr_MDS                   |       3.006|     27|       0.111|       0.303|
slv : | solve_DvGr_alg_MDS               |       1.626|     27|       0.060|       0.255|
slv : | solve_INPR_MDS                   |       0.000|      1|       0.000|       0.000|
slv : | solve_PS+QJ                      |       0.000|      0|       0.000|       0.000|
slv : | solve_YLMA_MDS                   |       0.000|     27|       0.000|       0.000|
slv : | solve_YNOx_MDS                   |       0.000|     27|       0.000|       0.000|
slv : | solve_YTd_MDS                    |       0.001|     27|       0.000|       0.000|
slv : | solve_YTurb_MDS                  |       3.206|     27|       0.119|       0.138|
slv : | solve_YTurb_alg_MDS              |       1.554|     54|       0.029|       0.057|
slv : | update_BC_MDS                    |       0.000|     28|       0.000|       0.000|
slv : | update_Mf_after_DvGr             |       0.325|     27|       0.012|       0.023|
slv : | update_VelPressure_MDS           |       0.052|     27|       0.002|       0.003|
slv : +----------------------------------+------------+-------+------------+------------+
-----------------------------------------------------------------------
Memory Working Set Current = 403.87 Mb, Memory Working Set Peak = 406.65 Mb
Memory Private Bytes Current = 588.34 Mb, Memory Private Bytes Peak = 592.95 Mb
Process Threads Number: 16
-----------------------------------------------------------------------
Algebra Pool      : mem_usage = 408.44 Mb, allocated count = 1317

================== Tstep=27 ===================
<Dynamic P> on nsd = 0 {openings (inlet / outlet)}:
  (SP = Static Pressure, EP = Environment Pressure, TP = Total Pressure, E = External)
  {#0, E, (6.792537e-02 / 2.733979e+04)}
  {#1, E, (8.665945e-02 / 2.733978e+04)}
  {#2, E, (0.000000e+00 / 2.721088e+04)}
  {#3, E, (2.733224e+04 / 0.000000e+00)}
  {#4, E, (9.858857e-03 / 2.733943e+04)}
  {#5, E, (2.386804e-02 / 2.733955e+04)}
  MWS[  0]=7.44728
tau_viscous_averaged = 61.2932 
dt(mass,momentum; nsd=  0): min dt/dtG(ncv=  20201)=1.00 , max dt/dtG(ncv=  20141)=6.7    , dtG=0.000274109
Flow alg-view 0 in phys-view 0 isn't Neumann (not Multi Phase treating)
Face Momentum (sd=  0): max value of div(mf) (cv=20166) = 7.884458e-05
Flow alg-view 0 is not Neumann (not for Phase Change + Nested Iters)
+----+----+--------------+--------------+--------------+--------------+--------------+------+----+-+-+--+------+
|Name|view| Initial res  | Initial resL1| Target res   | Final res    | Final res L1 |Visits|Iter|R|F|CL|Status|
| BG |   0|  1.154146e-07|  1.381534e-02|  6.105064e-10|  2.357200e-10|  1.299288e-03|     7|  21|0|n|30|  OK  |
log10(resTarget_Lim / resTarget_Orig): 1.9 
Face Momentum (sd=  0): max value of div(mf) (cv=8696) = 1.482729e-06
	norm_L2 of div(momentum) = 1.738868e-05.
Flow alg-view 0 in phys-view 0 isn't Neumann (not Multi Phase treating)
LOG: number of a-faces with weighted approximations in 0 subdomain: 8.99149 percent
LOG: Rate of a-faces corrected to CUp1st in 0 subdomain: 0.165642 %
slv : SolveBL stage
|nsd|Real WF|NormalF|Cycle F|CriticF| EdgeF |CyclBrF|ExtParF|RWFnumSt|StLvlNum|  nfw  |  alp_U_min  |  nfw  |  alp_U_max  |  nfw  |  alp_T_min  |  nfw  |  alp_T_max  |  nfw  |  BL_s_min   |  nfw  |   BL_s_max  |
|  0|   2054|   1819|      6|     10|    219|      0|      0|    2048|      64|   3991|0            |  12947|19.5912      |   3978|0            |   2087|120640       |  12935|-22221.2     |   3978|0            |
Face Momentum (sd=  0): max value of div(mf) (cv=8696) = 1.482729e-06
	norm_L2 of div(momentum) = 1.738868e-05.
nsd = 0 BC: AP Inlet occurs on 3280 w-faces
+----+----+----+--------------+--------------+--------------+--------------+--------------+------+----+-+-+--+------+
|Name|view| n_y| Initial res  | Initial resL1| Target res   | Final res    | Final res L1 |Visits|Iter|R|F|CL|Status|
+----+----+----+--------------+--------------+--------------+--------------+--------------+------+----+-+-+--+------+
| 3M |   0|   0|  7.464831e+01|  5.913912e+02|  1.399656e-02|  9.097724e-07|  8.762875e-03|     2|   6|0|n|29|  OK  |
Velocity (predicted):
        (local) sd   0: min(  21246)=4.0981664450035      , max(   9493)=227.05480695599      
Flow alg-view 0 is not Neumann (not for Phase Change + Nested Iters)
+----+----+--------------+--------------+--------------+--------------+--------------+------+----+-+-+--+------+
|Name|view| Initial res  | Initial resL1| Target res   | Final res    | Final res L1 |Visits|Iter|R|F|CL|Status|
|DVGR|   0|  9.931092e-04|  1.750780e+00|  6.206932e-08|  5.005267e-08|  3.895782e-03|    17|  63|1|n|30|  OK  |
Filter(LC, geom_index=  0): isolating pressure from zero=126 (in AUSM_cvs=0)
Filter(LC, geom_index=  0): isolating pressure from infinity =32 (in AUSM_cvs=0)
PRESSURE SOLVER(geom_index=  0): sum_C_dp=-0.000259355
Face Momentum (sd=  0): max value of div(mf) (cv=20166) = 7.369290e-05
	norm_L2 of div(momentum) = 2.469203e-04.
nsd = 0 min_dtHy = 0.000274109 (nCV =	20201 ) max_dtHy = 0.00184567 (nCV =	20141 ) 
+----+----+--------------+--------------+--------------+--------------+--------------+------+----+-+-+--+------+
|Name|view| Initial res  | Initial resL1| Target res   | Final res    | Final res L1 |Visits|Iter|R|F|CL|Status|
|CHT |   0|  5.349812e+02|  8.446913e+02|  3.343633e-02|  4.833928e-04|  5.484265e-01|     1|   9|0|n|30|  OK  |
nsd = 0 min_dtke = 0.000124752 (nCV =	20150 ) max_dtke = 0.000776577 (nCV =	21081 ) 
+----+----+----+--------------+--------------+--------------+--------------+--------------+------+----+-+-+--+------+
|Name|view| n_y| Initial res  | Initial resL1| Target res   | Final res    | Final res L1 |Visits|Iter|R|F|CL|Status|
+----+----+----+--------------+--------------+--------------+--------------+--------------+------+----+-+-+--+------+
|turb|   0|   0|  1.879164e+03|  1.400476e+03|  1.880043e-04|  1.680675e-04|  3.860150e-01|     5|  30|0|n|30|  OK  |
|turb|   0|   1|  4.194948e+08|  5.080216e+05|  4.832874e-01|  2.445708e-01|  1.392584e+01|     6|  36|0|n|30|  OK  |
Filter: K,E,momentum: sd =   0 isolating K from zero=      0 E from zero=    569 E from infinity=      0
slv : Fluid subdom(new) 0
slv : P static (new)                 : min(  20038) = 91030.397777785      , max(   9483) = 518248.18106325      
slv : Density (new)                  : min(  20038) = 1.0275366420631      , max(   9483) = 5.7529539192021      
slv : Velocity (new)                 : min(  20141) = 3.1943186986497      , max(   9493) = 227.0062940197       
slv : Mach number (new)              : min(  20141) = 0.0090008320085491   , max(   9493) = 0.66752351314814     
slv : Turbulent k (new)              : min(  30254) = 0.051981879835415    , max(  20150) = 1307.2830852188      
slv : Turbulent e (new)              : min(  55916) = 0.17207793734442     , max(  20150) = 1873894.9629512      
slv : Temperature (new)              : min(   9493) = 287.91770662206      , max(   9492) = 313.77944259004      
slv : Total enthalpy, Y-shifted (new): min(  20149) = 20192.71264885       , max(  20140) = 20937.723778166      
slv : MASS FLUXES AT OPENINGS: MF=-314.857, AP=314.858
slv : DvGr statistics: min alpha=0.0757084(nfa=208855, geom_slice=0)
slv : +----------------------------------+------------+-------+------------+------------+
slv : |          Collector name          | Total Time | Count |  Avg Time  |  Max Time  |
slv : +----------------------------------+------------+-------+------------+------------+
slv : | Calculate_inc                    |      12.341|     27|       0.457|       0.652|
slv : | CollectEMT_Results               |       0.000|     28|       0.000|       0.000|
slv : | HeatPathCalculator_Dynamic       |       0.021|      1|       0.021|       0.021|
slv : | LiSy_make_portrait               |       0.348|    134|       0.003|       0.017|
slv : | Results_processing               |       1.470|     27|       0.054|       0.067|
slv : | build_sl_ordering_CHT            |       0.016|     28|       0.001|       0.006|
slv : | build_sl_ordering_MDS            |       0.101|     28|       0.004|       0.019|
slv : | build_sl_ordering_fluid          |       0.100|     28|       0.004|       0.019|
slv : | calc_Convolutions_MDS            |       0.388|     28|       0.014|       0.027|
slv : | calc_wall_dist                   |       0.372|      1|       0.372|       0.372|
slv : | create_Gr_operators_MDS          |       0.413|     28|       0.015|       0.027|
slv : | create_Gr_operators_portrait_MDS |       0.201|     28|       0.007|       0.010|
slv : | init_Hy_group_MDS                |       0.395|     28|       0.014|       0.019|
slv : | perform_stage_total              |      11.148|    764|       0.015|       0.372|
slv : | precalc_at_start_MDS             |       0.666|      2|       0.333|       0.637|
slv : | solve_3M_MDS                     |       0.999|     28|       0.036|       0.063|
slv : | solve_3M_alg_MDS                 |       0.235|     28|       0.008|       0.012|
slv : | solve_BG_MDS                     |       1.045|     28|       0.037|       0.042|
slv : | solve_BG_alg_MDS                 |       0.746|     28|       0.027|       0.033|
slv : | solve_BL_MDS                     |       0.414|     28|       0.015|       0.019|
slv : | solve_CHT                        |       0.787|     28|       0.028|       0.039|
slv : | solve_CHT_MDS                    |       0.558|     28|       0.020|       0.024|
slv : | solve_CHT_alg_MDS                |       0.129|     28|       0.005|       0.007|
slv : | solve_DvGr_MDS                   |       3.132|     28|       0.112|       0.303|
slv : | solve_DvGr_alg_MDS               |       1.706|     28|       0.061|       0.255|
slv : | solve_INPR_MDS                   |       0.000|      1|       0.000|       0.000|
slv : | solve_PS+QJ                      |       0.000|      0|       0.000|       0.000|
slv : | solve_YLMA_MDS                   |       0.000|     28|       0.000|       0.000|
slv : | solve_YNOx_MDS                   |       0.000|     28|       0.000|       0.000|
slv : | solve_YTd_MDS                    |       0.001|     28|       0.000|       0.000|
slv : | solve_YTurb_MDS                  |       3.334|     28|       0.119|       0.138|
slv : | solve_YTurb_alg_MDS              |       1.625|     56|       0.029|       0.057|
slv : | update_BC_MDS                    |       0.000|     29|       0.000|       0.000|
slv : | update_Mf_after_DvGr             |       0.335|     28|       0.012|       0.023|
slv : | update_VelPressure_MDS           |       0.053|     28|       0.002|       0.003|
slv : +----------------------------------+------------+-------+------------+------------+
-----------------------------------------------------------------------
Memory Working Set Current = 404.02 Mb, Memory Working Set Peak = 406.65 Mb
Memory Private Bytes Current = 588.61 Mb, Memory Private Bytes Peak = 592.95 Mb
Process Threads Number: 16
-----------------------------------------------------------------------
Algebra Pool      : mem_usage = 408.44 Mb, allocated count = 1318

================== Tstep=28 ===================
<Dynamic P> on nsd = 0 {openings (inlet / outlet)}:
  (SP = Static Pressure, EP = Environment Pressure, TP = Total Pressure, E = External)
  {#0, E, (6.326975e-02 / 2.733992e+04)}
  {#1, E, (8.045890e-02 / 2.733991e+04)}
  {#2, E, (0.000000e+00 / 2.719908e+04)}
  {#3, E, (2.733225e+04 / 0.000000e+00)}
  {#4, E, (9.247638e-03 / 2.733953e+04)}
  {#5, E, (2.155802e-02 / 2.733968e+04)}
  MWS[  0]=7.41461
tau_viscous_averaged = 61.7742 
dt(mass,momentum; nsd=  0): min dt/dtG(ncv=  20259)=1.00 , max dt/dtG(ncv=  20141)=6.5    , dtG=0.000275515
Flow alg-view 0 in phys-view 0 isn't Neumann (not Multi Phase treating)
Face Momentum (sd=  0): max value of div(mf) (cv=25147) = 8.842487e-05
Flow alg-view 0 is not Neumann (not for Phase Change + Nested Iters)
+----+----+--------------+--------------+--------------+--------------+--------------+------+----+-+-+--+------+
|Name|view| Initial res  | Initial resL1| Target res   | Final res    | Final res L1 |Visits|Iter|R|F|CL|Status|
| BG |   0|  9.263344e-08|  1.029256e-02|  6.206932e-10|  2.067195e-10|  1.146545e-03|     7|  21|0|n|30|  OK  |
log10(resTarget_Lim / resTarget_Orig): 2.0 
Face Momentum (sd=  0): max value of div(mf) (cv=8696) = 1.375215e-06
	norm_L2 of div(momentum) = 1.499771e-05.
Flow alg-view 0 in phys-view 0 isn't Neumann (not Multi Phase treating)
LOG: number of a-faces with weighted approximations in 0 subdomain: 9.12477 percent
LOG: Rate of a-faces corrected to CUp1st in 0 subdomain: 0.168413 %
slv : SolveBL stage
|nsd|Real WF|NormalF|Cycle F|CriticF| EdgeF |CyclBrF|ExtParF|RWFnumSt|StLvlNum|  nfw  |  alp_U_min  |  nfw  |  alp_U_max  |  nfw  |  alp_T_min  |  nfw  |  alp_T_max  |  nfw  |  BL_s_min   |  nfw  |   BL_s_max  |
|  0|   2054|   1817|      6|     10|    221|      0|      0|    2048|      64|   3991|0            |  12947|19.591       |   3978|0            |   4045|26516.9      |  12935|-22220.6     |   3978|0            |
Face Momentum (sd=  0): max value of div(mf) (cv=8696) = 1.375215e-06
	norm_L2 of div(momentum) = 1.499771e-05.
nsd = 0 BC: AP Inlet occurs on 3228 w-faces
+----+----+----+--------------+--------------+--------------+--------------+--------------+------+----+-+-+--+------+
|Name|view| n_y| Initial res  | Initial resL1| Target res   | Final res    | Final res L1 |Visits|Iter|R|F|CL|Status|
+----+----+----+--------------+--------------+--------------+--------------+--------------+------+----+-+-+--+------+
| 3M |   0|   0|  6.394094e+01|  5.490961e+02|  1.198893e-02|  7.646364e-07|  8.382404e-03|     2|   6|0|n|29|  OK  |
Velocity (predicted):
        (local) sd   0: min(  21246)=4.446192050867       , max(   9493)=225.87409731477      
Flow alg-view 0 is not Neumann (not for Phase Change + Nested Iters)
+----+----+--------------+--------------+--------------+--------------+--------------+------+----+-+-+--+------+
|Name|view| Initial res  | Initial resL1| Target res   | Final res    | Final res L1 |Visits|Iter|R|F|CL|Status|
|DVGR|   0|  1.025065e-03|  1.768818e+00|  6.406656e-08|  4.486249e-08|  3.616974e-03|    16|  54|1|n|30|  OK  |
Filter(LC, geom_index=  0): isolating pressure from zero=96 (in AUSM_cvs=0)
Filter(LC, geom_index=  0): isolating pressure from infinity =20 (in AUSM_cvs=0)
PRESSURE SOLVER(geom_index=  0): sum_C_dp=0.00205843
Face Momentum (sd=  0): max value of div(mf) (cv=20166) = 7.204929e-05
	norm_L2 of div(momentum) = 2.435288e-04.
nsd = 0 min_dtHy = 0.000275515 (nCV =	20259 ) max_dtHy = 0.00180373 (nCV =	20141 ) 
+----+----+--------------+--------------+--------------+--------------+--------------+------+----+-+-+--+------+
|Name|view| Initial res  | Initial resL1| Target res   | Final res    | Final res L1 |Visits|Iter|R|F|CL|Status|
|CHT |   0|  4.740567e+02|  8.026428e+02|  2.962854e-02|  4.463419e-04|  5.307827e-01|     1|   9|0|n|30|  OK  |
nsd = 0 min_dtke = 0.000124327 (nCV =	20150 ) max_dtke = 0.000756517 (nCV =	21081 ) 
+----+----+----+--------------+--------------+--------------+--------------+--------------+------+----+-+-+--+------+
|Name|view| n_y| Initial res  | Initial resL1| Target res   | Final res    | Final res L1 |Visits|Iter|R|F|CL|Status|
+----+----+----+--------------+--------------+--------------+--------------+--------------+------+----+-+-+--+------+
|turb|   0|   0|  1.569150e+03|  1.284610e+03|  1.845857e-04|  1.502895e-04|  3.653696e-01|     5|  30|0|n|30|  OK  |
|turb|   0|   1|  3.883571e+08|  4.697504e+05|  4.703104e-01|  2.097297e-01|  1.307110e+01|     6|  36|0|n|30|  OK  |
Filter: K,E,momentum: sd =   0 isolating K from zero=      0 E from zero=    559 E from infinity=      0
slv : Fluid subdom(new) 0
slv : P static (new)                 : min(  20038) = 91091.734430721      , max(   9483) = 492335.77201009      
slv : Density (new)                  : min(  20038) = 1.0280185781525      , max(   9483) = 5.4653497052381      
slv : Velocity (new)                 : min(  20141) = 3.4213819725342      , max(   9493) = 225.83315865881      
slv : Mach number (new)              : min(  20141) = 0.0096407138170997   , max(   9493) = 0.663768517571       
slv : Turbulent k (new)              : min(  40738) = 0.051655058534014    , max(  20150) = 1337.3689677041      
slv : Turbulent e (new)              : min(  55902) = 0.14118801742855     , max(  20150) = 1925781.4112477      
slv : Temperature (new)              : min(   9493) = 288.18265016149      , max(   9492) = 313.77635485558      
slv : Total enthalpy, Y-shifted (new): min(  20129) = 20157.375321804      , max(  20140) = 20936.207447995      
slv : MASS FLUXES AT OPENINGS: MF=-314.857, AP=314.855
slv : DvGr statistics: min alpha=0.0757114(nfa=208855, geom_slice=0)
slv : +----------------------------------+------------+-------+------------+------------+
slv : |          Collector name          | Total Time | Count |  Avg Time  |  Max Time  |
slv : +----------------------------------+------------+-------+------------+------------+
slv : | Calculate_inc                    |      12.800|     28|       0.457|       0.652|
slv : | CollectEMT_Results               |       0.000|     29|       0.000|       0.000|
slv : | HeatPathCalculator_Dynamic       |       0.021|      1|       0.021|       0.021|
slv : | LiSy_make_portrait               |       0.358|    138|       0.003|       0.017|
slv : | Results_processing               |       1.519|     28|       0.054|       0.067|
slv : | build_sl_ordering_CHT            |       0.016|     29|       0.001|       0.006|
slv : | build_sl_ordering_MDS            |       0.101|     29|       0.003|       0.019|
slv : | build_sl_ordering_fluid          |       0.101|     29|       0.003|       0.019|
slv : | calc_Convolutions_MDS            |       0.403|     29|       0.014|       0.027|
slv : | calc_wall_dist                   |       0.372|      1|       0.372|       0.372|
slv : | create_Gr_operators_MDS          |       0.426|     29|       0.015|       0.027|
slv : | create_Gr_operators_portrait_MDS |       0.210|     29|       0.007|       0.010|
slv : | init_Hy_group_MDS                |       0.409|     29|       0.014|       0.019|
slv : | perform_stage_total              |      11.542|    791|       0.015|       0.372|
slv : | precalc_at_start_MDS             |       0.666|      2|       0.333|       0.637|
slv : | solve_3M_MDS                     |       1.035|     29|       0.036|       0.063|
slv : | solve_3M_alg_MDS                 |       0.246|     29|       0.008|       0.012|
slv : | solve_BG_MDS                     |       1.077|     29|       0.037|       0.042|
slv : | solve_BG_alg_MDS                 |       0.767|     29|       0.026|       0.033|
slv : | solve_BL_MDS                     |       0.430|     29|       0.015|       0.019|
slv : | solve_CHT                        |       0.815|     29|       0.028|       0.039|
slv : | solve_CHT_MDS                    |       0.579|     29|       0.020|       0.024|
slv : | solve_CHT_alg_MDS                |       0.133|     29|       0.005|       0.007|
slv : | solve_DvGr_MDS                   |       3.252|     29|       0.112|       0.303|
slv : | solve_DvGr_alg_MDS               |       1.778|     29|       0.061|       0.255|
slv : | solve_INPR_MDS                   |       0.000|      1|       0.000|       0.000|
slv : | solve_PS+QJ                      |       0.000|      0|       0.000|       0.000|
slv : | solve_YLMA_MDS                   |       0.000|     29|       0.000|       0.000|
slv : | solve_YNOx_MDS                   |       0.000|     29|       0.000|       0.000|
slv : | solve_YTd_MDS                    |       0.001|     29|       0.000|       0.000|
slv : | solve_YTurb_MDS                  |       3.465|     29|       0.119|       0.138|
slv : | solve_YTurb_alg_MDS              |       1.695|     58|       0.029|       0.057|
slv : | update_BC_MDS                    |       0.000|     30|       0.000|       0.000|
slv : | update_Mf_after_DvGr             |       0.347|     29|       0.012|       0.023|
slv : | update_VelPressure_MDS           |       0.055|     29|       0.002|       0.003|
slv : +----------------------------------+------------+-------+------------+------------+
-----------------------------------------------------------------------
Memory Working Set Current = 403.84 Mb, Memory Working Set Peak = 406.65 Mb
Memory Private Bytes Current = 588.45 Mb, Memory Private Bytes Peak = 592.95 Mb
Process Threads Number: 16
-----------------------------------------------------------------------
Algebra Pool      : mem_usage = 408.44 Mb, allocated count = 1314

================== Tstep=29 ===================
<Dynamic P> on nsd = 0 {openings (inlet / outlet)}:
  (SP = Static Pressure, EP = Environment Pressure, TP = Total Pressure, E = External)
  {#0, E, (5.781051e-02 / 2.734003e+04)}
  {#1, E, (7.303073e-02 / 2.734003e+04)}
  {#2, E, (0.000000e+00 / 2.718840e+04)}
  {#3, E, (2.733226e+04 / 0.000000e+00)}
  {#4, E, (8.644156e-03 / 2.733962e+04)}
  {#5, E, (1.954336e-02 / 2.733978e+04)}
  MWS[  0]=7.37791
tau_viscous_averaged = 62.1774 
dt(mass,momentum; nsd=  0): min dt/dtG(ncv=  20234)=1.00 , max dt/dtG(ncv=  20141)=6.4    , dtG=0.000276889
Flow alg-view 0 in phys-view 0 isn't Neumann (not Multi Phase treating)
Face Momentum (sd=  0): max value of div(mf) (cv=20166) = 7.204929e-05
Flow alg-view 0 is not Neumann (not for Phase Change + Nested Iters)
+----+----+--------------+--------------+--------------+--------------+--------------+------+----+-+-+--+------+
|Name|view| Initial res  | Initial resL1| Target res   | Final res    | Final res L1 |Visits|Iter|R|F|CL|Status|
| BG |   0|  7.079158e-08|  9.400314e-03|  6.406656e-10|  6.108076e-10|  1.870325e-03|     6|  18|0|n|30|  OK  |
log10(resTarget_Lim / resTarget_Orig): 2.2 
Face Momentum (sd=  0): max value of div(mf) (cv=8703) = 2.529731e-06
	norm_L2 of div(momentum) = 2.502064e-05.
Flow alg-view 0 in phys-view 0 isn't Neumann (not Multi Phase treating)
LOG: number of a-faces with weighted approximations in 0 subdomain: 9.36737 percent
LOG: Rate of a-faces corrected to CUp1st in 0 subdomain: 0.166221 %
slv : SolveBL stage
|nsd|Real WF|NormalF|Cycle F|CriticF| EdgeF |CyclBrF|ExtParF|RWFnumSt|StLvlNum|  nfw  |  alp_U_min  |  nfw  |  alp_U_max  |  nfw  |  alp_T_min  |  nfw  |  alp_T_max  |  nfw  |  BL_s_min   |  nfw  |   BL_s_max  |
|  0|   2054|   1816|      6|     10|    222|      0|      0|    2048|      64|   3991|0            |  12947|19.5908      |   3978|0            |   4765|93967        |  12935|-22221       |   3978|0            |
Face Momentum (sd=  0): max value of div(mf) (cv=8703) = 2.529731e-06
	norm_L2 of div(momentum) = 2.502064e-05.
nsd = 0 BC: AP Inlet occurs on 3202 w-faces
+----+----+----+--------------+--------------+--------------+--------------+--------------+------+----+-+-+--+------+
|Name|view| n_y| Initial res  | Initial resL1| Target res   | Final res    | Final res L1 |Visits|Iter|R|F|CL|Status|
+----+----+----+--------------+--------------+--------------+--------------+--------------+------+----+-+-+--+------+
| 3M |   0|   0|  5.631525e+01|  5.130359e+02|  1.055911e-02|  6.629786e-07|  7.615781e-03|     2|   6|0|n|29|  OK  |
Velocity (predicted):
        (local) sd   0: min(  21250)=4.6310387523137      , max(   9493)=224.64571532252      
Flow alg-view 0 is not Neumann (not for Phase Change + Nested Iters)
+----+----+--------------+--------------+--------------+--------------+--------------+------+----+-+-+--+------+
|Name|view| Initial res  | Initial resL1| Target res   | Final res    | Final res L1 |Visits|Iter|R|F|CL|Status|
|DVGR|   0|  9.601926e-04|  1.737735e+00|  6.001203e-08|  5.605778e-08|  3.299308e-03|    14|  42|0|n|30|  OK  |
Filter(LC, geom_index=  0): isolating pressure from zero=72 (in AUSM_cvs=0)
Filter(LC, geom_index=  0): isolating pressure from infinity =16 (in AUSM_cvs=0)
PRESSURE SOLVER(geom_index=  0): sum_C_dp=0.00170506
Face Momentum (sd=  0): max value of div(mf) (cv=20166) = 7.430779e-05
	norm_L2 of div(momentum) = 2.587993e-04.
nsd = 0 min_dtHy = 0.000276759 (nCV =	20234 ) max_dtHy = 0.00176869 (nCV =	20141 ) 
+----+----+--------------+--------------+--------------+--------------+--------------+------+----+-+-+--+------+
|Name|view| Initial res  | Initial resL1| Target res   | Final res    | Final res L1 |Visits|Iter|R|F|CL|Status|
|CHT |   0|  4.283150e+02|  7.625062e+02|  2.676969e-02|  3.990737e-04|  5.074660e-01|     1|   9|0|n|30|  OK  |
nsd = 0 min_dtke = 0.000124022 (nCV =	20150 ) max_dtke = 0.000738085 (nCV =	21081 ) 
+----+----+----+--------------+--------------+--------------+--------------+--------------+------+----+-+-+--+------+
|Name|view| n_y| Initial res  | Initial resL1| Target res   | Final res    | Final res L1 |Visits|Iter|R|F|CL|Status|
+----+----+----+--------------+--------------+--------------+--------------+--------------+------+----+-+-+--+------+
|turb|   0|   0|  1.306760e+03|  1.169783e+03|  1.808236e-04|  1.451892e-04|  3.580194e-01|     5|  30|0|n|30|  OK  |
|turb|   0|   1|  3.593952e+08|  4.314592e+05|  4.561427e-01|  1.978908e-01|  1.287117e+01|     6|  36|0|n|30|  OK  |
Filter: K,E,momentum: sd =   0 isolating K from zero=      0 E from zero=    537 E from infinity=      0
slv : Fluid subdom(new) 0
slv : P static (new)                 : min(  20038) = 91153.612742171      , max(   9483) = 467718.98340959      
slv : Density (new)                  : min(  20038) = 1.0285108633011      , max(   9483) = 5.1921271600481      
slv : Velocity (new)                 : min(  20141) = 3.6631834818723      , max(   9493) = 224.59175646729      
slv : Mach number (new)              : min(  20141) = 0.010322140860356    , max(   9493) = 0.65980378659458     
slv : Turbulent k (new)              : min(  39856) = 0.051163683104685    , max(  20150) = 1363.4714503469      
slv : Turbulent e (new)              : min(  55905) = 0.12568507192725     , max(  20150) = 1970194.7222262      
slv : Temperature (new)              : min(   9493) = 288.45875794617      , max(   9492) = 313.77220211327      
slv : Total enthalpy, Y-shifted (new): min(  20129) = 20123.3323678        , max(  66486) = 20933.90368664       
slv : MASS FLUXES AT OPENINGS: MF=-314.857, AP=314.856
slv : DvGr statistics: min alpha=0.0757117(nfa=208855, geom_slice=0)
slv : +----------------------------------+------------+-------+------------+------------+
slv : |          Collector name          | Total Time | Count |  Avg Time  |  Max Time  |
slv : +----------------------------------+------------+-------+------------+------------+
slv : | Calculate_inc                    |      13.266|     29|       0.457|       0.652|
slv : | CollectEMT_Results               |       0.000|     30|       0.000|       0.000|
slv : | HeatPathCalculator_Dynamic       |       0.021|      1|       0.021|       0.021|
slv : | LiSy_make_portrait               |       0.367|    142|       0.003|       0.017|
slv : | Results_processing               |       1.567|     29|       0.054|       0.067|
slv : | build_sl_ordering_CHT            |       0.016|     30|       0.001|       0.006|
slv : | build_sl_ordering_MDS            |       0.102|     30|       0.003|       0.019|
slv : | build_sl_ordering_fluid          |       0.101|     30|       0.003|       0.019|
slv : | calc_Convolutions_MDS            |       0.418|     30|       0.014|       0.027|
slv : | calc_wall_dist                   |       0.372|      1|       0.372|       0.372|
slv : | create_Gr_operators_MDS          |       0.443|     30|       0.015|       0.027|
slv : | create_Gr_operators_portrait_MDS |       0.216|     30|       0.007|       0.010|
slv : | init_Hy_group_MDS                |       0.421|     30|       0.014|       0.019|
slv : | perform_stage_total              |      11.932|    818|       0.015|       0.372|
slv : | precalc_at_start_MDS             |       0.666|      2|       0.333|       0.637|
slv : | solve_3M_MDS                     |       1.071|     30|       0.036|       0.063|
slv : | solve_3M_alg_MDS                 |       0.257|     30|       0.009|       0.012|
slv : | solve_BG_MDS                     |       1.109|     30|       0.037|       0.042|
slv : | solve_BG_alg_MDS                 |       0.787|     30|       0.026|       0.033|
slv : | solve_BL_MDS                     |       0.444|     30|       0.015|       0.019|
slv : | solve_CHT                        |       0.842|     30|       0.028|       0.039|
slv : | solve_CHT_MDS                    |       0.599|     30|       0.020|       0.024|
slv : | solve_CHT_alg_MDS                |       0.137|     30|       0.005|       0.007|
slv : | solve_DvGr_MDS                   |       3.359|     30|       0.112|       0.303|
slv : | solve_DvGr_alg_MDS               |       1.838|     30|       0.061|       0.255|
slv : | solve_INPR_MDS                   |       0.000|      1|       0.000|       0.000|
slv : | solve_PS+QJ                      |       0.000|      0|       0.000|       0.000|
slv : | solve_YLMA_MDS                   |       0.000|     30|       0.000|       0.000|
slv : | solve_YNOx_MDS                   |       0.000|     30|       0.000|       0.000|
slv : | solve_YTd_MDS                    |       0.001|     30|       0.000|       0.000|
slv : | solve_YTurb_MDS                  |       3.598|     30|       0.120|       0.138|
slv : | solve_YTurb_alg_MDS              |       1.764|     60|       0.029|       0.057|
slv : | update_BC_MDS                    |       0.000|     31|       0.000|       0.000|
slv : | update_Mf_after_DvGr             |       0.358|     30|       0.012|       0.023|
slv : | update_VelPressure_MDS           |       0.057|     30|       0.002|       0.003|
slv : +----------------------------------+------------+-------+------------+------------+
Interpolator cache: total calls 6968, optimised calls 2706 (38.8 %)
-----------------------------------------------------------------------
Memory Working Set Current = 404.00 Mb, Memory Working Set Peak = 406.65 Mb
Memory Private Bytes Current = 588.77 Mb, Memory Private Bytes Peak = 592.95 Mb
Process Threads Number: 16
-----------------------------------------------------------------------
Iteration : time = 2.60769 , count = 5 , time/count = 0.521538
Calculate_inc() : time = 2.33441 , count = 5 , time/count = 0.466881
TreatFlowEvolution() : time = 0.244542 , count = 5 , time/count = 0.0489084
SolverPreview : time = 0 , count = 5 , time/count = 0
TreatGoals : time = 0.241212 , count = 5 , time/count = 0.0482424
Algebra Pool      : mem_usage = 408.44 Mb, allocated count = 1301

================== Tstep=30 ===================
<Dynamic P> on nsd = 0 {openings (inlet / outlet)}:
  (SP = Static Pressure, EP = Environment Pressure, TP = Total Pressure, E = External)
  {#0, E, (5.392448e-02 / 2.734014e+04)}
  {#1, E, (6.811733e-02 / 2.734013e+04)}
  {#2, E, (0.000000e+00 / 2.717871e+04)}
  {#3, E, (2.733224e+04 / 0.000000e+00)}
  {#4, E, (8.034333e-03 / 2.733971e+04)}
  {#5, E, (1.793300e-02 / 2.733988e+04)}
  MWS[  0]=7.33897
tau_viscous_averaged = 62.5395 
dt(mass,momentum; nsd=  0): min dt/dtG(ncv=  20031)=1.00 , max dt/dtG(ncv=  20048)=6.2    , dtG=0.000417501
Flow alg-view 0 in phys-view 0 isn't Neumann (not Multi Phase treating)
Face Momentum (sd=  0): max value of div(mf) (cv=20166) = 7.430779e-05
Flow alg-view 0 is not Neumann (not for Phase Change + Nested Iters)
+----+----+--------------+--------------+--------------+--------------+--------------+------+----+-+-+--+------+
|Name|view| Initial res  | Initial resL1| Target res   | Final res    | Final res L1 |Visits|Iter|R|F|CL|Status|
| BG |   0|  9.338869e-08|  8.586182e-03|  6.001203e-10|  4.853268e-10|  1.677424e-03|     6|  18|0|n|30|  OK  |
log10(resTarget_Lim / resTarget_Orig): 2.0 
Face Momentum (sd=  0): max value of div(mf) (cv=8703) = 2.366846e-06
	norm_L2 of div(momentum) = 2.206022e-05.
Flow alg-view 0 in phys-view 0 isn't Neumann (not Multi Phase treating)
LOG: number of a-faces with weighted approximations in 0 subdomain: 9.48341 percent
LOG: Rate of a-faces corrected to CUp1st in 0 subdomain: 0.164758 %
slv : SolveBL stage
|nsd|Real WF|NormalF|Cycle F|CriticF| EdgeF |CyclBrF|ExtParF|RWFnumSt|StLvlNum|  nfw  |  alp_U_min  |  nfw  |  alp_U_max  |  nfw  |  alp_T_min  |  nfw  |  alp_T_max  |  nfw  |  BL_s_min   |  nfw  |   BL_s_max  |
|  0|   2054|   1816|      6|     10|    221|      1|      0|    2048|      64|   3991|0            |  12947|19.5907      |   3978|0            |   4054|6431.47      |  12935|-22221.5     |   3978|0            |
Face Momentum (sd=  0): max value of div(mf) (cv=8703) = 2.366846e-06
	norm_L2 of div(momentum) = 2.206022e-05.
nsd = 0 BC: AP Inlet occurs on 3175 w-faces
+----+----+----+--------------+--------------+--------------+--------------+--------------+------+----+-+-+--+------+
|Name|view| n_y| Initial res  | Initial resL1| Target res   | Final res    | Final res L1 |Visits|Iter|R|F|CL|Status|
+----+----+----+--------------+--------------+--------------+--------------+--------------+------+----+-+-+--+------+
| 3M |   0|   0|  4.945376e+01|  4.821806e+02|  9.272580e-03|  1.083713e-05|  3.664490e-02|     2|   6|0|n|29|  OK  |
Velocity (predicted):
        (local) sd   0: min(  21246)=4.6436839051887      , max(   9493)=222.53246991071      
Flow alg-view 0 is not Neumann (not for Phase Change + Nested Iters)
+----+----+--------------+--------------+--------------+--------------+--------------+------+----+-+-+--+------+
|Name|view| Initial res  | Initial resL1| Target res   | Final res    | Final res L1 |Visits|Iter|R|F|CL|Status|
|DVGR|   0|  1.136620e-03|  1.922671e+00|  7.103873e-08|  6.160855e-08|  3.432594e-03|    14|  42|0|n|30|  OK  |
Filter(LC, geom_index=  0): isolating pressure from zero=67 (in AUSM_cvs=0)
Filter(LC, geom_index=  0): isolating pressure from infinity =1 (in AUSM_cvs=0)
PRESSURE SOLVER(geom_index=  0): sum_C_dp=0.000647008
Face Momentum (sd=  0): max value of div(mf) (cv=20166) = 7.904160e-05
	norm_L2 of div(momentum) = 2.539302e-04.
nsd = 0 min_dtHy = 0.000416241 (nCV =	20031 ) max_dtHy = 0.00260872 (nCV =	20048 ) 
+----+----+--------------+--------------+--------------+--------------+--------------+------+----+-+-+--+------+
|Name|view| Initial res  | Initial resL1| Target res   | Final res    | Final res L1 |Visits|Iter|R|F|CL|Status|
|CHT |   0|  3.732331e+02|  7.280054e+02|  2.332707e-02|  1.333601e-02|  3.201923e+00|     1|   9|0|n|30|  OK  |
nsd = 0 min_dtke = 0.000128306 (nCV =	20150 ) max_dtke = 0.000967848 (nCV =	77934 ) 
+----+----+----+--------------+--------------+--------------+--------------+--------------+------+----+-+-+--+------+
|Name|view| n_y| Initial res  | Initial resL1| Target res   | Final res    | Final res L1 |Visits|Iter|R|F|CL|Status|
+----+----+----+--------------+--------------+--------------+--------------+--------------+------+----+-+-+--+------+
|turb|   0|   0|  1.087641e+03|  1.064997e+03|  1.515402e-04|  4.186464e-05|  1.826340e-01|     7|  42|0|n|30|  OK  |
|turb|   0|   1|  3.266260e+08|  3.953891e+05|  3.783586e-01|  8.247434e-02|  7.499228e+00|     8|  48|0|n|30|  OK  |
Filter: K,E,momentum: sd =   0 isolating K from zero=      0 E from zero=    521 E from infinity=      0
slv : Fluid subdom(new) 0
slv : P static (new)                 : min(  20038) = 91208.406969408      , max(   9483) = 444333.03423911      
slv : Density (new)                  : min(  20038) = 1.0288327141718      , max(   9483) = 4.9325850208092      
slv : Velocity (new)                 : min(  20141) = 3.8391093087769      , max(   9493) = 222.52683248743      
slv : Mach number (new)              : min(  20141) = 0.010817933339096    , max(   9493) = 0.65323184140494     
slv : Turbulent k (new)              : min(  39730) = 0.053320773670081    , max(  20150) = 1386.2611723087      
slv : Turbulent e (new)              : min(  66332) = 0.11209451047016     , max(  20150) = 2007027.8914552      
slv : Temperature (new)              : min(   9493) = 288.90548905957      , max(  20048) = 313.76723855492      
slv : Total enthalpy, Y-shifted (new): min(  20129) = 20082.148487154      , max(  66486) = 20960.345660658      
slv : MASS FLUXES AT OPENINGS: MF=-314.857, AP=314.857
slv : DvGr statistics: min alpha=0.0757121(nfa=208855, geom_slice=0)
slv : +----------------------------------+------------+-------+------------+------------+
slv : |          Collector name          | Total Time | Count |  Avg Time  |  Max Time  |
slv : +----------------------------------+------------+-------+------------+------------+
slv : | Calculate_inc                    |      13.731|     30|       0.458|       0.652|
slv : | CollectEMT_Results               |       0.000|     31|       0.000|       0.000|
slv : | HeatPathCalculator_Dynamic       |       0.021|      1|       0.021|       0.021|
slv : | LiSy_make_portrait               |       0.375|    146|       0.003|       0.017|
slv : | Results_processing               |       1.617|     30|       0.054|       0.067|
slv : | build_sl_ordering_CHT            |       0.016|     31|       0.001|       0.006|
slv : | build_sl_ordering_MDS            |       0.102|     31|       0.003|       0.019|
slv : | build_sl_ordering_fluid          |       0.101|     31|       0.003|       0.019|
slv : | calc_Convolutions_MDS            |       0.430|     31|       0.014|       0.027|
slv : | calc_wall_dist                   |       0.372|      1|       0.372|       0.372|
slv : | create_Gr_operators_MDS          |       0.460|     31|       0.015|       0.027|
slv : | create_Gr_operators_portrait_MDS |       0.223|     31|       0.007|       0.010|
slv : | init_Hy_group_MDS                |       0.435|     31|       0.014|       0.019|
slv : | perform_stage_total              |      12.358|    845|       0.015|       0.372|
slv : | precalc_at_start_MDS             |       0.666|      2|       0.333|       0.637|
slv : | solve_3M_MDS                     |       1.140|     31|       0.037|       0.069|
slv : | solve_3M_alg_MDS                 |       0.298|     31|       0.010|       0.041|
slv : | solve_BG_MDS                     |       1.143|     31|       0.037|       0.042|
slv : | solve_BG_alg_MDS                 |       0.811|     31|       0.026|       0.033|
slv : | solve_BL_MDS                     |       0.458|     31|       0.015|       0.019|
slv : | solve_CHT                        |       0.869|     31|       0.028|       0.039|
slv : | solve_CHT_MDS                    |       0.619|     31|       0.020|       0.024|
slv : | solve_CHT_alg_MDS                |       0.141|     31|       0.005|       0.007|
slv : | solve_DvGr_MDS                   |       3.466|     31|       0.112|       0.303|
slv : | solve_DvGr_alg_MDS               |       1.899|     31|       0.061|       0.255|
slv : | solve_INPR_MDS                   |       0.000|      1|       0.000|       0.000|
slv : | solve_PS+QJ                      |       0.000|      0|       0.000|       0.000|
slv : | solve_YLMA_MDS                   |       0.000|     31|       0.000|       0.000|
slv : | solve_YNOx_MDS                   |       0.000|     31|       0.000|       0.000|
slv : | solve_YTd_MDS                    |       0.001|     31|       0.000|       0.000|
slv : | solve_YTurb_MDS                  |       3.742|     31|       0.121|       0.143|
slv : | solve_YTurb_alg_MDS              |       1.849|     62|       0.030|       0.057|
slv : | update_BC_MDS                    |       0.000|     32|       0.000|       0.000|
slv : | update_Mf_after_DvGr             |       0.369|     31|       0.012|       0.023|
slv : | update_VelPressure_MDS           |       0.059|     31|       0.002|       0.003|
slv : +----------------------------------+------------+-------+------------+------------+
-----------------------------------------------------------------------
Memory Working Set Current = 420.18 Mb, Memory Working Set Peak = 423.31 Mb
Memory Private Bytes Current = 603.14 Mb, Memory Private Bytes Peak = 607.20 Mb
Process Threads Number: 16
-----------------------------------------------------------------------
Algebra Pool      : mem_usage = 423.00 Mb, allocated count = 1448

================== Tstep=31 ===================
<Dynamic P> on nsd = 0 {openings (inlet / outlet)}:
  (SP = Static Pressure, EP = Environment Pressure, TP = Total Pressure, E = External)
  {#0, E, (5.005783e-02 / 2.734029e+04)}
  {#1, E, (6.217595e-02 / 2.734028e+04)}
  {#2, E, (0.000000e+00 / 2.716650e+04)}
  {#3, E, (2.733225e+04 / 0.000000e+00)}
  {#4, E, (7.348037e-03 / 2.733982e+04)}
  {#5, E, (1.617664e-02 / 2.734000e+04)}
  MWS[  0]=7.27252
tau_viscous_averaged = 62.9235 
dt(mass,momentum; nsd=  0): min dt/dtG(ncv=  20031)=0.99 , max dt/dtG(ncv=  20202)=6.1    , dtG=0.000421319
Flow alg-view 0 in phys-view 0 isn't Neumann (not Multi Phase treating)
Face Momentum (sd=  0): max value of div(mf) (cv=25144) = 1.639539e-04
Flow alg-view 0 is not Neumann (not for Phase Change + Nested Iters)
+----+----+--------------+--------------+--------------+--------------+--------------+------+----+-+-+--+------+
|Name|view| Initial res  | Initial resL1| Target res   | Final res    | Final res L1 |Visits|Iter|R|F|CL|Status|
| BG |   0|  1.798385e-07|  7.412692e-03|  7.103873e-10|  5.369150e-10|  1.679132e-03|     6|  18|0|n|30|  OK  |
log10(resTarget_Lim / resTarget_Orig): 1.8 
Face Momentum (sd=  0): max value of div(mf) (cv=8703) = 2.394312e-06
	norm_L2 of div(momentum) = 2.317394e-05.
Flow alg-view 0 in phys-view 0 isn't Neumann (not Multi Phase treating)
LOG: number of a-faces with weighted approximations in 0 subdomain: 9.70624 percent
LOG: Rate of a-faces corrected to CUp1st in 0 subdomain: 0.167447 %
slv : SolveBL stage
|nsd|Real WF|NormalF|Cycle F|CriticF| EdgeF |CyclBrF|ExtParF|RWFnumSt|StLvlNum|  nfw  |  alp_U_min  |  nfw  |  alp_U_max  |  nfw  |  alp_T_min  |  nfw  |  alp_T_max  |  nfw  |  BL_s_min   |  nfw  |   BL_s_max  |
|  0|   2054|   1818|      6|     10|    219|      1|      0|    2048|      64|   3991|0            |  12947|19.5905      |   1780|0            |   4054|18572.3      |  12935|-22222.2     |   1780|0            |
Face Momentum (sd=  0): max value of div(mf) (cv=8703) = 2.394312e-06
	norm_L2 of div(momentum) = 2.317394e-05.
nsd = 0 BC: AP Inlet occurs on 3109 w-faces
+----+----+----+--------------+--------------+--------------+--------------+--------------+------+----+-+-+--+------+
|Name|view| n_y| Initial res  | Initial resL1| Target res   | Final res    | Final res L1 |Visits|Iter|R|F|CL|Status|
+----+----+----+--------------+--------------+--------------+--------------+--------------+------+----+-+-+--+------+
| 3M |   0|   0|  4.270966e+01|  4.437461e+02|  8.008062e-03|  7.699504e-06|  3.186037e-02|     2|   6|0|n|29|  OK  |
Velocity (predicted):
        (local) sd   0: min(  21250)=4.5979799382041      , max(   9482)=220.54534944732      
Flow alg-view 0 is not Neumann (not for Phase Change + Nested Iters)
+----+----+--------------+--------------+--------------+--------------+--------------+------+----+-+-+--+------+
|Name|view| Initial res  | Initial resL1| Target res   | Final res    | Final res L1 |Visits|Iter|R|F|CL|Status|
|DVGR|   0|  1.100532e-03|  1.941086e+00|  6.878325e-08|  6.127028e-08|  3.334628e-03|    12|  36|0|n|30|  OK  |
Filter(LC, geom_index=  0): isolating pressure from zero=48 (in AUSM_cvs=0)
PRESSURE SOLVER(geom_index=  0): sum_C_dp=0.000383685
Face Momentum (sd=  0): max value of div(mf) (cv=20166) = 8.140581e-05
	norm_L2 of div(momentum) = 2.524220e-04.
nsd = 0 min_dtHy = 0.00041788 (nCV =	20031 ) max_dtHy = 0.00257204 (nCV =	20202 ) 
+----+----+--------------+--------------+--------------+--------------+--------------+------+----+-+-+--+------+
|Name|view| Initial res  | Initial resL1| Target res   | Final res    | Final res L1 |Visits|Iter|R|F|CL|Status|
|CHT |   0|  3.420052e+02|  7.040843e+02|  2.137532e-02|  1.080087e-02|  3.074374e+00|     1|   9|0|n|30|  OK  |
nsd = 0 min_dtke = 0.000128274 (nCV =	20150 ) max_dtke = 0.000968601 (nCV =	77934 ) 
+----+----+----+--------------+--------------+--------------+--------------+--------------+------+----+-+-+--+------+
|Name|view| n_y| Initial res  | Initial resL1| Target res   | Final res    | Final res L1 |Visits|Iter|R|F|CL|Status|
+----+----+----+--------------+--------------+--------------+--------------+--------------+------+----+-+-+--+------+
|turb|   0|   0|  8.651752e+02|  9.506987e+02|  1.459948e-04|  3.766320e-05|  1.734333e-01|     7|  42|0|n|30|  OK  |
|turb|   0|   1|  2.842732e+08|  3.570984e+05|  3.579129e-01|  6.731782e-02|  6.958416e+00|     8|  48|0|n|30|  OK  |
Filter: K,E,momentum: sd =   0 isolating K from zero=      0 E from zero=    479 E from infinity=      0
slv : Fluid subdom(new) 0
slv : P static (new)                 : min(   9467) = 91283.141053209      , max(   9483) = 422116.38252715      
slv : Density (new)                  : min(   9467) = 1.0293743469812      , max(   9483) = 4.6860086481168      
slv : Velocity (new)                 : min(  20141) = 4.1809480904148      , max(   9482) = 220.44102036414      
slv : Mach number (new)              : min(  20141) = 0.011781265899379    , max(   9482) = 0.6466105177541      
slv : Turbulent k (new)              : min(   1578) = 0.053679588972782    , max(  20150) = 1405.0552929512      
slv : Turbulent e (new)              : min(  65452) = 0.11498870279122     , max(  20150) = 2034233.4519196      
slv : Temperature (new)              : min(   9482) = 289.35101437252      , max(  21535) = 313.79049781749      
slv : Total enthalpy, Y-shifted (new): min(  20129) = 20051.132628704      , max(  66486) = 20986.308605508      
slv : MASS FLUXES AT OPENINGS: MF=-314.857, AP=314.857
slv : DvGr statistics: min alpha=0.075711(nfa=208855, geom_slice=0)
slv : +----------------------------------+------------+-------+------------+------------+
slv : |          Collector name          | Total Time | Count |  Avg Time  |  Max Time  |
slv : +----------------------------------+------------+-------+------------+------------+
slv : | Calculate_inc                    |      14.226|     31|       0.459|       0.652|
slv : | CollectEMT_Results               |       0.000|     32|       0.000|       0.000|
slv : | HeatPathCalculator_Dynamic       |       0.021|      1|       0.021|       0.021|
slv : | LiSy_make_portrait               |       0.384|    150|       0.003|       0.017|
slv : | Results_processing               |       1.667|     31|       0.054|       0.067|
slv : | build_sl_ordering_CHT            |       0.016|     32|       0.000|       0.006|
slv : | build_sl_ordering_MDS            |       0.102|     32|       0.003|       0.019|
slv : | build_sl_ordering_fluid          |       0.101|     32|       0.003|       0.019|
slv : | calc_Convolutions_MDS            |       0.444|     32|       0.014|       0.027|
slv : | calc_wall_dist                   |       0.372|      1|       0.372|       0.372|
slv : | create_Gr_operators_MDS          |       0.473|     32|       0.015|       0.027|
slv : | create_Gr_operators_portrait_MDS |       0.229|     32|       0.007|       0.010|
slv : | init_Hy_group_MDS                |       0.448|     32|       0.014|       0.019|
slv : | perform_stage_total              |      12.750|    872|       0.015|       0.372|
slv : | precalc_at_start_MDS             |       0.666|      2|       0.333|       0.637|
slv : | solve_3M_MDS                     |       1.187|     32|       0.037|       0.069|
slv : | solve_3M_alg_MDS                 |       0.319|     32|       0.010|       0.041|
slv : | solve_BG_MDS                     |       1.171|     32|       0.037|       0.042|
slv : | solve_BG_alg_MDS                 |       0.831|     32|       0.026|       0.033|
slv : | solve_BL_MDS                     |       0.475|     32|       0.015|       0.019|
slv : | solve_CHT                        |       0.893|     32|       0.028|       0.039|
slv : | solve_CHT_MDS                    |       0.635|     32|       0.020|       0.024|
slv : | solve_CHT_alg_MDS                |       0.145|     32|       0.005|       0.007|
slv : | solve_DvGr_MDS                   |       3.565|     32|       0.111|       0.303|
slv : | solve_DvGr_alg_MDS               |       1.952|     32|       0.061|       0.255|
slv : | solve_INPR_MDS                   |       0.000|      1|       0.000|       0.000|
slv : | solve_PS+QJ                      |       0.000|      0|       0.000|       0.000|
slv : | solve_YLMA_MDS                   |       0.000|     32|       0.000|       0.000|
slv : | solve_YNOx_MDS                   |       0.000|     32|       0.000|       0.000|
slv : | solve_YTd_MDS                    |       0.001|     32|       0.000|       0.000|
slv : | solve_YTurb_MDS                  |       3.883|     32|       0.121|       0.143|
slv : | solve_YTurb_alg_MDS              |       1.935|     64|       0.030|       0.057|
slv : | update_BC_MDS                    |       0.000|     33|       0.000|       0.000|
slv : | update_Mf_after_DvGr             |       0.381|     32|       0.012|       0.023|
slv : | update_VelPressure_MDS           |       0.061|     32|       0.002|       0.003|
slv : +----------------------------------+------------+-------+------------+------------+
-----------------------------------------------------------------------
Memory Working Set Current = 421.59 Mb, Memory Working Set Peak = 423.87 Mb
Memory Private Bytes Current = 605.72 Mb, Memory Private Bytes Peak = 607.73 Mb
Process Threads Number: 16
-----------------------------------------------------------------------
Algebra Pool      : mem_usage = 423.00 Mb, allocated count = 1453

================== Tstep=32 ===================
<Dynamic P> on nsd = 0 {openings (inlet / outlet)}:
  (SP = Static Pressure, EP = Environment Pressure, TP = Total Pressure, E = External)
  {#0, E, (4.726972e-02 / 2.734043e+04)}
  {#1, E, (5.820686e-02 / 2.734042e+04)}
  {#2, E, (0.000000e+00 / 2.715640e+04)}
  {#3, E, (2.733225e+04 / 0.000000e+00)}
  {#4, E, (6.711410e-03 / 2.733993e+04)}
  {#5, E, (1.492043e-02 / 2.734014e+04)}
  MWS[  0]=7.20603
tau_viscous_averaged = 63.3604 
dt(mass,momentum; nsd=  0): min dt/dtG(ncv=  20031)=0.99 , max dt/dtG(ncv=  20202)=6.0    , dtG=0.000424679
Flow alg-view 0 in phys-view 0 isn't Neumann (not Multi Phase treating)
Face Momentum (sd=  0): max value of div(mf) (cv=9814) = 1.398433e-04
Flow alg-view 0 is not Neumann (not for Phase Change + Nested Iters)
+----+----+--------------+--------------+--------------+--------------+--------------+------+----+-+-+--+------+
|Name|view| Initial res  | Initial resL1| Target res   | Final res    | Final res L1 |Visits|Iter|R|F|CL|Status|
| BG |   0|  1.629046e-07|  7.122449e-03|  6.878325e-10|  4.639934e-10|  1.580346e-03|     6|  18|0|n|30|  OK  |
log10(resTarget_Lim / resTarget_Orig): 1.8 
Face Momentum (sd=  0): max value of div(mf) (cv=8703) = 2.312756e-06
	norm_L2 of div(momentum) = 2.154398e-05.
Flow alg-view 0 in phys-view 0 isn't Neumann (not Multi Phase treating)
LOG: number of a-faces with weighted approximations in 0 subdomain: 9.68438 percent
LOG: Rate of a-faces corrected to CUp1st in 0 subdomain: 0.171471 %
slv : SolveBL stage
|nsd|Real WF|NormalF|Cycle F|CriticF| EdgeF |CyclBrF|ExtParF|RWFnumSt|StLvlNum|  nfw  |  alp_U_min  |  nfw  |  alp_U_max  |  nfw  |  alp_T_min  |  nfw  |  alp_T_max  |  nfw  |  BL_s_min   |  nfw  |   BL_s_max  |
|  0|   2054|   1818|      6|     10|    219|      1|      0|    2048|      64|   3991|0            |  12947|19.5904      |   1780|0            |   4008|25527.3      |  12935|-22223       |   1780|0            |
Face Momentum (sd=  0): max value of div(mf) (cv=8703) = 2.312756e-06
	norm_L2 of div(momentum) = 2.154398e-05.
nsd = 0 BC: AP Inlet occurs on 3058 w-faces
+----+----+----+--------------+--------------+--------------+--------------+--------------+------+----+-+-+--+------+
|Name|view| n_y| Initial res  | Initial resL1| Target res   | Final res    | Final res L1 |Visits|Iter|R|F|CL|Status|
+----+----+----+--------------+--------------+--------------+--------------+--------------+------+----+-+-+--+------+
| 3M |   0|   0|  3.806403e+01|  4.135680e+02|  7.137006e-03|  5.922053e-06|  2.834538e-02|     2|   6|0|n|29|  OK  |
Velocity (predicted):
        (local) sd   0: min(  10497)=6.77449179378        , max(   9482)=218.62115401646      
Flow alg-view 0 is not Neumann (not for Phase Change + Nested Iters)
+----+----+--------------+--------------+--------------+--------------+--------------+------+----+-+-+--+------+
|Name|view| Initial res  | Initial resL1| Target res   | Final res    | Final res L1 |Visits|Iter|R|F|CL|Status|
|DVGR|   0|  1.149270e-03|  1.975598e+00|  7.182935e-08|  6.469138e-08|  3.337172e-03|    10|  30|0|n|30|  OK  |
Filter(LC, geom_index=  0): isolating pressure from zero=28 (in AUSM_cvs=0)
PRESSURE SOLVER(geom_index=  0): sum_C_dp=0.000375564
Face Momentum (sd=  0): max value of div(mf) (cv=20166) = 8.616172e-05
	norm_L2 of div(momentum) = 2.592008e-04.
nsd = 0 min_dtHy = 0.000419649 (nCV =	20031 ) max_dtHy = 0.00254298 (nCV =	20202 ) 
+----+----+--------------+--------------+--------------+--------------+--------------+------+----+-+-+--+------+
|Name|view| Initial res  | Initial resL1| Target res   | Final res    | Final res L1 |Visits|Iter|R|F|CL|Status|
|CHT |   0|  3.161730e+02|  6.699336e+02|  1.976081e-02|  8.697860e-03|  2.914525e+00|     1|   9|0|n|30|  OK  |
nsd = 0 min_dtke = 0.000128515 (nCV =	20150 ) max_dtke = 0.00096935 (nCV =	77934 ) 
+----+----+----+--------------+--------------+--------------+--------------+--------------+------+----+-+-+--+------+
|Name|view| n_y| Initial res  | Initial resL1| Target res   | Final res    | Final res L1 |Visits|Iter|R|F|CL|Status|
+----+----+----+--------------+--------------+--------------+--------------+--------------+------+----+-+-+--+------+
|turb|   0|   0|  6.942014e+02|  8.519657e+02|  1.406141e-04|  3.709179e-05|  1.725126e-01|     7|  42|0|n|30|  OK  |
|turb|   0|   1|  2.621153e+08|  3.265333e+05|  3.384230e-01|  6.554462e-02|  6.773615e+00|     8|  48|0|n|30|  OK  |
Filter: K,E,momentum: sd =   0 isolating K from zero=      0 E from zero=    453 E from infinity=      0
slv : Fluid subdom(new) 0
slv : P static (new)                 : min(  20038) = 91360.265488863      , max(   9483) = 401010.56340079      
slv : Density (new)                  : min(  20038) = 1.029898991573       , max(   9483) = 4.4517587299238      
slv : Velocity (new)                 : min(  20141) = 4.4257914864445      , max(   9482) = 218.44215731462      
slv : Mach number (new)              : min(  20141) = 0.012471293834154    , max(   9482) = 0.64027024908487     
slv : Turbulent k (new)              : min(   1578) = 0.053023019139579    , max(  20159) = 1431.6433772725      
slv : Turbulent e (new)              : min(  55006) = 0.10299549801107     , max(  20150) = 2058850.7485818      
slv : Temperature (new)              : min(   9482) = 289.7823849666       , max(  21535) = 313.82344905415      
slv : Total enthalpy, Y-shifted (new): min(  20129) = 20023.949974711      , max(  66486) = 21010.790194107      
slv : MASS FLUXES AT OPENINGS: MF=-314.857, AP=314.857
slv : DvGr statistics: min alpha=0.0757102(nfa=208855, geom_slice=0)
slv : +----------------------------------+------------+-------+------------+------------+
slv : |          Collector name          | Total Time | Count |  Avg Time  |  Max Time  |
slv : +----------------------------------+------------+-------+------------+------------+
slv : | Calculate_inc                    |      14.686|     32|       0.459|       0.652|
slv : | CollectEMT_Results               |       0.000|     33|       0.000|       0.000|
slv : | HeatPathCalculator_Dynamic       |       0.021|      1|       0.021|       0.021|
slv : | LiSy_make_portrait               |       0.393|    154|       0.003|       0.017|
slv : | Results_processing               |       1.714|     32|       0.054|       0.067|
slv : | build_sl_ordering_CHT            |       0.016|     33|       0.000|       0.006|
slv : | build_sl_ordering_MDS            |       0.102|     33|       0.003|       0.019|
slv : | build_sl_ordering_fluid          |       0.102|     33|       0.003|       0.019|
slv : | calc_Convolutions_MDS            |       0.456|     33|       0.014|       0.027|
slv : | calc_wall_dist                   |       0.372|      1|       0.372|       0.372|
slv : | create_Gr_operators_MDS          |       0.487|     33|       0.015|       0.027|
slv : | create_Gr_operators_portrait_MDS |       0.239|     33|       0.007|       0.010|
slv : | init_Hy_group_MDS                |       0.462|     33|       0.014|       0.019|
slv : | perform_stage_total              |      13.148|    899|       0.015|       0.372|
slv : | precalc_at_start_MDS             |       0.666|      2|       0.333|       0.637|
slv : | solve_3M_MDS                     |       1.232|     33|       0.037|       0.069|
slv : | solve_3M_alg_MDS                 |       0.340|     33|       0.010|       0.041|
slv : | solve_BG_MDS                     |       1.201|     33|       0.036|       0.042|
slv : | solve_BG_alg_MDS                 |       0.851|     33|       0.026|       0.033|
slv : | solve_BL_MDS                     |       0.490|     33|       0.015|       0.019|
slv : | solve_CHT                        |       0.922|     33|       0.028|       0.039|
slv : | solve_CHT_MDS                    |       0.656|     33|       0.020|       0.024|
slv : | solve_CHT_alg_MDS                |       0.150|     33|       0.005|       0.007|
slv : | solve_DvGr_MDS                   |       3.659|     33|       0.111|       0.303|
slv : | solve_DvGr_alg_MDS               |       1.997|     33|       0.061|       0.255|
slv : | solve_INPR_MDS                   |       0.000|      1|       0.000|       0.000|
slv : | solve_PS+QJ                      |       0.000|      0|       0.000|       0.000|
slv : | solve_YLMA_MDS                   |       0.000|     33|       0.000|       0.000|
slv : | solve_YNOx_MDS                   |       0.000|     33|       0.000|       0.000|
slv : | solve_YTd_MDS                    |       0.001|     33|       0.000|       0.000|
slv : | solve_YTurb_MDS                  |       4.034|     33|       0.122|       0.151|
slv : | solve_YTurb_alg_MDS              |       2.023|     66|       0.031|       0.057|
slv : | update_BC_MDS                    |       0.000|     34|       0.000|       0.000|
slv : | update_Mf_after_DvGr             |       0.393|     33|       0.012|       0.023|
slv : | update_VelPressure_MDS           |       0.062|     33|       0.002|       0.003|
slv : +----------------------------------+------------+-------+------------+------------+
-----------------------------------------------------------------------
Memory Working Set Current = 421.98 Mb, Memory Working Set Peak = 423.87 Mb
Memory Private Bytes Current = 605.62 Mb, Memory Private Bytes Peak = 607.73 Mb
Process Threads Number: 16
-----------------------------------------------------------------------
Algebra Pool      : mem_usage = 423.00 Mb, allocated count = 1446

================== Tstep=33 ===================
<Dynamic P> on nsd = 0 {openings (inlet / outlet)}:
  (SP = Static Pressure, EP = Environment Pressure, TP = Total Pressure, E = External)
  {#0, E, (4.469918e-02 / 2.734057e+04)}
  {#1, E, (5.513690e-02 / 2.734055e+04)}
  {#2, E, (0.000000e+00 / 2.714820e+04)}
  {#3, E, (2.733225e+04 / 0.000000e+00)}
  {#4, E, (6.121466e-03 / 2.734003e+04)}
  {#5, E, (1.393036e-02 / 2.734027e+04)}
  MWS[  0]=7.14232
tau_viscous_averaged = 63.8478 
dt(mass,momentum; nsd=  0): min dt/dtG(ncv=  20234)=0.98 , max dt/dtG(ncv=  20141)=5.9    , dtG=0.00042902
Flow alg-view 0 in phys-view 0 isn't Neumann (not Multi Phase treating)
Face Momentum (sd=  0): max value of div(mf) (cv=9786) = 1.242993e-04
Flow alg-view 0 is not Neumann (not for Phase Change + Nested Iters)
+----+----+--------------+--------------+--------------+--------------+--------------+------+----+-+-+--+------+
|Name|view| Initial res  | Initial resL1| Target res   | Final res    | Final res L1 |Visits|Iter|R|F|CL|Status|
| BG |   0|  1.561114e-07|  6.975581e-03|  7.182935e-10|  4.452488e-10|  1.560907e-03|     6|  18|0|n|30|  OK  |
log10(resTarget_Lim / resTarget_Orig): 1.9 
Face Momentum (sd=  0): max value of div(mf) (cv=8703) = 2.226158e-06
	norm_L2 of div(momentum) = 2.110527e-05.
Flow alg-view 0 in phys-view 0 isn't Neumann (not Multi Phase treating)
LOG: number of a-faces with weighted approximations in 0 subdomain: 9.51494 percent
LOG: Rate of a-faces corrected to CUp1st in 0 subdomain: 0.17026 %
slv : SolveBL stage
|nsd|Real WF|NormalF|Cycle F|CriticF| EdgeF |CyclBrF|ExtParF|RWFnumSt|StLvlNum|  nfw  |  alp_U_min  |  nfw  |  alp_U_max  |  nfw  |  alp_T_min  |  nfw  |  alp_T_max  |  nfw  |  BL_s_min   |  nfw  |   BL_s_max  |
|  0|   2054|   1819|      8|     10|    217|      0|      0|    2046|      64|   3991|0            |  12947|19.5903      |   1780|0            |   3984|25382.1      |  12935|-22224.1     |   1780|0            |
Face Momentum (sd=  0): max value of div(mf) (cv=8703) = 2.226158e-06
	norm_L2 of div(momentum) = 2.110527e-05.
nsd = 0 BC: AP Inlet occurs on 3039 w-faces
+----+----+----+--------------+--------------+--------------+--------------+--------------+------+----+-+-+--+------+
|Name|view| n_y| Initial res  | Initial resL1| Target res   | Final res    | Final res L1 |Visits|Iter|R|F|CL|Status|
+----+----+----+--------------+--------------+--------------+--------------+--------------+------+----+-+-+--+------+
| 3M |   0|   0|  3.447366e+01|  3.902679e+02|  6.463810e-03|  4.670970e-06|  2.543286e-02|     2|   6|0|n|29|  OK  |
Velocity (predicted):
        (local) sd   0: min(  20161)=7.5330504033772      , max(   9482)=216.73624588302      
Flow alg-view 0 is not Neumann (not for Phase Change + Nested Iters)
+----+----+--------------+--------------+--------------+--------------+--------------+------+----+-+-+--+------+
|Name|view| Initial res  | Initial resL1| Target res   | Final res    | Final res L1 |Visits|Iter|R|F|CL|Status|
|DVGR|   0|  1.679650e-03|  2.077620e+00|  1.049781e-07|  9.656402e-08|  4.193290e-03|     7|  21|0|n|30|  OK  |
Filter(LC, geom_index=  0): isolating pressure from zero=20 (in AUSM_cvs=0)
PRESSURE SOLVER(geom_index=  0): sum_C_dp=0.0002746
Face Momentum (sd=  0): max value of div(mf) (cv=20166) = 1.117211e-04
	norm_L2 of div(momentum) = 3.150575e-04.
nsd = 0 min_dtHy = 0.000421669 (nCV =	20234 ) max_dtHy = 0.00251964 (nCV =	20141 ) 
+----+----+--------------+--------------+--------------+--------------+--------------+------+----+-+-+--+------+
|Name|view| Initial res  | Initial resL1| Target res   | Final res    | Final res L1 |Visits|Iter|R|F|CL|Status|
|CHT |   0|  2.874703e+02|  6.299859e+02|  1.796689e-02|  6.963582e-03|  2.713037e+00|     1|   9|0|n|30|  OK  |
nsd = 0 min_dtke = 0.000128888 (nCV =	20150 ) max_dtke = 0.00097008 (nCV =	77934 ) 
+----+----+----+--------------+--------------+--------------+--------------+--------------+------+----+-+-+--+------+
|Name|view| n_y| Initial res  | Initial resL1| Target res   | Final res    | Final res L1 |Visits|Iter|R|F|CL|Status|
+----+----+----+--------------+--------------+--------------+--------------+--------------+------+----+-+-+--+------+
|turb|   0|   0|  5.621521e+02|  7.674453e+02|  1.356098e-04|  3.273234e-05|  1.604019e-01|     7|  42|0|n|30|  OK  |
|turb|   0|   1|  2.402353e+08|  3.011660e+05|  3.206144e-01|  5.628532e-02|  6.445262e+00|     8|  48|0|n|30|  OK  |
Filter: K,E,momentum: sd =   0 isolating K from zero=      0 E from zero=    416 E from infinity=      0
slv : Fluid subdom(new) 0
slv : P static (new)                 : min(   9467) = 91443.265610135      , max(   9483) = 380960.03523075      
slv : Density (new)                  : min(   9467) = 1.0305151459653      , max(   9483) = 4.229252507621       
slv : Velocity (new)                 : min(  20141) = 4.3878614557967      , max(   9482) = 216.50960466275      
slv : Mach number (new)              : min(  20141) = 0.01236448902979     , max(   9482) = 0.63414947090117     
slv : Turbulent k (new)              : min(    761) = 0.052390916000069    , max(  20159) = 1469.3675015503      
slv : Turbulent e (new)              : min(  54894) = 0.11141826644101     , max(  20159) = 2115299.5601317      
slv : Temperature (new)              : min(   9482) = 290.20054526462      , max(  10505) = 313.81908936103      
slv : Total enthalpy, Y-shifted (new): min(  20129) = 19999.949588988      , max(  66486) = 21033.120424071      
slv : MASS FLUXES AT OPENINGS: MF=-314.857, AP=314.857
slv : DvGr statistics: min alpha=0.0757087(nfa=208855, geom_slice=0)
slv : +----------------------------------+------------+-------+------------+------------+
slv : |          Collector name          | Total Time | Count |  Avg Time  |  Max Time  |
slv : +----------------------------------+------------+-------+------------+------------+
slv : | Calculate_inc                    |      15.154|     33|       0.459|       0.652|
slv : | CollectEMT_Results               |       0.000|     34|       0.000|       0.000|
slv : | HeatPathCalculator_Dynamic       |       0.021|      1|       0.021|       0.021|
slv : | LiSy_make_portrait               |       0.401|    158|       0.003|       0.017|
slv : | Results_processing               |       1.765|     33|       0.053|       0.067|
slv : | build_sl_ordering_CHT            |       0.016|     34|       0.000|       0.006|
slv : | build_sl_ordering_MDS            |       0.103|     34|       0.003|       0.019|
slv : | build_sl_ordering_fluid          |       0.102|     34|       0.003|       0.019|
slv : | calc_Convolutions_MDS            |       0.469|     34|       0.014|       0.027|
slv : | calc_wall_dist                   |       0.372|      1|       0.372|       0.372|
slv : | create_Gr_operators_MDS          |       0.503|     34|       0.015|       0.027|
slv : | create_Gr_operators_portrait_MDS |       0.246|     34|       0.007|       0.010|
slv : | init_Hy_group_MDS                |       0.475|     34|       0.014|       0.019|
slv : | perform_stage_total              |      13.523|    926|       0.015|       0.372|
slv : | precalc_at_start_MDS             |       0.666|      2|       0.333|       0.637|
slv : | solve_3M_MDS                     |       1.278|     34|       0.038|       0.069|
slv : | solve_3M_alg_MDS                 |       0.360|     34|       0.011|       0.041|
slv : | solve_BG_MDS                     |       1.230|     34|       0.036|       0.042|
slv : | solve_BG_alg_MDS                 |       0.870|     34|       0.026|       0.033|
slv : | solve_BL_MDS                     |       0.505|     34|       0.015|       0.019|
slv : | solve_CHT                        |       0.950|     34|       0.028|       0.039|
slv : | solve_CHT_MDS                    |       0.677|     34|       0.020|       0.024|
slv : | solve_CHT_alg_MDS                |       0.154|     34|       0.005|       0.007|
slv : | solve_DvGr_MDS                   |       3.741|     34|       0.110|       0.303|
slv : | solve_DvGr_alg_MDS               |       2.032|     34|       0.060|       0.255|
slv : | solve_INPR_MDS                   |       0.000|      1|       0.000|       0.000|
slv : | solve_PS+QJ                      |       0.000|      0|       0.000|       0.000|
slv : | solve_YLMA_MDS                   |       0.000|     34|       0.000|       0.000|
slv : | solve_YNOx_MDS                   |       0.000|     34|       0.000|       0.000|
slv : | solve_YTd_MDS                    |       0.001|     34|       0.000|       0.000|
slv : | solve_YTurb_MDS                  |       4.176|     34|       0.123|       0.151|
slv : | solve_YTurb_alg_MDS              |       2.109|     68|       0.031|       0.057|
slv : | update_BC_MDS                    |       0.000|     35|       0.000|       0.000|
slv : | update_Mf_after_DvGr             |       0.405|     34|       0.012|       0.023|
slv : | update_VelPressure_MDS           |       0.064|     34|       0.002|       0.003|
slv : +----------------------------------+------------+-------+------------+------------+
-----------------------------------------------------------------------
Memory Working Set Current = 420.40 Mb, Memory Working Set Peak = 423.87 Mb
Memory Private Bytes Current = 603.39 Mb, Memory Private Bytes Peak = 607.73 Mb
Process Threads Number: 16
-----------------------------------------------------------------------
Algebra Pool      : mem_usage = 423.00 Mb, allocated count = 1437

================== Tstep=34 ===================
<Dynamic P> on nsd = 0 {openings (inlet / outlet)}:
  (SP = Static Pressure, EP = Environment Pressure, TP = Total Pressure, E = External)
  {#0, E, (4.311961e-02 / 2.734069e+04)}
  {#1, E, (5.300660e-02 / 2.734067e+04)}
  {#2, E, (0.000000e+00 / 2.714162e+04)}
  {#3, E, (2.733223e+04 / 0.000000e+00)}
  {#4, E, (5.622471e-03 / 2.734012e+04)}
  {#5, E, (1.318947e-02 / 2.734038e+04)}
  MWS[  0]=7.08125
tau_viscous_averaged = 64.3483 
dt(mass,momentum; nsd=  0): min dt/dtG(ncv=  20171)=0.98 , max dt/dtG(ncv=  20141)=5.9    , dtG=0.000432999
Flow alg-view 0 in phys-view 0 isn't Neumann (not Multi Phase treating)
Face Momentum (sd=  0): max value of div(mf) (cv=25152) = 2.047497e-04
Flow alg-view 0 is not Neumann (not for Phase Change + Nested Iters)
+----+----+--------------+--------------+--------------+--------------+--------------+------+----+-+-+--+------+
|Name|view| Initial res  | Initial resL1| Target res   | Final res    | Final res L1 |Visits|Iter|R|F|CL|Status|
| BG |   0|  2.015985e-07|  7.713912e-03|  1.049781e-09|  4.994052e-10|  1.677633e-03|     6|  18|0|n|30|  OK  |
log10(resTarget_Lim / resTarget_Orig): 1.9 
Face Momentum (sd=  0): max value of div(mf) (cv=8703) = 2.292940e-06
	norm_L2 of div(momentum) = 2.235313e-05.
Flow alg-view 0 in phys-view 0 isn't Neumann (not Multi Phase treating)
LOG: number of a-faces with weighted approximations in 0 subdomain: 9.27823 percent
LOG: Rate of a-faces corrected to CUp1st in 0 subdomain: 0.166193 %
slv : SolveBL stage
|nsd|Real WF|NormalF|Cycle F|CriticF| EdgeF |CyclBrF|ExtParF|RWFnumSt|StLvlNum|  nfw  |  alp_U_min  |  nfw  |  alp_U_max  |  nfw  |  alp_T_min  |  nfw  |  alp_T_max  |  nfw  |  BL_s_min   |  nfw  |   BL_s_max  |
|  0|   2054|   1811|      8|     10|    224|      1|      0|    2046|      64|   3991|0            |  12947|19.5902      |   1780|0            |   3984|23928.1      |  12935|-22225       |   1780|0            |
Face Momentum (sd=  0): max value of div(mf) (cv=8703) = 2.292940e-06
	norm_L2 of div(momentum) = 2.235313e-05.
nsd = 0 BC: AP Inlet occurs on 3018 w-faces
+----+----+----+--------------+--------------+--------------+--------------+--------------+------+----+-+-+--+------+
|Name|view| n_y| Initial res  | Initial resL1| Target res   | Final res    | Final res L1 |Visits|Iter|R|F|CL|Status|
+----+----+----+--------------+--------------+--------------+--------------+--------------+------+----+-+-+--+------+
| 3M |   0|   0|  3.235818e+01|  3.850527e+02|  6.067158e-03|  4.510893e-06|  2.277090e-02|     2|   6|0|n|29|  OK  |
Velocity (predicted):
        (local) sd   0: min(  20161)=6.8970659438819      , max(   9482)=214.95911509851      
Flow alg-view 0 is not Neumann (not for Phase Change + Nested Iters)
+----+----+--------------+--------------+--------------+--------------+--------------+------+----+-+-+--+------+
|Name|view| Initial res  | Initial resL1| Target res   | Final res    | Final res L1 |Visits|Iter|R|F|CL|Status|
|DVGR|   0|  3.261211e-03|  2.382017e+00|  2.038257e-07|  1.649335e-07|  7.200021e-03|     5|  15|0|n|30|  OK  |
Filter(LC, geom_index=  0): isolating pressure from zero=20 (in AUSM_cvs=0)
PRESSURE SOLVER(geom_index=  0): sum_C_dp=0.000129376
Face Momentum (sd=  0): max value of div(mf) (cv=20166) = 1.511428e-04
	norm_L2 of div(momentum) = 4.096597e-04.
nsd = 0 min_dtHy = 0.000423465 (nCV =	20171 ) max_dtHy = 0.00256812 (nCV =	20141 ) 
+----+----+--------------+--------------+--------------+--------------+--------------+------+----+-+-+--+------+
|Name|view| Initial res  | Initial resL1| Target res   | Final res    | Final res L1 |Visits|Iter|R|F|CL|Status|
|CHT |   0|  2.886394e+02|  6.057006e+02|  1.803996e-02|  5.802694e-03|  2.478335e+00|     1|   9|0|n|30|  OK  |
nsd = 0 min_dtke = 0.000129343 (nCV =	20150 ) max_dtke = 0.000970784 (nCV =	77934 ) 
+----+----+----+--------------+--------------+--------------+--------------+--------------+------+----+-+-+--+------+
|Name|view| n_y| Initial res  | Initial resL1| Target res   | Final res    | Final res L1 |Visits|Iter|R|F|CL|Status|
+----+----+----+--------------+--------------+--------------+--------------+--------------+------+----+-+-+--+------+
|turb|   0|   0|  4.570700e+02|  6.933953e+02|  1.309437e-04|  3.015618e-05|  1.499635e-01|     7|  42|0|n|30|  OK  |
|turb|   0|   1|  2.131262e+08|  2.765764e+05|  3.042953e-01|  5.018061e-02|  6.098180e+00|     8|  48|0|n|30|  OK  |
Filter: K,E,momentum: sd =   0 isolating K from zero=      0 E from zero=    374 E from infinity=      0
slv : Fluid subdom(new) 0
slv : P static (new)                 : min(  20038) = 91529.20001505       , max(   9483) = 361912.03346922      
slv : Density (new)                  : min(  20038) = 1.0311746851409      , max(   9483) = 4.0179109898896      
slv : Velocity (new)                 : min(  20141) = 4.3591279689127      , max(   9482) = 214.67878418636      
slv : Mach number (new)              : min(  20141) = 0.012283599118245    , max(   9482) = 0.62835811703891     
slv : Turbulent k (new)              : min(    745) = 0.051780972441563    , max(  20159) = 1496.0210070959      
slv : Turbulent e (new)              : min(  54892) = 0.10881746073138     , max(  20159) = 2158125.8979713      
slv : Temperature (new)              : min(   9482) = 290.59880561075      , max(  10505) = 313.80614783573      
slv : Total enthalpy, Y-shifted (new): min(  20129) = 19980.672676709      , max(  66486) = 21052.888189006      
slv : MASS FLUXES AT OPENINGS: MF=-314.857, AP=314.857
slv : DvGr statistics: min alpha=0.0757078(nfa=208855, geom_slice=0)
slv : +----------------------------------+------------+-------+------------+------------+
slv : |          Collector name          | Total Time | Count |  Avg Time  |  Max Time  |
slv : +----------------------------------+------------+-------+------------+------------+
slv : | Calculate_inc                    |      15.601|     34|       0.459|       0.652|
slv : | CollectEMT_Results               |       0.000|     35|       0.000|       0.000|
slv : | HeatPathCalculator_Dynamic       |       0.021|      1|       0.021|       0.021|
slv : | LiSy_make_portrait               |       0.409|    162|       0.003|       0.017|
slv : | Results_processing               |       1.814|     34|       0.053|       0.067|
slv : | build_sl_ordering_CHT            |       0.016|     35|       0.000|       0.006|
slv : | build_sl_ordering_MDS            |       0.103|     35|       0.003|       0.019|
slv : | build_sl_ordering_fluid          |       0.102|     35|       0.003|       0.019|
slv : | calc_Convolutions_MDS            |       0.482|     35|       0.014|       0.027|
slv : | calc_wall_dist                   |       0.372|      1|       0.372|       0.372|
slv : | create_Gr_operators_MDS          |       0.516|     35|       0.015|       0.027|
slv : | create_Gr_operators_portrait_MDS |       0.257|     35|       0.007|       0.010|
slv : | init_Hy_group_MDS                |       0.488|     35|       0.014|       0.019|
slv : | perform_stage_total              |      13.893|    953|       0.015|       0.372|
slv : | precalc_at_start_MDS             |       0.666|      2|       0.333|       0.637|
slv : | solve_3M_MDS                     |       1.324|     35|       0.038|       0.069|
slv : | solve_3M_alg_MDS                 |       0.381|     35|       0.011|       0.041|
slv : | solve_BG_MDS                     |       1.259|     35|       0.036|       0.042|
slv : | solve_BG_alg_MDS                 |       0.890|     35|       0.025|       0.033|
slv : | solve_BL_MDS                     |       0.519|     35|       0.015|       0.019|
slv : | solve_CHT                        |       0.974|     35|       0.028|       0.039|
slv : | solve_CHT_MDS                    |       0.694|     35|       0.020|       0.024|
slv : | solve_CHT_alg_MDS                |       0.158|     35|       0.005|       0.007|
slv : | solve_DvGr_MDS                   |       3.814|     35|       0.109|       0.303|
slv : | solve_DvGr_alg_MDS               |       2.059|     35|       0.059|       0.255|
slv : | solve_INPR_MDS                   |       0.000|      1|       0.000|       0.000|
slv : | solve_PS+QJ                      |       0.000|      0|       0.000|       0.000|
slv : | solve_YLMA_MDS                   |       0.000|     35|       0.000|       0.000|
slv : | solve_YNOx_MDS                   |       0.000|     35|       0.000|       0.000|
slv : | solve_YTd_MDS                    |       0.001|     35|       0.000|       0.000|
slv : | solve_YTurb_MDS                  |       4.323|     35|       0.124|       0.151|
slv : | solve_YTurb_alg_MDS              |       2.195|     70|       0.031|       0.057|
slv : | update_BC_MDS                    |       0.000|     36|       0.000|       0.000|
slv : | update_Mf_after_DvGr             |       0.416|     35|       0.012|       0.023|
slv : | update_VelPressure_MDS           |       0.066|     35|       0.002|       0.003|
slv : +----------------------------------+------------+-------+------------+------------+
Interpolator cache: total calls 6972, optimised calls 2727 (39.1 %)
-----------------------------------------------------------------------
Memory Working Set Current = 420.63 Mb, Memory Working Set Peak = 423.87 Mb
Memory Private Bytes Current = 604.24 Mb, Memory Private Bytes Peak = 608.03 Mb
Process Threads Number: 16
-----------------------------------------------------------------------
Iteration : time = 2.5749 , count = 5 , time/count = 0.514981
Calculate_inc() : time = 2.3076 , count = 5 , time/count = 0.46152
TreatFlowEvolution() : time = 0.237785 , count = 5 , time/count = 0.047557
SolverPreview : time = 0 , count = 5 , time/count = 0
TreatGoals : time = 0.231777 , count = 5 , time/count = 0.0463554
Algebra Pool      : mem_usage = 423.00 Mb, allocated count = 1446

================== Tstep=35 ===================
<Dynamic P> on nsd = 0 {openings (inlet / outlet)}:
  (SP = Static Pressure, EP = Environment Pressure, TP = Total Pressure, E = External)
  {#0, E, (4.194313e-02 / 2.734081e+04)}
  {#1, E, (5.155967e-02 / 2.734078e+04)}
  {#2, E, (0.000000e+00 / 2.713636e+04)}
  {#3, E, (2.733225e+04 / 0.000000e+00)}
  {#4, E, (5.303703e-03 / 2.734019e+04)}
  {#5, E, (1.272841e-02 / 2.734047e+04)}
  MWS[  0]=7.02361
tau_viscous_averaged = 64.8629 
dt(mass,momentum; nsd=  0): min dt/dtG(ncv=  20234)=0.98 , max dt/dtG(ncv=  21231)=6.1    , dtG=0.000652794
Flow alg-view 0 in phys-view 0 isn't Neumann (not Multi Phase treating)
Face Momentum (sd=  0): max value of div(mf) (cv=25154) = 1.948296e-04
Flow alg-view 0 is not Neumann (not for Phase Change + Nested Iters)
+----+----+--------------+--------------+--------------+--------------+--------------+------+----+-+-+--+------+
|Name|view| Initial res  | Initial resL1| Target res   | Final res    | Final res L1 |Visits|Iter|R|F|CL|Status|
| BG |   0|  2.529483e-07|  9.832480e-03|  2.038257e-09|  1.873835e-09|  2.983330e-03|     5|  15|0|n|30|  OK  |
log10(resTarget_Lim / resTarget_Orig): 2.1 
Face Momentum (sd=  0): max value of div(mf) (cv=10423) = 4.430061e-06
	norm_L2 of div(momentum) = 4.328446e-05.
Flow alg-view 0 in phys-view 0 isn't Neumann (not Multi Phase treating)
LOG: number of a-faces with weighted approximations in 0 subdomain: 9.1521 percent
LOG: Rate of a-faces corrected to CUp1st in 0 subdomain: 0.164273 %
slv : SolveBL stage
|nsd|Real WF|NormalF|Cycle F|CriticF| EdgeF |CyclBrF|ExtParF|RWFnumSt|StLvlNum|  nfw  |  alp_U_min  |  nfw  |  alp_U_max  |  nfw  |  alp_T_min  |  nfw  |  alp_T_max  |  nfw  |  BL_s_min   |  nfw  |   BL_s_max  |
|  0|   2054|   1813|      6|     12|    223|      0|      0|    2048|      64|   4019|0            |   4073|28.6983      |   1780|0            |   4069|39223.7      |  12031|-35627.1     |   1780|0            |
Face Momentum (sd=  0): max value of div(mf) (cv=10423) = 4.430061e-06
	norm_L2 of div(momentum) = 4.328446e-05.
nsd = 0 BC: AP Inlet occurs on 2985 w-faces
+----+----+----+--------------+--------------+--------------+--------------+--------------+------+----+-+-+--+------+
|Name|view| n_y| Initial res  | Initial resL1| Target res   | Final res    | Final res L1 |Visits|Iter|R|F|CL|Status|
+----+----+----+--------------+--------------+--------------+--------------+--------------+------+----+-+-+--+------+
| 3M |   0|   0|  3.334797e+01|  3.998447e+02|  6.252744e-03|  8.785421e-05|  1.044492e-01|     2|   6|0|n|29|  OK  |
Velocity (predicted):
        (local) sd   0: min(  20152)=5.7022681982596      , max(  66536)=213.90917084412      
Flow alg-view 0 is not Neumann (not for Phase Change + Nested Iters)
+----+----+--------------+--------------+--------------+--------------+--------------+------+----+-+-+--+------+
|Name|view| Initial res  | Initial resL1| Target res   | Final res    | Final res L1 |Visits|Iter|R|F|CL|Status|
|DVGR|   0|  4.603400e-03|  2.815318e+00|  2.877125e-07|  2.458621e-07|  8.895142e-03|     5|  15|0|n|30|  OK  |
Filter(LC, geom_index=  0): isolating pressure from zero=20 (in AUSM_cvs=0)
PRESSURE SOLVER(geom_index=  0): sum_C_dp=3.23809e-06
Face Momentum (sd=  0): max value of div(mf) (cv=20166) = 1.798037e-04
	norm_L2 of div(momentum) = 4.972612e-04.
nsd = 0 min_dtHy = 0.000637672 (nCV =	20234 ) max_dtHy = 0.00400099 (nCV =	21231 ) 
+----+----+--------------+--------------+--------------+--------------+--------------+------+----+-+-+--+------+
|Name|view| Initial res  | Initial resL1| Target res   | Final res    | Final res L1 |Visits|Iter|R|F|CL|Status|
|CHT |   0|  3.437938e+02|  6.194859e+02|  2.148711e-02|  1.531639e-05|  1.146711e-01|     2|  18|0|n|30|  OK  |
nsd = 0 min_dtke = 0.00013257 (nCV =	20159 ) max_dtke = 0.00140112 (nCV =	77999 ) 
+----+----+----+--------------+--------------+--------------+--------------+--------------+------+----+-+-+--+------+
|Name|view| n_y| Initial res  | Initial resL1| Target res   | Final res    | Final res L1 |Visits|Iter|R|F|CL|Status|
+----+----+----+--------------+--------------+--------------+--------------+--------------+------+----+-+-+--+------+
|turb|   0|   0|  3.707350e+02|  6.288123e+02|  1.134959e-04|  1.052582e-04|  2.615569e-01|     8|  48|0|n|30|  OK  |
|turb|   0|   1|  1.930710e+08|  2.553070e+05|  2.595271e-01|  1.064664e-01|  7.113841e+00|    10|  60|0|n|30|  OK  |
Filter: K,E,momentum: sd =   0 isolating K from zero=      0 E from zero=    360 E from infinity=      0
slv : Fluid subdom(new) 0
slv : P static (new)                 : min(   9467) = 91599.045710486      , max(   9483) = 343816.43179576      
slv : Density (new)                  : min(  20038) = 1.0315715188205      , max(   9483) = 3.8171655154043      
slv : Velocity (new)                 : min(  20141) = 4.230846320179       , max(  66536) = 213.92675822635      
slv : Mach number (new)              : min(  20141) = 0.011922156842786    , max(  66536) = 0.62557830362698     
slv : Turbulent k (new)              : min(    633) = 0.050951853881203    , max(  20159) = 1512.0983035194      
slv : Turbulent e (new)              : min(  65373) = 0.10391296228878     , max(  20159) = 2177520.6626131      
slv : Temperature (new)              : min(  20138) = 291.0187743272       , max(  21407) = 313.77060078961      
slv : Total enthalpy, Y-shifted (new): min(  20129) = 19961.845830815      , max(  66486) = 21075.910490208      
slv : MASS FLUXES AT OPENINGS: MF=-314.857, AP=314.858
slv : DvGr statistics: min alpha=0.0757063(nfa=208855, geom_slice=0)
slv : +----------------------------------+------------+-------+------------+------------+
slv : |          Collector name          | Total Time | Count |  Avg Time  |  Max Time  |
slv : +----------------------------------+------------+-------+------------+------------+
slv : | Calculate_inc                    |      16.038|     35|       0.458|       0.652|
slv : | CollectEMT_Results               |       0.000|     36|       0.000|       0.000|
slv : | HeatPathCalculator_Dynamic       |       0.021|      1|       0.021|       0.021|
slv : | LiSy_make_portrait               |       0.418|    166|       0.003|       0.017|
slv : | Results_processing               |       1.861|     35|       0.053|       0.067|
slv : | build_sl_ordering_CHT            |       0.016|     36|       0.000|       0.006|
slv : | build_sl_ordering_MDS            |       0.104|     36|       0.003|       0.019|
slv : | build_sl_ordering_fluid          |       0.103|     36|       0.003|       0.019|
slv : | calc_Convolutions_MDS            |       0.495|     36|       0.014|       0.027|
slv : | calc_wall_dist                   |       0.372|      1|       0.372|       0.372|
slv : | create_Gr_operators_MDS          |       0.529|     36|       0.015|       0.027|
slv : | create_Gr_operators_portrait_MDS |       0.264|     36|       0.007|       0.010|
slv : | init_Hy_group_MDS                |       0.501|     36|       0.014|       0.019|
slv : | perform_stage_total              |      14.268|    980|       0.015|       0.372|
slv : | precalc_at_start_MDS             |       0.666|      2|       0.333|       0.637|
slv : | solve_3M_MDS                     |       1.372|     36|       0.038|       0.069|
slv : | solve_3M_alg_MDS                 |       0.402|     36|       0.011|       0.041|
slv : | solve_BG_MDS                     |       1.286|     36|       0.036|       0.042|
slv : | solve_BG_alg_MDS                 |       0.907|     36|       0.025|       0.033|
slv : | solve_BL_MDS                     |       0.535|     36|       0.015|       0.019|
slv : | solve_CHT                        |       1.055|     36|       0.029|       0.080|
slv : | solve_CHT_MDS                    |       0.767|     36|       0.021|       0.073|
slv : | solve_CHT_alg_MDS                |       0.214|     36|       0.006|       0.056|
slv : | solve_DvGr_MDS                   |       3.888|     36|       0.108|       0.303|
slv : | solve_DvGr_alg_MDS               |       2.087|     36|       0.058|       0.255|
slv : | solve_INPR_MDS                   |       0.000|      1|       0.000|       0.000|
slv : | solve_PS+QJ                      |       0.000|      0|       0.000|       0.000|
slv : | solve_YLMA_MDS                   |       0.000|     36|       0.000|       0.000|
slv : | solve_YNOx_MDS                   |       0.000|     36|       0.000|       0.000|
slv : | solve_YTd_MDS                    |       0.001|     36|       0.000|       0.000|
slv : | solve_YTurb_MDS                  |       4.478|     36|       0.124|       0.155|
slv : | solve_YTurb_alg_MDS              |       2.293|     72|       0.032|       0.057|
slv : | update_BC_MDS                    |       0.000|     37|       0.000|       0.000|
slv : | update_Mf_after_DvGr             |       0.428|     36|       0.012|       0.023|
slv : | update_VelPressure_MDS           |       0.068|     36|       0.002|       0.003|
slv : +----------------------------------+------------+-------+------------+------------+
-----------------------------------------------------------------------
Memory Working Set Current = 441.06 Mb, Memory Working Set Peak = 441.82 Mb
Memory Private Bytes Current = 625.01 Mb, Memory Private Bytes Peak = 626.80 Mb
Process Threads Number: 16
-----------------------------------------------------------------------
Algebra Pool      : mem_usage = 441.75 Mb, allocated count = 1581

================== Tstep=36 ===================
<Dynamic P> on nsd = 0 {openings (inlet / outlet)}:
  (SP = Static Pressure, EP = Environment Pressure, TP = Total Pressure, E = External)
  {#0, E, (4.100864e-02 / 2.734090e+04)}
  {#1, E, (5.071316e-02 / 2.734089e+04)}
  {#2, E, (0.000000e+00 / 2.713062e+04)}
  {#3, E, (2.733224e+04 / 0.000000e+00)}
  {#4, E, (4.987951e-03 / 2.734026e+04)}
  {#5, E, (1.216394e-02 / 2.734055e+04)}
  MWS[  0]=7.00043
tau_viscous_averaged = 65.4841 
dt(mass,momentum; nsd=  0): min dt/dtG(ncv=  20171)=0.97 , max dt/dtG(ncv=  21231)=6.3    , dtG=0.000661595
Flow alg-view 0 in phys-view 0 isn't Neumann (not Multi Phase treating)
Face Momentum (sd=  0): max value of div(mf) (cv=20166) = 1.798037e-04
Flow alg-view 0 is not Neumann (not for Phase Change + Nested Iters)
+----+----+--------------+--------------+--------------+--------------+--------------+------+----+-+-+--+------+
|Name|view| Initial res  | Initial resL1| Target res   | Final res    | Final res L1 |Visits|Iter|R|F|CL|Status|
| BG |   0|  3.121735e-07|  1.044763e-02|  2.877125e-09|  2.568399e-09|  3.052127e-03|     5|  15|0|n|30|  OK  |
log10(resTarget_Lim / resTarget_Orig): 2.2 
Face Momentum (sd=  0): max value of div(mf) (cv=10423) = 5.577379e-06
	norm_L2 of div(momentum) = 5.067563e-05.
Flow alg-view 0 in phys-view 0 isn't Neumann (not Multi Phase treating)
LOG: number of a-faces with weighted approximations in 0 subdomain: 8.92969 percent
LOG: Rate of a-faces corrected to CUp1st in 0 subdomain: 0.167605 %
slv : SolveBL stage
|nsd|Real WF|NormalF|Cycle F|CriticF| EdgeF |CyclBrF|ExtParF|RWFnumSt|StLvlNum|  nfw  |  alp_U_min  |  nfw  |  alp_U_max  |  nfw  |  alp_T_min  |  nfw  |  alp_T_max  |  nfw  |  BL_s_min   |  nfw  |   BL_s_max  |
|  0|   2054|   1808|      6|     12|    227|      1|      0|    2048|      64|   3991|0            |   3980|43.3701      |   1780|0            |   4079|687609       |  12031|-37089.6     |   1780|0            |
Face Momentum (sd=  0): max value of div(mf) (cv=10423) = 5.577379e-06
	norm_L2 of div(momentum) = 5.067563e-05.
nsd = 0 BC: AP Inlet occurs on 2967 w-faces
+----+----+----+--------------+--------------+--------------+--------------+--------------+------+----+-+-+--+------+
|Name|view| n_y| Initial res  | Initial resL1| Target res   | Final res    | Final res L1 |Visits|Iter|R|F|CL|Status|
+----+----+----+--------------+--------------+--------------+--------------+--------------+------+----+-+-+--+------+
| 3M |   0|   0|  3.570318e+01|  4.124082e+02|  6.694346e-03|  1.021825e-04|  1.007772e-01|     2|   6|0|n|29|  OK  |
Velocity (predicted):
        (local) sd   0: min(  20133)=4.2517629765238      , max(  66536)=213.90781232647      
Flow alg-view 0 is not Neumann (not for Phase Change + Nested Iters)
+----+----+--------------+--------------+--------------+--------------+--------------+------+----+-+-+--+------+
|Name|view| Initial res  | Initial resL1| Target res   | Final res    | Final res L1 |Visits|Iter|R|F|CL|Status|
|DVGR|   0|  3.806072e-03|  2.937962e+00|  2.378795e-07|  2.148563e-07|  7.963982e-03|     6|  18|0|n|30|  OK  |
Filter(LC, geom_index=  0): isolating pressure from zero=20 (in AUSM_cvs=0)
PRESSURE SOLVER(geom_index=  0): sum_C_dp=2.55079e-05
Face Momentum (sd=  0): max value of div(mf) (cv=20166) = 1.435942e-04
	norm_L2 of div(momentum) = 4.658595e-04.
nsd = 0 min_dtHy = 0.00064099 (nCV =	20171 ) max_dtHy = 0.0041497 (nCV =	21231 ) 
+----+----+--------------+--------------+--------------+--------------+--------------+------+----+-+-+--+------+
|Name|view| Initial res  | Initial resL1| Target res   | Final res    | Final res L1 |Visits|Iter|R|F|CL|Status|
|CHT |   0|  5.054923e+02|  6.993431e+02|  3.159327e-02|  9.534838e-05|  2.708881e-01|     2|  18|0|n|30|  OK  |
nsd = 0 min_dtke = 0.000132969 (nCV =	20159 ) max_dtke = 0.0014015 (nCV =	77934 ) 
+----+----+----+--------------+--------------+--------------+--------------+--------------+------+----+-+-+--+------+
|Name|view| n_y| Initial res  | Initial resL1| Target res   | Final res    | Final res L1 |Visits|Iter|R|F|CL|Status|
+----+----+----+--------------+--------------+--------------+--------------+--------------+------+----+-+-+--+------+
|turb|   0|   0|  3.096382e+02|  5.624526e+02|  1.119509e-04|  7.620453e-05|  2.235179e-01|     8|  48|0|n|30|  OK  |
|turb|   0|   1|  2.005656e+08|  2.461116e+05|  2.542951e-01|  2.494850e-01|  1.220695e+01|     9|  54|0|n|30|  OK  |
Filter: K,E,momentum: sd =   0 isolating K from zero=      0 E from zero=    354 E from infinity=      0
slv : Fluid subdom(new) 0
slv : P static (new)                 : min(  20233) = 91672.966861003      , max(   9483) = 326625.61020597      
slv : Density (new)                  : min(  20038) = 1.0320217978763      , max(   9483) = 3.626276716311       
slv : Velocity (new)                 : min(  20141) = 4.2152227706303      , max(  66536) = 213.92293112585      
slv : Mach number (new)              : min(  20141) = 0.011878196794042    , max(  66536) = 0.6255662409101      
slv : Turbulent k (new)              : min(    619) = 0.050215792773363    , max(  20159) = 1516.0674587562      
slv : Turbulent e (new)              : min(  47278) = 0.11569607930548     , max(  20159) = 2170568.0869259      
slv : Temperature (new)              : min(  66536) = 291.14008596309      , max(  21260) = 313.76684274682      
slv : Total enthalpy, Y-shifted (new): min(  20129) = 19952.905841374      , max(  66486) = 21094.297770053      
slv : MASS FLUXES AT OPENINGS: MF=-314.857, AP=314.858
slv : DvGr statistics: min alpha=0.0757063(nfa=208855, geom_slice=0)
slv : +----------------------------------+------------+-------+------------+------------+
slv : |          Collector name          | Total Time | Count |  Avg Time  |  Max Time  |
slv : +----------------------------------+------------+-------+------------+------------+
slv : | Calculate_inc                    |      16.535|     36|       0.459|       0.652|
slv : | CollectEMT_Results               |       0.000|     37|       0.000|       0.000|
slv : | HeatPathCalculator_Dynamic       |       0.021|      1|       0.021|       0.021|
slv : | LiSy_make_portrait               |       0.426|    170|       0.003|       0.017|
slv : | Results_processing               |       1.910|     36|       0.053|       0.067|
slv : | build_sl_ordering_CHT            |       0.016|     37|       0.000|       0.006|
slv : | build_sl_ordering_MDS            |       0.104|     37|       0.003|       0.019|
slv : | build_sl_ordering_fluid          |       0.103|     37|       0.003|       0.019|
slv : | calc_Convolutions_MDS            |       0.508|     37|       0.014|       0.027|
slv : | calc_wall_dist                   |       0.372|      1|       0.372|       0.372|
slv : | create_Gr_operators_MDS          |       0.543|     37|       0.015|       0.027|
slv : | create_Gr_operators_portrait_MDS |       0.273|     37|       0.007|       0.010|
slv : | init_Hy_group_MDS                |       0.514|     37|       0.014|       0.019|
slv : | perform_stage_total              |      14.632|   1007|       0.015|       0.372|
slv : | precalc_at_start_MDS             |       0.666|      2|       0.333|       0.637|
slv : | solve_3M_MDS                     |       1.418|     37|       0.038|       0.069|
slv : | solve_3M_alg_MDS                 |       0.422|     37|       0.011|       0.041|
slv : | solve_BG_MDS                     |       1.312|     37|       0.035|       0.042|
slv : | solve_BG_alg_MDS                 |       0.924|     37|       0.025|       0.033|
slv : | solve_BL_MDS                     |       0.550|     37|       0.015|       0.019|
slv : | solve_CHT                        |       1.083|     37|       0.029|       0.080|
slv : | solve_CHT_MDS                    |       0.788|     37|       0.021|       0.073|
slv : | solve_CHT_alg_MDS                |       0.222|     37|       0.006|       0.056|
slv : | solve_DvGr_MDS                   |       3.965|     37|       0.107|       0.303|
slv : | solve_DvGr_alg_MDS               |       2.117|     37|       0.057|       0.255|
slv : | solve_INPR_MDS                   |       0.000|      1|       0.000|       0.000|
slv : | solve_PS+QJ                      |       0.000|      0|       0.000|       0.000|
slv : | solve_YLMA_MDS                   |       0.000|     37|       0.000|       0.000|
slv : | solve_YNOx_MDS                   |       0.000|     37|       0.000|       0.000|
slv : | solve_YTd_MDS                    |       0.001|     37|       0.000|       0.000|
slv : | solve_YTurb_MDS                  |       4.620|     37|       0.125|       0.155|
slv : | solve_YTurb_alg_MDS              |       2.384|     74|       0.032|       0.057|
slv : | update_BC_MDS                    |       0.000|     38|       0.000|       0.000|
slv : | update_Mf_after_DvGr             |       0.439|     37|       0.012|       0.023|
slv : | update_VelPressure_MDS           |       0.069|     37|       0.002|       0.003|
slv : +----------------------------------+------------+-------+------------+------------+
-----------------------------------------------------------------------
Memory Working Set Current = 438.82 Mb, Memory Working Set Peak = 441.93 Mb
Memory Private Bytes Current = 622.25 Mb, Memory Private Bytes Peak = 626.95 Mb
Process Threads Number: 16
-----------------------------------------------------------------------
Algebra Pool      : mem_usage = 441.75 Mb, allocated count = 1577

================== Tstep=37 ===================
<Dynamic P> on nsd = 0 {openings (inlet / outlet)}:
  (SP = Static Pressure, EP = Environment Pressure, TP = Total Pressure, E = External)
  {#0, E, (4.048815e-02 / 2.734097e+04)}
  {#1, E, (5.125739e-02 / 2.734097e+04)}
  {#2, E, (0.000000e+00 / 2.712634e+04)}
  {#3, E, (2.733225e+04 / 0.000000e+00)}
  {#4, E, (4.830923e-03 / 2.734030e+04)}
  {#5, E, (1.193841e-02 / 2.734060e+04)}
  MWS[  0]=7.00184
tau_viscous_averaged = 66.1576 
dt(mass,momentum; nsd=  0): min dt/dtG(ncv=  20234)=0.97 , max dt/dtG(ncv=  21231)=6.1    , dtG=0.000665455
Flow alg-view 0 in phys-view 0 isn't Neumann (not Multi Phase treating)
Face Momentum (sd=  0): max value of div(mf) (cv=20166) = 1.435942e-04
Flow alg-view 0 is not Neumann (not for Phase Change + Nested Iters)
+----+----+--------------+--------------+--------------+--------------+--------------+------+----+-+-+--+------+
|Name|view| Initial res  | Initial resL1| Target res   | Final res    | Final res L1 |Visits|Iter|R|F|CL|Status|
| BG |   0|  2.693931e-07|  9.811780e-03|  2.378795e-09|  1.535937e-09|  2.513014e-03|     6|  18|0|n|30|  OK  |
log10(resTarget_Lim / resTarget_Orig): 2.2 
Face Momentum (sd=  0): max value of div(mf) (cv=8703) = 4.147647e-06
	norm_L2 of div(momentum) = 3.920512e-05.
Flow alg-view 0 in phys-view 0 isn't Neumann (not Multi Phase treating)
LOG: number of a-faces with weighted approximations in 0 subdomain: 8.94567 percent
LOG: Rate of a-faces corrected to CUp1st in 0 subdomain: 0.163693 %
slv : SolveBL stage
|nsd|Real WF|NormalF|Cycle F|CriticF| EdgeF |CyclBrF|ExtParF|RWFnumSt|StLvlNum|  nfw  |  alp_U_min  |  nfw  |  alp_U_max  |  nfw  |  alp_T_min  |  nfw  |  alp_T_max  |  nfw  |  BL_s_min   |  nfw  |   BL_s_max  |
|  0|   2054|   1806|      6|     12|    230|      0|      0|    2048|      64|   4053|0            |  12947|19.59        |   1780|0            |   4959|35885.9      |  12031|-33884.9     |   1780|0            |
Face Momentum (sd=  0): max value of div(mf) (cv=8703) = 4.147647e-06
	norm_L2 of div(momentum) = 3.920512e-05.
nsd = 0 BC: AP Inlet occurs on 2954 w-faces
+----+----+----+--------------+--------------+--------------+--------------+--------------+------+----+-+-+--+------+
|Name|view| n_y| Initial res  | Initial resL1| Target res   | Final res    | Final res L1 |Visits|Iter|R|F|CL|Status|
+----+----+----+--------------+--------------+--------------+--------------+--------------+------+----+-+-+--+------+
| 3M |   0|   0|  3.949345e+01|  4.413429e+02|  7.405021e-03|  9.259849e-05|  8.870511e-02|     2|   6|0|n|29|  OK  |
Velocity (predicted):
        (local) sd   0: min(  20124)=2.7300514286358      , max(  66536)=213.90871020396      
Flow alg-view 0 is not Neumann (not for Phase Change + Nested Iters)
+----+----+--------------+--------------+--------------+--------------+--------------+------+----+-+-+--+------+
|Name|view| Initial res  | Initial resL1| Target res   | Final res    | Final res L1 |Visits|Iter|R|F|CL|Status|
|DVGR|   0|  5.392016e-03|  3.156070e+00|  3.370010e-07|  2.911107e-07|  1.633968e-02|     4|  12|0|n|30|  OK  |
Filter(LC, geom_index=  0): isolating pressure from zero=20 (in AUSM_cvs=0)
PRESSURE SOLVER(geom_index=  0): sum_C_dp=-0.000124369
Face Momentum (sd=  0): max value of div(mf) (cv=20042) = 1.765845e-04
	norm_L2 of div(momentum) = 5.416891e-04.
nsd = 0 min_dtHy = 0.00064401 (nCV =	20234 ) max_dtHy = 0.00408221 (nCV =	21231 ) 
+----+----+--------------+--------------+--------------+--------------+--------------+------+----+-+-+--+------+
|Name|view| Initial res  | Initial resL1| Target res   | Final res    | Final res L1 |Visits|Iter|R|F|CL|Status|
|CHT |   0|  7.313710e+02|  7.284489e+02|  4.571069e-02|  1.156337e-04|  3.048592e-01|     2|  18|0|n|30|  OK  |
nsd = 0 min_dtke = 0.000133879 (nCV =	20159 ) max_dtke = 0.00140146 (nCV =	77934 ) 
+----+----+----+--------------+--------------+--------------+--------------+--------------+------+----+-+-+--+------+
|Name|view| n_y| Initial res  | Initial resL1| Target res   | Final res    | Final res L1 |Visits|Iter|R|F|CL|Status|
+----+----+----+--------------+--------------+--------------+--------------+--------------+------+----+-+-+--+------+
|turb|   0|   0|  2.674570e+02|  5.124976e+02|  1.120072e-04|  4.914761e-05|  1.841987e-01|     8|  48|0|n|30|  OK  |
|turb|   0|   1|  2.227681e+08|  2.421348e+05|  2.545162e-01|  1.599053e-01|  1.013171e+01|     9|  54|0|n|30|  OK  |
Filter: K,E,momentum: sd =   0 isolating K from zero=      0 E from zero=    373 E from infinity=      0
slv : Fluid subdom(new) 0
slv : P static (new)                 : min(  20233) = 91764.857613242      , max(   9483) = 310294.32969567      
slv : Density (new)                  : min(   9467) = 1.0327169572605      , max(   9483) = 3.4450612342967      
slv : Velocity (new)                 : min(  20141) = 5.8144867036573      , max(  66536) = 213.92337373686      
slv : Mach number (new)              : min(  20141) = 0.016385074631445    , max(  66536) = 0.62556763493272     
slv : Turbulent k (new)              : min(    619) = 0.049592824836687    , max(  20159) = 1507.0189032665      
slv : Turbulent e (new)              : min(  47276) = 0.11330616922975     , max(  20159) = 2137841.7691919      
slv : Temperature (new)              : min(  66536) = 291.13999269925      , max(  21260) = 313.77160788295      
slv : Total enthalpy, Y-shifted (new): min(  20129) = 19947.332748017      , max(  66486) = 21107.969941282      
slv : MASS FLUXES AT OPENINGS: MF=-314.857, AP=314.858
slv : DvGr statistics: min alpha=0.0757064(nfa=208855, geom_slice=0)
slv : +----------------------------------+------------+-------+------------+------------+
slv : |          Collector name          | Total Time | Count |  Avg Time  |  Max Time  |
slv : +----------------------------------+------------+-------+------------+------------+
slv : | Calculate_inc                    |      16.972|     37|       0.459|       0.652|
slv : | CollectEMT_Results               |       0.000|     38|       0.000|       0.000|
slv : | HeatPathCalculator_Dynamic       |       0.021|      1|       0.021|       0.021|
slv : | LiSy_make_portrait               |       0.434|    174|       0.002|       0.017|
slv : | Results_processing               |       1.964|     37|       0.053|       0.067|
slv : | build_sl_ordering_CHT            |       0.016|     38|       0.000|       0.006|
slv : | build_sl_ordering_MDS            |       0.104|     38|       0.003|       0.019|
slv : | build_sl_ordering_fluid          |       0.103|     38|       0.003|       0.019|
slv : | calc_Convolutions_MDS            |       0.521|     38|       0.014|       0.027|
slv : | calc_wall_dist                   |       0.372|      1|       0.372|       0.372|
slv : | create_Gr_operators_MDS          |       0.556|     38|       0.015|       0.027|
slv : | create_Gr_operators_portrait_MDS |       0.279|     38|       0.007|       0.010|
slv : | init_Hy_group_MDS                |       0.528|     38|       0.014|       0.019|
slv : | perform_stage_total              |      14.999|   1034|       0.015|       0.372|
slv : | precalc_at_start_MDS             |       0.666|      2|       0.333|       0.637|
slv : | solve_3M_MDS                     |       1.465|     38|       0.039|       0.069|
slv : | solve_3M_alg_MDS                 |       0.443|     38|       0.012|       0.041|
slv : | solve_BG_MDS                     |       1.339|     38|       0.035|       0.042|
slv : | solve_BG_alg_MDS                 |       0.943|     38|       0.025|       0.033|
slv : | solve_BL_MDS                     |       0.564|     38|       0.015|       0.019|
slv : | solve_CHT                        |       1.110|     38|       0.029|       0.080|
slv : | solve_CHT_MDS                    |       0.808|     38|       0.021|       0.073|
slv : | solve_CHT_alg_MDS                |       0.229|     38|       0.006|       0.056|
slv : | solve_DvGr_MDS                   |       4.035|     38|       0.106|       0.303|
slv : | solve_DvGr_alg_MDS               |       2.141|     38|       0.056|       0.255|
slv : | solve_INPR_MDS                   |       0.000|      1|       0.000|       0.000|
slv : | solve_PS+QJ                      |       0.000|      0|       0.000|       0.000|
slv : | solve_YLMA_MDS                   |       0.001|     38|       0.000|       0.000|
slv : | solve_YNOx_MDS                   |       0.000|     38|       0.000|       0.000|
slv : | solve_YTd_MDS                    |       0.001|     38|       0.000|       0.000|
slv : | solve_YTurb_MDS                  |       4.771|     38|       0.126|       0.155|
slv : | solve_YTurb_alg_MDS              |       2.478|     76|       0.033|       0.057|
slv : | update_BC_MDS                    |       0.000|     39|       0.000|       0.000|
slv : | update_Mf_after_DvGr             |       0.450|     38|       0.012|       0.023|
slv : | update_VelPressure_MDS           |       0.071|     38|       0.002|       0.003|
slv : +----------------------------------+------------+-------+------------+------------+
-----------------------------------------------------------------------
Memory Working Set Current = 439.39 Mb, Memory Working Set Peak = 442.35 Mb
Memory Private Bytes Current = 622.73 Mb, Memory Private Bytes Peak = 627.04 Mb
Process Threads Number: 16
-----------------------------------------------------------------------
Algebra Pool      : mem_usage = 441.75 Mb, allocated count = 1577

================== Tstep=38 ===================
<Dynamic P> on nsd = 0 {openings (inlet / outlet)}:
  (SP = Static Pressure, EP = Environment Pressure, TP = Total Pressure, E = External)
  {#0, E, (4.018910e-02 / 2.734101e+04)}
  {#1, E, (5.115518e-02 / 2.734101e+04)}
  {#2, E, (0.000000e+00 / 2.712333e+04)}
  {#3, E, (2.733224e+04 / 0.000000e+00)}
  {#4, E, (4.845895e-03 / 2.734032e+04)}
  {#5, E, (1.197791e-02 / 2.734063e+04)}
  MWS[  0]=7.00299
tau_viscous_averaged = 66.4861 
dt(mass,momentum; nsd=  0): min dt/dtG(ncv=  20234)=0.97 , max dt/dtG(ncv=  21231)=6.1    , dtG=0.000669481
Flow alg-view 0 in phys-view 0 isn't Neumann (not Multi Phase treating)
Face Momentum (sd=  0): max value of div(mf) (cv=20042) = 1.765845e-04
Flow alg-view 0 is not Neumann (not for Phase Change + Nested Iters)
+----+----+--------------+--------------+--------------+--------------+--------------+------+----+-+-+--+------+
|Name|view| Initial res  | Initial resL1| Target res   | Final res    | Final res L1 |Visits|Iter|R|F|CL|Status|
| BG |   0|  4.363693e-07|  1.886268e-02|  3.370010e-09|  3.362953e-09|  4.185397e-03|     5|  15|0|n|30|  OK  |
log10(resTarget_Lim / resTarget_Orig): 2.1 
Face Momentum (sd=  0): max value of div(mf) (cv=10423) = 6.248975e-06
	norm_L2 of div(momentum) = 5.801288e-05.
Flow alg-view 0 in phys-view 0 isn't Neumann (not Multi Phase treating)
LOG: number of a-faces with weighted approximations in 0 subdomain: 8.68878 percent
LOG: Rate of a-faces corrected to CUp1st in 0 subdomain: 0.163679 %
slv : SolveBL stage
|nsd|Real WF|NormalF|Cycle F|CriticF| EdgeF |CyclBrF|ExtParF|RWFnumSt|StLvlNum|  nfw  |  alp_U_min  |  nfw  |  alp_U_max  |  nfw  |  alp_T_min  |  nfw  |  alp_T_max  |  nfw  |  BL_s_min   |  nfw  |   BL_s_max  |
|  0|   2054|   1803|      6|     12|    232|      1|      0|    2048|      64|   3991|0            |  12947|19.5899      |   3978|0            |   4958|41838        |  12031|-31316.7     |   3978|0            |
Face Momentum (sd=  0): max value of div(mf) (cv=10423) = 6.248975e-06
	norm_L2 of div(momentum) = 5.801288e-05.
nsd = 0 BC: AP Inlet occurs on 2935 w-faces
+----+----+----+--------------+--------------+--------------+--------------+--------------+------+----+-+-+--+------+
|Name|view| n_y| Initial res  | Initial resL1| Target res   | Final res    | Final res L1 |Visits|Iter|R|F|CL|Status|
+----+----+----+--------------+--------------+--------------+--------------+--------------+------+----+-+-+--+------+
| 3M |   0|   0|  3.982778e+01|  4.416197e+02|  7.467709e-03|  2.834864e-04|  1.131436e-01|     2|   6|0|n|29|  OK  |
Velocity (predicted):
        (local) sd   0: min(  20124)=3.0795108544987      , max(  66536)=213.90646962638      
Flow alg-view 0 is not Neumann (not for Phase Change + Nested Iters)
+----+----+--------------+--------------+--------------+--------------+--------------+------+----+-+-+--+------+
|Name|view| Initial res  | Initial resL1| Target res   | Final res    | Final res L1 |Visits|Iter|R|F|CL|Status|
|DVGR|   0|  4.459979e-03|  3.127515e+00|  2.787487e-07|  2.178251e-07|  1.574389e-02|     4|  12|0|n|30|  OK  |
Filter(LC, geom_index=  0): isolating pressure from zero=20 (in AUSM_cvs=0)
PRESSURE SOLVER(geom_index=  0): sum_C_dp=-7.6415e-05
Face Momentum (sd=  0): max value of div(mf) (cv=20042) = 1.543131e-04
	norm_L2 of div(momentum) = 4.693843e-04.
nsd = 0 min_dtHy = 0.000647673 (nCV =	20234 ) max_dtHy = 0.00410718 (nCV =	21231 ) 
+----+----+--------------+--------------+--------------+--------------+--------------+------+----+-+-+--+------+
|Name|view| Initial res  | Initial resL1| Target res   | Final res    | Final res L1 |Visits|Iter|R|F|CL|Status|
|CHT |   0|  6.021039e+02|  6.982007e+02|  3.763149e-02|  1.539453e-04|  3.503766e-01|     2|  18|0|n|30|  OK  |
nsd = 0 min_dtke = 0.000135095 (nCV =	20159 ) max_dtke = 0.00140144 (nCV =	77934 ) 
+----+----+----+--------------+--------------+--------------+--------------+--------------+------+----+-+-+--+------+
|Name|view| n_y| Initial res  | Initial resL1| Target res   | Final res    | Final res L1 |Visits|Iter|R|F|CL|Status|
+----+----+----+--------------+--------------+--------------+--------------+--------------+------+----+-+-+--+------+
|turb|   0|   0|  2.445035e+02|  4.681629e+02|  1.120524e-04|  9.866745e-05|  3.042779e-01|     7|  42|0|n|30|  OK  |
|turb|   0|   1|  2.609249e+08|  2.406257e+05|  2.546947e-01|  6.512667e-02|  7.226289e+00|     9|  54|0|n|30|  OK  |
Filter: K,E,momentum: sd =   0 isolating K from zero=      0 E from zero=    378 E from infinity=      0
slv : Fluid subdom(new) 0
slv : P static (new)                 : min(  20233) = 91854.753098961      , max(  21384) = 305372.21646539      
slv : Density (new)                  : min(  20038) = 1.0334548959724      , max(  21384) = 3.3989147226366      
slv : Velocity (new)                 : min(  20141) = 5.7235087406334      , max(  66536) = 213.91743556398      
slv : Mach number (new)              : min(  20141) = 0.016128818526906    , max(  66536) = 0.62554892156074     
slv : Turbulent k (new)              : min(    619) = 0.049091298997861    , max(  20159) = 1488.1530057106      
slv : Turbulent e (new)              : min(  21831) = 0.083369252034778    , max(  20159) = 2084663.2583852      
slv : Temperature (new)              : min(  66536) = 291.14125412246      , max(  20139) = 313.77325403669      
slv : Total enthalpy, Y-shifted (new): min(  20149) = 19947.08582839       , max(  66486) = 21117.161705115      
slv : MASS FLUXES AT OPENINGS: MF=-314.857, AP=314.858
slv : DvGr statistics: min alpha=0.0757072(nfa=208855, geom_slice=0)
slv : +----------------------------------+------------+-------+------------+------------+
slv : |          Collector name          | Total Time | Count |  Avg Time  |  Max Time  |
slv : +----------------------------------+------------+-------+------------+------------+
slv : | Calculate_inc                    |      17.409|     38|       0.458|       0.652|
slv : | CollectEMT_Results               |       0.000|     39|       0.000|       0.000|
slv : | HeatPathCalculator_Dynamic       |       0.021|      1|       0.021|       0.021|
slv : | LiSy_make_portrait               |       0.442|    178|       0.002|       0.017|
slv : | Results_processing               |       2.014|     38|       0.053|       0.067|
slv : | build_sl_ordering_CHT            |       0.016|     39|       0.000|       0.006|
slv : | build_sl_ordering_MDS            |       0.104|     39|       0.003|       0.019|
slv : | build_sl_ordering_fluid          |       0.103|     39|       0.003|       0.019|
slv : | calc_Convolutions_MDS            |       0.534|     39|       0.014|       0.027|
slv : | calc_wall_dist                   |       0.372|      1|       0.372|       0.372|
slv : | create_Gr_operators_MDS          |       0.569|     39|       0.015|       0.027|
slv : | create_Gr_operators_portrait_MDS |       0.285|     39|       0.007|       0.010|
slv : | init_Hy_group_MDS                |       0.541|     39|       0.014|       0.019|
slv : | perform_stage_total              |      15.365|   1061|       0.014|       0.372|
slv : | precalc_at_start_MDS             |       0.666|      2|       0.333|       0.637|
slv : | solve_3M_MDS                     |       1.516|     39|       0.039|       0.069|
slv : | solve_3M_alg_MDS                 |       0.465|     39|       0.012|       0.041|
slv : | solve_BG_MDS                     |       1.367|     39|       0.035|       0.042|
slv : | solve_BG_alg_MDS                 |       0.961|     39|       0.025|       0.033|
slv : | solve_BL_MDS                     |       0.580|     39|       0.015|       0.019|
slv : | solve_CHT                        |       1.141|     39|       0.029|       0.080|
slv : | solve_CHT_MDS                    |       0.831|     39|       0.021|       0.073|
slv : | solve_CHT_alg_MDS                |       0.236|     39|       0.006|       0.056|
slv : | solve_DvGr_MDS                   |       4.104|     39|       0.105|       0.303|
slv : | solve_DvGr_alg_MDS               |       2.165|     39|       0.056|       0.255|
slv : | solve_INPR_MDS                   |       0.000|      1|       0.000|       0.000|
slv : | solve_PS+QJ                      |       0.000|      0|       0.000|       0.000|
slv : | solve_YLMA_MDS                   |       0.001|     39|       0.000|       0.000|
slv : | solve_YNOx_MDS                   |       0.000|     39|       0.000|       0.000|
slv : | solve_YTd_MDS                    |       0.001|     39|       0.000|       0.000|
slv : | solve_YTurb_MDS                  |       4.919|     39|       0.126|       0.155|
slv : | solve_YTurb_alg_MDS              |       2.567|     78|       0.033|       0.057|
slv : | update_BC_MDS                    |       0.000|     40|       0.000|       0.000|
slv : | update_Mf_after_DvGr             |       0.461|     39|       0.012|       0.023|
slv : | update_VelPressure_MDS           |       0.073|     39|       0.002|       0.003|
slv : +----------------------------------+------------+-------+------------+------------+
-----------------------------------------------------------------------
Memory Working Set Current = 439.30 Mb, Memory Working Set Peak = 442.35 Mb
Memory Private Bytes Current = 622.89 Mb, Memory Private Bytes Peak = 627.36 Mb
Process Threads Number: 16
-----------------------------------------------------------------------
Algebra Pool      : mem_usage = 441.75 Mb, allocated count = 1581

================== Tstep=39 ===================
<Dynamic P> on nsd = 0 {openings (inlet / outlet)}:
  (SP = Static Pressure, EP = Environment Pressure, TP = Total Pressure, E = External)
  {#0, E, (4.002235e-02 / 2.734104e+04)}
  {#1, E, (5.063889e-02 / 2.734104e+04)}
  {#2, E, (0.000000e+00 / 2.712096e+04)}
  {#3, E, (2.733225e+04 / 0.000000e+00)}
  {#4, E, (4.836627e-03 / 2.734034e+04)}
  {#5, E, (1.198080e-02 / 2.734065e+04)}
  MWS[  0]=7.00537
tau_viscous_averaged = 66.7352 
dt(mass,momentum; nsd=  0): min dt/dtG(ncv=  20234)=0.97 , max dt/dtG(ncv=  21231)=6.1    , dtG=0.000673501
Flow alg-view 0 in phys-view 0 isn't Neumann (not Multi Phase treating)
Face Momentum (sd=  0): max value of div(mf) (cv=12940) = 1.930195e-04
Flow alg-view 0 is not Neumann (not for Phase Change + Nested Iters)
+----+----+--------------+--------------+--------------+--------------+--------------+------+----+-+-+--+------+
|Name|view| Initial res  | Initial resL1| Target res   | Final res    | Final res L1 |Visits|Iter|R|F|CL|Status|
| BG |   0|  3.592653e-07|  1.812745e-02|  2.787487e-09|  2.652813e-09|  3.901003e-03|     5|  15|0|n|30|  OK  |
log10(resTarget_Lim / resTarget_Orig): 2.1 
Face Momentum (sd=  0): max value of div(mf) (cv=10423) = 5.454924e-06
	norm_L2 of div(momentum) = 5.155512e-05.
Flow alg-view 0 in phys-view 0 isn't Neumann (not Multi Phase treating)
LOG: number of a-faces with weighted approximations in 0 subdomain: 8.81197 percent
LOG: Rate of a-faces corrected to CUp1st in 0 subdomain: 0.15803 %
slv : SolveBL stage
|nsd|Real WF|NormalF|Cycle F|CriticF| EdgeF |CyclBrF|ExtParF|RWFnumSt|StLvlNum|  nfw  |  alp_U_min  |  nfw  |  alp_U_max  |  nfw  |  alp_T_min  |  nfw  |  alp_T_max  |  nfw  |  BL_s_min   |  nfw  |   BL_s_max  |
|  0|   2054|   1809|      6|     12|    227|      0|      0|    2048|      64|   3991|0            |  12947|19.5899      |   3978|0            |   4958|148318       |  12031|-29523.7     |   3978|0            |
Face Momentum (sd=  0): max value of div(mf) (cv=10423) = 5.454924e-06
	norm_L2 of div(momentum) = 5.155512e-05.
nsd = 0 BC: AP Inlet occurs on 2912 w-faces
+----+----+----+--------------+--------------+--------------+--------------+--------------+------+----+-+-+--+------+
|Name|view| n_y| Initial res  | Initial resL1| Target res   | Final res    | Final res L1 |Visits|Iter|R|F|CL|Status|
+----+----+----+--------------+--------------+--------------+--------------+--------------+------+----+-+-+--+------+
| 3M |   0|   0|  3.585188e+01|  4.321673e+02|  6.722228e-03|  2.065839e-04|  1.025061e-01|     2|   6|0|n|29|  OK  |
Velocity (predicted):
        (local) sd   0: min(  20124)=5.0111680608702      , max(  66536)=213.90515296542      
Flow alg-view 0 is not Neumann (not for Phase Change + Nested Iters)
+----+----+--------------+--------------+--------------+--------------+--------------+------+----+-+-+--+------+
|Name|view| Initial res  | Initial resL1| Target res   | Final res    | Final res L1 |Visits|Iter|R|F|CL|Status|
|DVGR|   0|  4.596378e-03|  3.078718e+00|  2.872736e-07|  2.082540e-07|  1.747083e-02|     4|  12|0|n|30|  OK  |
Filter(LC, geom_index=  0): isolating pressure from zero=27 (in AUSM_cvs=0)
PRESSURE SOLVER(geom_index=  0): sum_C_dp=-5.90334e-05
Face Momentum (sd=  0): max value of div(mf) (cv=20042) = 1.177350e-04
	norm_L2 of div(momentum) = 4.604522e-04.
nsd = 0 min_dtHy = 0.000650259 (nCV =	20234 ) max_dtHy = 0.00409646 (nCV =	21231 ) 
+----+----+--------------+--------------+--------------+--------------+--------------+------+----+-+-+--+------+
|Name|view| Initial res  | Initial resL1| Target res   | Final res    | Final res L1 |Visits|Iter|R|F|CL|Status|
|CHT |   0|  5.805844e+02|  6.840135e+02|  3.628652e-02|  2.973826e-05|  1.504033e-01|     2|  18|0|n|30|  OK  |
nsd = 0 min_dtke = 0.000136804 (nCV =	20159 ) max_dtke = 0.00140142 (nCV =	77934 ) 
+----+----+----+--------------+--------------+--------------+--------------+--------------+------+----+-+-+--+------+
|Name|view| n_y| Initial res  | Initial resL1| Target res   | Final res    | Final res L1 |Visits|Iter|R|F|CL|Status|
+----+----+----+--------------+--------------+--------------+--------------+--------------+------+----+-+-+--+------+
|turb|   0|   0|  2.250727e+02|  4.256844e+02|  1.121866e-04|  7.439886e-05|  2.549579e-01|     7|  42|0|n|30|  OK  |
|turb|   0|   1|  2.670920e+08|  2.331375e+05|  2.551682e-01|  2.061130e-01|  1.365389e+01|     8|  48|0|n|30|  OK  |
Filter: K,E,momentum: sd =   0 isolating K from zero=      0 E from zero=    359 E from infinity=      0
slv : Fluid subdom(new) 0
slv : P static (new)                 : min(  20233) = 91951.190078452      , max(  21384) = 308488.10855214      
slv : Density (new)                  : min(   9467) = 1.0342616914256      , max(  21384) = 3.4324609795774      
slv : Velocity (new)                 : min(  20141) = 5.4418238635091      , max(  66536) = 213.91759887284      
slv : Mach number (new)              : min(  20141) = 0.015335127694774    , max(  66536) = 0.62554943355149     
slv : Turbulent k (new)              : min(    619) = 0.048714850227809    , max(  20159) = 1467.0488779493      
slv : Turbulent e (new)              : min(  21831) = 0.087056734777181    , max(  20159) = 2028063.0295406      
slv : Temperature (new)              : min(  66536) = 291.14122191433      , max(  20166) = 313.8000960001       
slv : Total enthalpy, Y-shifted (new): min(  20149) = 19948.389723078      , max(  66486) = 21122.298387216      
slv : MASS FLUXES AT OPENINGS: MF=-314.857, AP=314.858
slv : DvGr statistics: min alpha=0.0757073(nfa=208855, geom_slice=0)
slv : +----------------------------------+------------+-------+------------+------------+
slv : |          Collector name          | Total Time | Count |  Avg Time  |  Max Time  |
slv : +----------------------------------+------------+-------+------------+------------+
slv : | Calculate_inc                    |      17.851|     39|       0.458|       0.652|
slv : | CollectEMT_Results               |       0.000|     40|       0.000|       0.000|
slv : | HeatPathCalculator_Dynamic       |       0.021|      1|       0.021|       0.021|
slv : | LiSy_make_portrait               |       0.451|    182|       0.002|       0.017|
slv : | Results_processing               |       2.064|     39|       0.053|       0.067|
slv : | build_sl_ordering_CHT            |       0.016|     40|       0.000|       0.006|
slv : | build_sl_ordering_MDS            |       0.105|     40|       0.003|       0.019|
slv : | build_sl_ordering_fluid          |       0.104|     40|       0.003|       0.019|
slv : | calc_Convolutions_MDS            |       0.547|     40|       0.014|       0.027|
slv : | calc_wall_dist                   |       0.372|      1|       0.372|       0.372|
slv : | create_Gr_operators_MDS          |       0.582|     40|       0.015|       0.027|
slv : | create_Gr_operators_portrait_MDS |       0.293|     40|       0.007|       0.010|
slv : | init_Hy_group_MDS                |       0.554|     40|       0.014|       0.019|
slv : | perform_stage_total              |      15.715|   1088|       0.014|       0.372|
slv : | precalc_at_start_MDS             |       0.666|      2|       0.333|       0.637|
slv : | solve_3M_MDS                     |       1.562|     40|       0.039|       0.069|
slv : | solve_3M_alg_MDS                 |       0.486|     40|       0.012|       0.041|
slv : | solve_BG_MDS                     |       1.393|     40|       0.035|       0.042|
slv : | solve_BG_alg_MDS                 |       0.978|     40|       0.024|       0.033|
slv : | solve_BL_MDS                     |       0.595|     40|       0.015|       0.019|
slv : | solve_CHT                        |       1.187|     40|       0.030|       0.080|
slv : | solve_CHT_MDS                    |       0.869|     40|       0.022|       0.073|
slv : | solve_CHT_alg_MDS                |       0.258|     40|       0.006|       0.056|
slv : | solve_DvGr_MDS                   |       4.174|     40|       0.104|       0.303|
slv : | solve_DvGr_alg_MDS               |       2.188|     40|       0.055|       0.255|
slv : | solve_INPR_MDS                   |       0.000|      1|       0.000|       0.000|
slv : | solve_PS+QJ                      |       0.000|      0|       0.000|       0.000|
slv : | solve_YLMA_MDS                   |       0.001|     40|       0.000|       0.000|
slv : | solve_YNOx_MDS                   |       0.000|     40|       0.000|       0.000|
slv : | solve_YTd_MDS                    |       0.001|     40|       0.000|       0.000|
slv : | solve_YTurb_MDS                  |       5.055|     40|       0.126|       0.155|
slv : | solve_YTurb_alg_MDS              |       2.650|     80|       0.033|       0.057|
slv : | update_BC_MDS                    |       0.000|     41|       0.000|       0.000|
slv : | update_Mf_after_DvGr             |       0.473|     40|       0.012|       0.023|
slv : | update_VelPressure_MDS           |       0.075|     40|       0.002|       0.003|
slv : +----------------------------------+------------+-------+------------+------------+
Interpolator cache: total calls 6978, optimised calls 2693 (38.6 %)
-----------------------------------------------------------------------
Memory Working Set Current = 438.86 Mb, Memory Working Set Peak = 442.35 Mb
Memory Private Bytes Current = 622.19 Mb, Memory Private Bytes Peak = 627.36 Mb
Process Threads Number: 16
-----------------------------------------------------------------------
Iteration : time = 2.54182 , count = 5 , time/count = 0.508364
Calculate_inc() : time = 2.25384 , count = 5 , time/count = 0.450769
TreatFlowEvolution() : time = 0.25091 , count = 5 , time/count = 0.050182
SolverPreview : time = 0 , count = 5 , time/count = 0
TreatGoals : time = 0.24688 , count = 5 , time/count = 0.049376
Algebra Pool      : mem_usage = 441.75 Mb, allocated count = 1582

================== Tstep=40 ===================
<Dynamic P> on nsd = 0 {openings (inlet / outlet)}:
  (SP = Static Pressure, EP = Environment Pressure, TP = Total Pressure, E = External)
  {#0, E, (4.005723e-02 / 2.734104e+04)}
  {#1, E, (5.047466e-02 / 2.734105e+04)}
  {#2, E, (0.000000e+00 / 2.711893e+04)}
  {#3, E, (2.733223e+04 / 0.000000e+00)}
  {#4, E, (4.834781e-03 / 2.734035e+04)}
  {#5, E, (1.203717e-02 / 2.734066e+04)}
  MWS[  0]=7.00835
tau_viscous_averaged = 67.3975 
dt(mass,momentum; nsd=  0): min dt/dtG(ncv=  20234)=0.96 , max dt/dtG(ncv=  21231)=6.0    , dtG=0.000990699
Flow alg-view 0 in phys-view 0 isn't Neumann (not Multi Phase treating)
Face Momentum (sd=  0): max value of div(mf) (cv=20042) = 1.177350e-04
Flow alg-view 0 is not Neumann (not for Phase Change + Nested Iters)
+----+----+--------------+--------------+--------------+--------------+--------------+------+----+-+-+--+------+
|Name|view| Initial res  | Initial resL1| Target res   | Final res    | Final res L1 |Visits|Iter|R|F|CL|Status|
| BG |   0|  2.557066e-07|  1.910137e-02|  2.872736e-09|  1.455908e-09|  2.755189e-03|     6|  18|0|n|30|  OK  |
log10(resTarget_Lim / resTarget_Orig): 2.3 
Face Momentum (sd=  0): max value of div(mf) (cv=8703) = 4.039145e-06
	norm_L2 of div(momentum) = 3.823858e-05.
Flow alg-view 0 in phys-view 0 isn't Neumann (not Multi Phase treating)
LOG: number of a-faces with weighted approximations in 0 subdomain: 8.66608 percent
LOG: Rate of a-faces corrected to CUp1st in 0 subdomain: 0.160926 %
slv : SolveBL stage
|nsd|Real WF|NormalF|Cycle F|CriticF| EdgeF |CyclBrF|ExtParF|RWFnumSt|StLvlNum|  nfw  |  alp_U_min  |  nfw  |  alp_U_max  |  nfw  |  alp_T_min  |  nfw  |  alp_T_max  |  nfw  |  BL_s_min   |  nfw  |   BL_s_max  |
|  0|   2054|   1811|      8|     10|    224|      1|      0|    2046|      64|   3991|0            |  12947|19.5898      |   3978|0            |   4958|50849.9      |  12935|-22228.7     |   3978|0            |
Face Momentum (sd=  0): max value of div(mf) (cv=8703) = 4.039145e-06
	norm_L2 of div(momentum) = 3.823858e-05.
nsd = 0 BC: AP Inlet occurs on 2900 w-faces
+----+----+----+--------------+--------------+--------------+--------------+--------------+------+----+-+-+--+------+
|Name|view| n_y| Initial res  | Initial resL1| Target res   | Final res    | Final res L1 |Visits|Iter|R|F|CL|Status|
+----+----+----+--------------+--------------+--------------+--------------+--------------+------+----+-+-+--+------+
| 3M |   0|   0|  3.429149e+01|  4.294100e+02|  6.429655e-03|  1.059682e-03|  2.823571e-01|     2|   6|0|n|29|  OK  |
Velocity (predicted):
        (local) sd   0: min(  20133)=5.4207119748372      , max(  66536)=213.90167454709      
Flow alg-view 0 is not Neumann (not for Phase Change + Nested Iters)
+----+----+--------------+--------------+--------------+--------------+--------------+------+----+-+-+--+------+
|Name|view| Initial res  | Initial resL1| Target res   | Final res    | Final res L1 |Visits|Iter|R|F|CL|Status|
|DVGR|   0|  4.397198e-03|  3.275922e+00|  2.748249e-07|  1.189158e-07|  1.595106e-02|     4|  12|0|n|30|  OK  |
Filter(LC, geom_index=  0): isolating pressure from zero=9 (in AUSM_cvs=0)
PRESSURE SOLVER(geom_index=  0): sum_C_dp=-4.62064e-06
Face Momentum (sd=  0): max value of div(mf) (cv=20042) = 9.509745e-05
	norm_L2 of div(momentum) = 3.468343e-04.
nsd = 0 min_dtHy = 0.000955927 (nCV =	20234 ) max_dtHy = 0.00592178 (nCV =	21231 ) 
+----+----+--------------+--------------+--------------+--------------+--------------+------+----+-+-+--+------+
|Name|view| Initial res  | Initial resL1| Target res   | Final res    | Final res L1 |Visits|Iter|R|F|CL|Status|
|CHT |   0|  6.040469e+02|  6.646135e+02|  3.775293e-02|  5.431142e-04|  6.597725e-01|     2|  18|0|n|30|  OK  |
nsd = 0 min_dtke = 0.000140446 (nCV =	20159 ) max_dtke = 0.00194644 (nCV =	77999 ) 
+----+----+----+--------------+--------------+--------------+--------------+--------------+------+----+-+-+--+------+
|Name|view| n_y| Initial res  | Initial resL1| Target res   | Final res    | Final res L1 |Visits|Iter|R|F|CL|Status|
+----+----+----+--------------+--------------+--------------+--------------+--------------+------+----+-+-+--+------+
|turb|   0|   0|  2.029509e+02|  3.855795e+02|  1.045136e-04|  8.702637e-05|  2.616604e-01|     8|  48|0|n|30|  OK  |
|turb|   0|   1|  2.477422e+08|  2.229567e+05|  2.379553e-01|  8.189126e-02|  7.751344e+00|    10|  60|0|n|30|  OK  |
Filter: K,E,momentum: sd =   0 isolating K from zero=      0 E from zero=    397 E from infinity=      0
slv : Fluid subdom(new) 0
slv : P static (new)                 : min(  20233) = 92019.426405509      , max(  21384) = 307477.84880381      
slv : Density (new)                  : min(  20038) = 1.0346644985642      , max(  21384) = 3.4234187057929      
slv : Velocity (new)                 : min(  20141) = 6.7205412188537      , max(  66536) = 213.91000859253      
slv : Mach number (new)              : min(  20141) = 0.018938915116123    , max(  66536) = 0.62552551364999     
slv : Turbulent k (new)              : min(    617) = 0.04837428139525     , max(  20159) = 1454.0723945376      
slv : Turbulent e (new)              : min(  21831) = 0.075189081200707    , max(  20159) = 1986741.8570669      
slv : Temperature (new)              : min(  66536) = 291.14283452122      , max(  20139) = 313.81173654006      
slv : Total enthalpy, Y-shifted (new): min(  20149) = 19951.323500714      , max(  66488) = 21143.853636031      
slv : MASS FLUXES AT OPENINGS: MF=-314.857, AP=314.858
slv : DvGr statistics: min alpha=0.0757081(nfa=208855, geom_slice=0)
slv : +----------------------------------+------------+-------+------------+------------+
slv : |          Collector name          | Total Time | Count |  Avg Time  |  Max Time  |
slv : +----------------------------------+------------+-------+------------+------------+
slv : | Calculate_inc                    |      18.291|     40|       0.457|       0.652|
slv : | CollectEMT_Results               |       0.000|     41|       0.000|       0.000|
slv : | HeatPathCalculator_Dynamic       |       0.021|      1|       0.021|       0.021|
slv : | LiSy_make_portrait               |       0.461|    186|       0.002|       0.017|
slv : | Results_processing               |       2.117|     40|       0.053|       0.067|
slv : | build_sl_ordering_CHT            |       0.016|     41|       0.000|       0.006|
slv : | build_sl_ordering_MDS            |       0.105|     41|       0.003|       0.019|
slv : | build_sl_ordering_fluid          |       0.104|     41|       0.003|       0.019|
slv : | calc_Convolutions_MDS            |       0.559|     41|       0.014|       0.027|
slv : | calc_wall_dist                   |       0.372|      1|       0.372|       0.372|
slv : | create_Gr_operators_MDS          |       0.596|     41|       0.015|       0.027|
slv : | create_Gr_operators_portrait_MDS |       0.303|     41|       0.007|       0.010|
slv : | init_Hy_group_MDS                |       0.568|     41|       0.014|       0.019|
slv : | perform_stage_total              |      16.079|   1115|       0.014|       0.372|
slv : | precalc_at_start_MDS             |       0.666|      2|       0.333|       0.637|
slv : | solve_3M_MDS                     |       1.608|     41|       0.039|       0.069|
slv : | solve_3M_alg_MDS                 |       0.507|     41|       0.012|       0.041|
slv : | solve_BG_MDS                     |       1.419|     41|       0.035|       0.042|
slv : | solve_BG_alg_MDS                 |       0.997|     41|       0.024|       0.033|
slv : | solve_BL_MDS                     |       0.610|     41|       0.015|       0.019|
slv : | solve_CHT                        |       1.228|     41|       0.030|       0.080|
slv : | solve_CHT_MDS                    |       0.903|     41|       0.022|       0.073|
slv : | solve_CHT_alg_MDS                |       0.280|     41|       0.007|       0.056|
slv : | solve_DvGr_MDS                   |       4.243|     41|       0.103|       0.303|
slv : | solve_DvGr_alg_MDS               |       2.211|     41|       0.054|       0.255|
slv : | solve_INPR_MDS                   |       0.000|      1|       0.000|       0.000|
slv : | solve_PS+QJ                      |       0.000|      0|       0.000|       0.000|
slv : | solve_YLMA_MDS                   |       0.001|     41|       0.000|       0.000|
slv : | solve_YNOx_MDS                   |       0.000|     41|       0.000|       0.000|
slv : | solve_YTd_MDS                    |       0.001|     41|       0.000|       0.000|
slv : | solve_YTurb_MDS                  |       5.203|     41|       0.127|       0.155|
slv : | solve_YTurb_alg_MDS              |       2.745|     82|       0.033|       0.057|
slv : | update_BC_MDS                    |       0.000|     42|       0.000|       0.000|
slv : | update_Mf_after_DvGr             |       0.484|     41|       0.012|       0.023|
slv : | update_VelPressure_MDS           |       0.076|     41|       0.002|       0.003|
slv : +----------------------------------+------------+-------+------------+------------+
-----------------------------------------------------------------------
Memory Working Set Current = 439.22 Mb, Memory Working Set Peak = 442.35 Mb
Memory Private Bytes Current = 622.70 Mb, Memory Private Bytes Peak = 627.36 Mb
Process Threads Number: 16
-----------------------------------------------------------------------
Algebra Pool      : mem_usage = 441.75 Mb, allocated count = 1583

================== Tstep=41 ===================
<Dynamic P> on nsd = 0 {openings (inlet / outlet)}:
  (SP = Static Pressure, EP = Environment Pressure, TP = Total Pressure, E = External)
  {#0, E, (3.978836e-02 / 2.734105e+04)}
  {#1, E, (5.023203e-02 / 2.734105e+04)}
  {#2, E, (0.000000e+00 / 2.711622e+04)}
  {#3, E, (2.733225e+04 / 0.000000e+00)}
  {#4, E, (4.836873e-03 / 2.734035e+04)}
  {#5, E, (1.203982e-02 / 2.734067e+04)}
  MWS[  0]=7.00828
tau_viscous_averaged = 67.5139 
dt(mass,momentum; nsd=  0): min dt/dtG(ncv=  10382)=0.96 , max dt/dtG(ncv=  21235)=5.9    , dtG=0.000994189
Flow alg-view 0 in phys-view 0 isn't Neumann (not Multi Phase treating)
Face Momentum (sd=  0): max value of div(mf) (cv=20586) = 2.201906e-04
Flow alg-view 0 is not Neumann (not for Phase Change + Nested Iters)
+----+----+--------------+--------------+--------------+--------------+--------------+------+----+-+-+--+------+
|Name|view| Initial res  | Initial resL1| Target res   | Final res    | Final res L1 |Visits|Iter|R|F|CL|Status|
| BG |   0|  3.025475e-07|  1.825607e-02|  2.748249e-09|  1.210385e-09|  3.059003e-03|     5|  15|0|n|30|  OK  |
log10(resTarget_Lim / resTarget_Orig): 2.2 
Face Momentum (sd=  0): max value of div(mf) (cv=10423) = 3.396454e-06
	norm_L2 of div(momentum) = 3.482637e-05.
Flow alg-view 0 in phys-view 0 isn't Neumann (not Multi Phase treating)
LOG: number of a-faces with weighted approximations in 0 subdomain: 8.90657 percent
LOG: Rate of a-faces corrected to CUp1st in 0 subdomain: 0.159374 %
slv : SolveBL stage
|nsd|Real WF|NormalF|Cycle F|CriticF| EdgeF |CyclBrF|ExtParF|RWFnumSt|StLvlNum|  nfw  |  alp_U_min  |  nfw  |  alp_U_max  |  nfw  |  alp_T_min  |  nfw  |  alp_T_max  |  nfw  |  BL_s_min   |  nfw  |   BL_s_max  |
|  0|   2054|   1810|     10|     12|    222|      0|      0|    2044|      64|   3991|0            |  12947|19.5898      |   3978|0            |   4959|142603       |  12935|-22229       |   3978|0            |
Face Momentum (sd=  0): max value of div(mf) (cv=10423) = 3.396454e-06
	norm_L2 of div(momentum) = 3.482637e-05.
nsd = 0 BC: AP Inlet occurs on 2883 w-faces
+----+----+----+--------------+--------------+--------------+--------------+--------------+------+----+-+-+--+------+
|Name|view| n_y| Initial res  | Initial resL1| Target res   | Final res    | Final res L1 |Visits|Iter|R|F|CL|Status|
+----+----+----+--------------+--------------+--------------+--------------+--------------+------+----+-+-+--+------+
| 3M |   0|   0|  3.187693e+01|  4.204036e+02|  5.976924e-03|  7.513385e-04|  2.700646e-01|     2|   6|0|n|29|  OK  |
Velocity (predicted):
        (local) sd   0: min(  20133)=5.5433802745167      , max(  66536)=213.89961222215      
Flow alg-view 0 is not Neumann (not for Phase Change + Nested Iters)
+----+----+--------------+--------------+--------------+--------------+--------------+------+----+-+-+--+------+
|Name|view| Initial res  | Initial resL1| Target res   | Final res    | Final res L1 |Visits|Iter|R|F|CL|Status|
|DVGR|   0|  5.034626e-03|  3.393920e+00|  3.146641e-07|  9.704122e-08|  1.612181e-02|     4|  12|0|n|30|  OK  |
Filter(LC, geom_index=  0): isolating pressure from zero=7 (in AUSM_cvs=0)
PRESSURE SOLVER(geom_index=  0): sum_C_dp=-7.35836e-05
Face Momentum (sd=  0): max value of div(mf) (cv=9481) = 4.784745e-05
	norm_L2 of div(momentum) = 3.157733e-04.
nsd = 0 min_dtHy = 0.000958242 (nCV =	10382 ) max_dtHy = 0.00590432 (nCV =	21235 ) 
+----+----+--------------+--------------+--------------+--------------+--------------+------+----+-+-+--+------+
|Name|view| Initial res  | Initial resL1| Target res   | Final res    | Final res L1 |Visits|Iter|R|F|CL|Status|
|CHT |   0|  5.425960e+02|  6.304048e+02|  3.391225e-02|  7.312677e-04|  8.022090e-01|     2|  18|0|n|30|  OK  |
nsd = 0 min_dtke = 0.000142134 (nCV =	20159 ) max_dtke = 0.00194641 (nCV =	77999 ) 
+----+----+----+--------------+--------------+--------------+--------------+--------------+------+----+-+-+--+------+
|Name|view| n_y| Initial res  | Initial resL1| Target res   | Final res    | Final res L1 |Visits|Iter|R|F|CL|Status|
+----+----+----+--------------+--------------+--------------+--------------+--------------+------+----+-+-+--+------+
|turb|   0|   0|  1.924073e+02|  3.540433e+02|  1.044987e-04|  5.131871e-05|  2.054051e-01|     8|  48|0|n|30|  OK  |
|turb|   0|   1|  2.436619e+08|  2.170808e+05|  2.379128e-01|  1.993357e-01|  1.249967e+01|     9|  54|0|n|30|  OK  |
Filter: K,E,momentum: sd =   0 isolating K from zero=      0 E from zero=    369 E from infinity=      0
slv : Fluid subdom(new) 0
slv : P static (new)                 : min(  20038) = 92096.975366749      , max(  21384) = 305788.83280244      
slv : Density (new)                  : min(   9467) = 1.0352512927002      , max(  21384) = 3.4055439982533      
slv : Velocity (new)                 : min(  20145) = 4.923320043257       , max(  66536) = 213.91145981393      
slv : Mach number (new)              : min(  20145) = 0.013874569600831    , max(  66536) = 0.62553008801923     
slv : Turbulent k (new)              : min(    617) = 0.048145725723608    , max(  20159) = 1446.6643021236      
slv : Turbulent e (new)              : min(  10307) = 0.08075000222943     , max(  20159) = 1954877.3935014      
slv : Temperature (new)              : min(  66536) = 291.14252524401      , max(  20166) = 313.86585227583      
slv : Total enthalpy, Y-shifted (new): min(  20149) = 19955.398217714      , max(  21357) = 21224.268879847      
slv : MASS FLUXES AT OPENINGS: MF=-314.857, AP=314.858
slv : DvGr statistics: min alpha=0.0757081(nfa=208855, geom_slice=0)
slv : +----------------------------------+------------+-------+------------+------------+
slv : |          Collector name          | Total Time | Count |  Avg Time  |  Max Time  |
slv : +----------------------------------+------------+-------+------------+------------+
slv : | Calculate_inc                    |      18.739|     41|       0.457|       0.652|
slv : | CollectEMT_Results               |       0.000|     42|       0.000|       0.000|
slv : | HeatPathCalculator_Dynamic       |       0.021|      1|       0.021|       0.021|
slv : | LiSy_make_portrait               |       0.469|    190|       0.002|       0.017|
slv : | Results_processing               |       2.169|     41|       0.053|       0.067|
slv : | build_sl_ordering_CHT            |       0.016|     42|       0.000|       0.006|
slv : | build_sl_ordering_MDS            |       0.105|     42|       0.003|       0.019|
slv : | build_sl_ordering_fluid          |       0.104|     42|       0.002|       0.019|
slv : | calc_Convolutions_MDS            |       0.572|     42|       0.014|       0.027|
slv : | calc_wall_dist                   |       0.372|      1|       0.372|       0.372|
slv : | create_Gr_operators_MDS          |       0.610|     42|       0.015|       0.027|
slv : | create_Gr_operators_portrait_MDS |       0.311|     42|       0.007|       0.010|
slv : | init_Hy_group_MDS                |       0.581|     42|       0.014|       0.019|
slv : | perform_stage_total              |      16.449|   1142|       0.014|       0.372|
slv : | precalc_at_start_MDS             |       0.666|      2|       0.333|       0.637|
slv : | solve_3M_MDS                     |       1.658|     42|       0.039|       0.069|
slv : | solve_3M_alg_MDS                 |       0.531|     42|       0.013|       0.041|
slv : | solve_BG_MDS                     |       1.444|     42|       0.034|       0.042|
slv : | solve_BG_alg_MDS                 |       1.013|     42|       0.024|       0.033|
slv : | solve_BL_MDS                     |       0.625|     42|       0.015|       0.019|
slv : | solve_CHT                        |       1.270|     42|       0.030|       0.080|
slv : | solve_CHT_MDS                    |       0.936|     42|       0.022|       0.073|
slv : | solve_CHT_alg_MDS                |       0.301|     42|       0.007|       0.056|
slv : | solve_DvGr_MDS                   |       4.314|     42|       0.103|       0.303|
slv : | solve_DvGr_alg_MDS               |       2.234|     42|       0.053|       0.255|
slv : | solve_INPR_MDS                   |       0.000|      1|       0.000|       0.000|
slv : | solve_PS+QJ                      |       0.000|      0|       0.000|       0.000|
slv : | solve_YLMA_MDS                   |       0.001|     42|       0.000|       0.000|
slv : | solve_YNOx_MDS                   |       0.000|     42|       0.000|       0.000|
slv : | solve_YTd_MDS                    |       0.001|     42|       0.000|       0.000|
slv : | solve_YTurb_MDS                  |       5.354|     42|       0.127|       0.155|
slv : | solve_YTurb_alg_MDS              |       2.837|     84|       0.034|       0.057|
slv : | update_BC_MDS                    |       0.000|     43|       0.000|       0.000|
slv : | update_Mf_after_DvGr             |       0.497|     42|       0.012|       0.023|
slv : | update_VelPressure_MDS           |       0.078|     42|       0.002|       0.003|
slv : +----------------------------------+------------+-------+------------+------------+
-----------------------------------------------------------------------
Memory Working Set Current = 441.54 Mb, Memory Working Set Peak = 442.50 Mb
Memory Private Bytes Current = 625.10 Mb, Memory Private Bytes Peak = 627.36 Mb
Process Threads Number: 16
-----------------------------------------------------------------------
Algebra Pool      : mem_usage = 441.75 Mb, allocated count = 1575

================== Tstep=42 ===================
<Dynamic P> on nsd = 0 {openings (inlet / outlet)}:
  (SP = Static Pressure, EP = Environment Pressure, TP = Total Pressure, E = External)
  {#0, E, (3.930587e-02 / 2.734103e+04)}
  {#1, E, (4.994211e-02 / 2.734105e+04)}
  {#2, E, (0.000000e+00 / 2.711375e+04)}
  {#3, E, (2.733223e+04 / 0.000000e+00)}
  {#4, E, (4.842115e-03 / 2.734035e+04)}
  {#5, E, (1.195447e-02 / 2.734066e+04)}
  MWS[  0]=7.01192
tau_viscous_averaged = 68.2127 
dt(mass,momentum; nsd=  0): min dt/dtG(ncv=  21071)=0.96 , max dt/dtG(ncv=  20168)=6.0    , dtG=0.000994603
Flow alg-view 0 in phys-view 0 isn't Neumann (not Multi Phase treating)
Face Momentum (sd=  0): max value of div(mf) (cv=12948) = 2.544842e-04
Flow alg-view 0 is not Neumann (not for Phase Change + Nested Iters)
+----+----+--------------+--------------+--------------+--------------+--------------+------+----+-+-+--+------+
|Name|view| Initial res  | Initial resL1| Target res   | Final res    | Final res L1 |Visits|Iter|R|F|CL|Status|
| BG |   0|  3.670651e-07|  1.867653e-02|  3.146641e-09|  1.875965e-09|  3.666550e-03|     5|  15|0|n|30|  OK  |
log10(resTarget_Lim / resTarget_Orig): 2.1 
Face Momentum (sd=  0): max value of div(mf) (cv=12044) = 4.204149e-06
	norm_L2 of div(momentum) = 4.340357e-05.
Flow alg-view 0 in phys-view 0 isn't Neumann (not Multi Phase treating)
LOG: number of a-faces with weighted approximations in 0 subdomain: 8.65767 percent
LOG: Rate of a-faces corrected to CUp1st in 0 subdomain: 0.162024 %
slv : SolveBL stage
|nsd|Real WF|NormalF|Cycle F|CriticF| EdgeF |CyclBrF|ExtParF|RWFnumSt|StLvlNum|  nfw  |  alp_U_min  |  nfw  |  alp_U_max  |  nfw  |  alp_T_min  |  nfw  |  alp_T_max  |  nfw  |  BL_s_min   |  nfw  |   BL_s_max  |
|  0|   2054|   1797|     10|     28|    219|      0|      0|    2044|      64|   3991|0            |  12947|19.5897      |   3978|0            |   4960|231036       |  12935|-22229.4     |   3978|0            |
Face Momentum (sd=  0): max value of div(mf) (cv=12044) = 4.204149e-06
	norm_L2 of div(momentum) = 4.340357e-05.
nsd = 0 BC: AP Inlet occurs on 2863 w-faces
+----+----+----+--------------+--------------+--------------+--------------+--------------+------+----+-+-+--+------+
|Name|view| n_y| Initial res  | Initial resL1| Target res   | Final res    | Final res L1 |Visits|Iter|R|F|CL|Status|
+----+----+----+--------------+--------------+--------------+--------------+--------------+------+----+-+-+--+------+
| 3M |   0|   0|  3.162094e+01|  4.244425e+02|  5.928927e-03|  7.366912e-04|  2.566142e-01|     2|   6|0|n|29|  OK  |
Velocity (predicted):
        (local) sd   0: min(  20145)=4.3959759840402      , max(  66536)=213.89499713917      
Flow alg-view 0 is not Neumann (not for Phase Change + Nested Iters)
+----+----+--------------+--------------+--------------+--------------+--------------+------+----+-+-+--+------+
|Name|view| Initial res  | Initial resL1| Target res   | Final res    | Final res L1 |Visits|Iter|R|F|CL|Status|
|DVGR|   0|  4.881528e-03|  3.416797e+00|  3.050955e-07|  6.458603e-08|  1.486190e-02|     4|  12|0|n|30|  OK  |
PRESSURE SOLVER(geom_index=  0): sum_C_dp=-0.000144836
Face Momentum (sd=  0): max value of div(mf) (cv=19944) = 3.886509e-05
	norm_L2 of div(momentum) = 2.599795e-04.
nsd = 0 min_dtHy = 0.000958882 (nCV =	21071 ) max_dtHy = 0.00596272 (nCV =	20168 ) 
+----+----+--------------+--------------+--------------+--------------+--------------+------+----+-+-+--+------+
|Name|view| Initial res  | Initial resL1| Target res   | Final res    | Final res L1 |Visits|Iter|R|F|CL|Status|
|CHT |   0|  5.119119e+02|  6.074852e+02|  3.199449e-02|  7.372170e-04|  8.043976e-01|     2|  18|0|n|30|  OK  |
nsd = 0 min_dtke = 0.000143728 (nCV =	20159 ) max_dtke = 0.00194636 (nCV =	77934 ) 
+----+----+----+--------------+--------------+--------------+--------------+--------------+------+----+-+-+--+------+
|Name|view| n_y| Initial res  | Initial resL1| Target res   | Final res    | Final res L1 |Visits|Iter|R|F|CL|Status|
+----+----+----+--------------+--------------+--------------+--------------+--------------+------+----+-+-+--+------+
|turb|   0|   0|  1.829124e+02|  3.286133e+02|  1.047074e-04|  2.989073e-05|  1.569091e-01|     8|  48|0|n|30|  OK  |
|turb|   0|   1|  2.266415e+08|  2.087253e+05|  2.386340e-01|  1.371180e-01|  9.821610e+00|     9|  54|0|n|30|  OK  |
Filter: K,E,momentum: sd =   0 isolating K from zero=      0 E from zero=    342 E from infinity=      0
slv : Fluid subdom(new) 0
slv : P static (new)                 : min(  20038) = 92169.277971495      , max(  21384) = 303667.83730205      
slv : Density (new)                  : min(  20038) = 1.0357846203537      , max(  21384) = 3.3841367364019      
slv : Velocity (new)                 : min(  20145) = 3.4531643250233      , max(  66536) = 213.90423736784      
slv : Mach number (new)              : min(  20145) = 0.0097314120676228   , max(  66536) = 0.62550732802274     
slv : Turbulent k (new)              : min(    617) = 0.048013801328426    , max(  20159) = 1451.1120562092      
slv : Turbulent e (new)              : min(  21813) = 0.14412454263957     , max(  20159) = 1945579.0030002      
slv : Temperature (new)              : min(  66536) = 291.14405912625      , max(  20166) = 313.88117809113      
slv : Total enthalpy, Y-shifted (new): min(  20156) = 19953.891063425      , max(  21357) = 21339.465159763      
slv : MASS FLUXES AT OPENINGS: MF=-314.857, AP=314.858
slv : DvGr statistics: min alpha=0.0757088(nfa=208855, geom_slice=0)
slv : +----------------------------------+------------+-------+------------+------------+
slv : |          Collector name          | Total Time | Count |  Avg Time  |  Max Time  |
slv : +----------------------------------+------------+-------+------------+------------+
slv : | Calculate_inc                    |      19.195|     42|       0.457|       0.652|
slv : | CollectEMT_Results               |       0.000|     43|       0.000|       0.000|
slv : | HeatPathCalculator_Dynamic       |       0.021|      1|       0.021|       0.021|
slv : | LiSy_make_portrait               |       0.478|    194|       0.002|       0.017|
slv : | Results_processing               |       2.220|     42|       0.053|       0.067|
slv : | build_sl_ordering_CHT            |       0.016|     43|       0.000|       0.006|
slv : | build_sl_ordering_MDS            |       0.106|     43|       0.002|       0.019|
slv : | build_sl_ordering_fluid          |       0.105|     43|       0.002|       0.019|
slv : | calc_Convolutions_MDS            |       0.586|     43|       0.014|       0.027|
slv : | calc_wall_dist                   |       0.372|      1|       0.372|       0.372|
slv : | create_Gr_operators_MDS          |       0.623|     43|       0.014|       0.027|
slv : | create_Gr_operators_portrait_MDS |       0.317|     43|       0.007|       0.010|
slv : | init_Hy_group_MDS                |       0.594|     43|       0.014|       0.019|
slv : | perform_stage_total              |      16.806|   1169|       0.014|       0.372|
slv : | precalc_at_start_MDS             |       0.666|      2|       0.333|       0.637|
slv : | solve_3M_MDS                     |       1.703|     43|       0.040|       0.069|
slv : | solve_3M_alg_MDS                 |       0.552|     43|       0.013|       0.041|
slv : | solve_BG_MDS                     |       1.470|     43|       0.034|       0.042|
slv : | solve_BG_alg_MDS                 |       1.030|     43|       0.024|       0.033|
slv : | solve_BL_MDS                     |       0.641|     43|       0.015|       0.019|
slv : | solve_CHT                        |       1.313|     43|       0.031|       0.080|
slv : | solve_CHT_MDS                    |       0.973|     43|       0.023|       0.073|
slv : | solve_CHT_alg_MDS                |       0.325|     43|       0.008|       0.056|
slv : | solve_DvGr_MDS                   |       4.383|     43|       0.102|       0.303|
slv : | solve_DvGr_alg_MDS               |       2.258|     43|       0.053|       0.255|
slv : | solve_INPR_MDS                   |       0.000|      1|       0.000|       0.000|
slv : | solve_PS+QJ                      |       0.000|      0|       0.000|       0.000|
slv : | solve_YLMA_MDS                   |       0.001|     43|       0.000|       0.000|
slv : | solve_YNOx_MDS                   |       0.000|     43|       0.000|       0.000|
slv : | solve_YTd_MDS                    |       0.001|     43|       0.000|       0.000|
slv : | solve_YTurb_MDS                  |       5.500|     43|       0.128|       0.155|
slv : | solve_YTurb_alg_MDS              |       2.930|     86|       0.034|       0.057|
slv : | update_BC_MDS                    |       0.000|     44|       0.000|       0.000|
slv : | update_Mf_after_DvGr             |       0.508|     43|       0.012|       0.023|
slv : | update_VelPressure_MDS           |       0.080|     43|       0.002|       0.003|
slv : +----------------------------------+------------+-------+------------+------------+
-----------------------------------------------------------------------
Memory Working Set Current = 439.50 Mb, Memory Working Set Peak = 442.55 Mb
Memory Private Bytes Current = 623.01 Mb, Memory Private Bytes Peak = 627.36 Mb
Process Threads Number: 16
-----------------------------------------------------------------------
Algebra Pool      : mem_usage = 441.75 Mb, allocated count = 1581

================== Tstep=43 ===================
<Dynamic P> on nsd = 0 {openings (inlet / outlet)}:
  (SP = Static Pressure, EP = Environment Pressure, TP = Total Pressure, E = External)
  {#0, E, (3.880145e-02 / 2.734104e+04)}
  {#1, E, (4.915750e-02 / 2.734103e+04)}
  {#2, E, (0.000000e+00 / 2.711144e+04)}
  {#3, E, (2.733225e+04 / 0.000000e+00)}
  {#4, E, (4.857181e-03 / 2.734035e+04)}
  {#5, E, (1.172426e-02 / 2.734066e+04)}
  MWS[  0]=7.01443
tau_viscous_averaged = 69.2052 
dt(mass,momentum; nsd=  0): min dt/dtG(ncv=  10382)=0.96 , max dt/dtG(ncv=  20141)=6.5    , dtG=0.000997454
Flow alg-view 0 in phys-view 0 isn't Neumann (not Multi Phase treating)
Face Momentum (sd=  0): max value of div(mf) (cv=20810) = 1.703830e-04
Flow alg-view 0 is not Neumann (not for Phase Change + Nested Iters)
+----+----+--------------+--------------+--------------+--------------+--------------+------+----+-+-+--+------+
|Name|view| Initial res  | Initial resL1| Target res   | Final res    | Final res L1 |Visits|Iter|R|F|CL|Status|
| BG |   0|  1.345460e-07|  1.636997e-02|  3.050955e-09|  9.750579e-10|  3.613230e-03|     4|  12|0|n|30|  OK  |
log10(resTarget_Lim / resTarget_Orig): 2.6 
Face Momentum (sd=  0): max value of div(mf) (cv=19415) = 2.057628e-06
	norm_L2 of div(momentum) = 3.124468e-05.
Flow alg-view 0 in phys-view 0 isn't Neumann (not Multi Phase treating)
LOG: number of a-faces with weighted approximations in 0 subdomain: 8.79305 percent
LOG: Rate of a-faces corrected to CUp1st in 0 subdomain: 0.161572 %
slv : SolveBL stage
|nsd|Real WF|NormalF|Cycle F|CriticF| EdgeF |CyclBrF|ExtParF|RWFnumSt|StLvlNum|  nfw  |  alp_U_min  |  nfw  |  alp_U_max  |  nfw  |  alp_T_min  |  nfw  |  alp_T_max  |  nfw  |  BL_s_min   |  nfw  |   BL_s_max  |
|  0|   2054|   1815|     10|     10|    219|      0|      0|    2044|      64|   3991|0            |  12947|19.5897      |   3978|0            |   4959|13653.6      |  12935|-22229.7     |   3978|0            |
Face Momentum (sd=  0): max value of div(mf) (cv=19415) = 2.057628e-06
	norm_L2 of div(momentum) = 3.124468e-05.
nsd = 0 BC: AP Inlet occurs on 2857 w-faces
+----+----+----+--------------+--------------+--------------+--------------+--------------+------+----+-+-+--+------+
|Name|view| n_y| Initial res  | Initial resL1| Target res   | Final res    | Final res L1 |Visits|Iter|R|F|CL|Status|
+----+----+----+--------------+--------------+--------------+--------------+--------------+------+----+-+-+--+------+
| 3M |   0|   0|  3.270964e+01|  4.273455e+02|  6.133058e-03|  9.269413e-04|  2.618110e-01|     2|   6|0|n|29|  OK  |
Velocity (predicted):
        (local) sd   0: min(  20145)=3.8897001413392      , max(  66536)=213.89181475576      
Flow alg-view 0 is not Neumann (not for Phase Change + Nested Iters)
+----+----+--------------+--------------+--------------+--------------+--------------+------+----+-+-+--+------+
|Name|view| Initial res  | Initial resL1| Target res   | Final res    | Final res L1 |Visits|Iter|R|F|CL|Status|
|DVGR|   0|  5.026942e-03|  3.404967e+00|  3.141839e-07|  6.332037e-08|  1.427803e-02|     4|  12|0|n|30|  OK  |
PRESSURE SOLVER(geom_index=  0): sum_C_dp=-0.000196056
Face Momentum (sd=  0): max value of div(mf) (cv=19944) = 3.867580e-05
	norm_L2 of div(momentum) = 2.607454e-04.
nsd = 0 min_dtHy = 0.000957476 (nCV =	10382 ) max_dtHy = 0.00651379 (nCV =	20141 ) 
+----+----+--------------+--------------+--------------+--------------+--------------+------+----+-+-+--+------+
|Name|view| Initial res  | Initial resL1| Target res   | Final res    | Final res L1 |Visits|Iter|R|F|CL|Status|
|CHT |   0|  5.522656e+02|  6.144635e+02|  3.451660e-02|  6.718700e-04|  7.632289e-01|     2|  18|0|n|30|  OK  |
nsd = 0 min_dtke = 0.000144861 (nCV =	20159 ) max_dtke = 0.0019463 (nCV =	77934 ) 
+----+----+----+--------------+--------------+--------------+--------------+--------------+------+----+-+-+--+------+
|Name|view| n_y| Initial res  | Initial resL1| Target res   | Final res    | Final res L1 |Visits|Iter|R|F|CL|Status|
+----+----+----+--------------+--------------+--------------+--------------+--------------+------+----+-+-+--+------+
|turb|   0|   0|  1.760709e+02|  3.048343e+02|  1.048545e-04|  7.276679e-05|  2.530699e-01|     7|  42|0|n|30|  OK  |
|turb|   0|   1|  2.131735e+08|  1.973209e+05|  2.391405e-01|  9.466881e-02|  8.100467e+00|     9|  54|0|n|30|  OK  |
Filter: K,E,momentum: sd =   0 isolating K from zero=      0 E from zero=    332 E from infinity=      0
slv : Fluid subdom(new) 0
slv : P static (new)                 : min(   9467) = 92245.171157834      , max(  21384) = 299463.04758533      
slv : Density (new)                  : min(   9467) = 1.0363632336274      , max(  21384) = 3.341174863788       
slv : Velocity (new)                 : min(  20141) = 2.9148241637919      , max(  66536) = 213.90552864531      
slv : Mach number (new)              : min(  20141) = 0.0082141248571843   , max(  66536) = 0.625511398326       
slv : Turbulent k (new)              : min(     40) = 0.047946850596228    , max(  20159) = 1464.5870562512      
slv : Turbulent e (new)              : min(  21492) = 0.22593490689115     , max(  20159) = 1955011.7647535      
slv : Temperature (new)              : min(  66536) = 291.14378383412      , max(  20166) = 313.87531490797      
slv : Total enthalpy, Y-shifted (new): min(  20156) = 19946.508774442      , max(  21357) = 21423.858329403      
slv : MASS FLUXES AT OPENINGS: MF=-314.857, AP=314.858
slv : DvGr statistics: min alpha=0.0757089(nfa=208855, geom_slice=0)
slv : +----------------------------------+------------+-------+------------+------------+
slv : |          Collector name          | Total Time | Count |  Avg Time  |  Max Time  |
slv : +----------------------------------+------------+-------+------------+------------+
slv : | Calculate_inc                    |      19.641|     43|       0.457|       0.652|
slv : | CollectEMT_Results               |       0.000|     44|       0.000|       0.000|
slv : | HeatPathCalculator_Dynamic       |       0.021|      1|       0.021|       0.021|
slv : | LiSy_make_portrait               |       0.489|    199|       0.002|       0.017|
slv : | Results_processing               |       2.269|     43|       0.053|       0.067|
slv : | build_sl_ordering_CHT            |       0.016|     44|       0.000|       0.006|
slv : | build_sl_ordering_MDS            |       0.114|     44|       0.003|       0.019|
slv : | build_sl_ordering_fluid          |       0.113|     44|       0.003|       0.019|
slv : | calc_Convolutions_MDS            |       0.598|     44|       0.014|       0.027|
slv : | calc_wall_dist                   |       0.372|      1|       0.372|       0.372|
slv : | create_Gr_operators_MDS          |       0.637|     44|       0.014|       0.027|
slv : | create_Gr_operators_portrait_MDS |       0.323|     44|       0.007|       0.010|
slv : | init_Hy_group_MDS                |       0.608|     44|       0.014|       0.019|
slv : | perform_stage_total              |      17.180|   1196|       0.014|       0.372|
slv : | precalc_at_start_MDS             |       0.666|      2|       0.333|       0.637|
slv : | solve_3M_MDS                     |       1.751|     44|       0.040|       0.069|
slv : | solve_3M_alg_MDS                 |       0.574|     44|       0.013|       0.041|
slv : | solve_BG_MDS                     |       1.494|     44|       0.034|       0.042|
slv : | solve_BG_alg_MDS                 |       1.045|     44|       0.024|       0.033|
slv : | solve_BL_MDS                     |       0.658|     44|       0.015|       0.019|
slv : | solve_CHT                        |       1.357|     44|       0.031|       0.080|
slv : | solve_CHT_MDS                    |       1.009|     44|       0.023|       0.073|
slv : | solve_CHT_alg_MDS                |       0.345|     44|       0.008|       0.056|
slv : | solve_DvGr_MDS                   |       4.453|     44|       0.101|       0.303|
slv : | solve_DvGr_alg_MDS               |       2.281|     44|       0.052|       0.255|
slv : | solve_INPR_MDS                   |       0.000|      1|       0.000|       0.000|
slv : | solve_PS+QJ                      |       0.000|      0|       0.000|       0.000|
slv : | solve_YLMA_MDS                   |       0.001|     44|       0.000|       0.000|
slv : | solve_YNOx_MDS                   |       0.000|     44|       0.000|       0.000|
slv : | solve_YTd_MDS                    |       0.001|     44|       0.000|       0.000|
slv : | solve_YTurb_MDS                  |       5.653|     44|       0.128|       0.155|
slv : | solve_YTurb_alg_MDS              |       3.027|     88|       0.034|       0.057|
slv : | update_BC_MDS                    |       0.000|     45|       0.000|       0.000|
slv : | update_Mf_after_DvGr             |       0.519|     44|       0.012|       0.023|
slv : | update_VelPressure_MDS           |       0.082|     44|       0.002|       0.003|
slv : +----------------------------------+------------+-------+------------+------------+
-----------------------------------------------------------------------
Memory Working Set Current = 441.48 Mb, Memory Working Set Peak = 442.55 Mb
Memory Private Bytes Current = 625.32 Mb, Memory Private Bytes Peak = 627.44 Mb
Process Threads Number: 16
-----------------------------------------------------------------------
Algebra Pool      : mem_usage = 441.75 Mb, allocated count = 1581

================== Tstep=44 ===================
<Dynamic P> on nsd = 0 {openings (inlet / outlet)}:
  (SP = Static Pressure, EP = Environment Pressure, TP = Total Pressure, E = External)
  {#0, E, (3.849839e-02 / 2.734103e+04)}
  {#1, E, (4.832903e-02 / 2.734103e+04)}
  {#2, E, (0.000000e+00 / 2.710958e+04)}
  {#3, E, (2.733222e+04 / 0.000000e+00)}
  {#4, E, (4.848301e-03 / 2.734034e+04)}
  {#5, E, (1.160674e-02 / 2.734066e+04)}
  MWS[  0]=7.01669
tau_viscous_averaged = 70.2011 
dt(mass,momentum; nsd=  0): min dt/dtG(ncv=  21071)=0.98 , max dt/dtG(ncv=  20168)=7.0    , dtG=0.000982631
Flow alg-view 0 in phys-view 0 isn't Neumann (not Multi Phase treating)
Face Momentum (sd=  0): max value of div(mf) (cv=9784) = 1.860773e-04
Flow alg-view 0 is not Neumann (not for Phase Change + Nested Iters)
+----+----+--------------+--------------+--------------+--------------+--------------+------+----+-+-+--+------+
|Name|view| Initial res  | Initial resL1| Target res   | Final res    | Final res L1 |Visits|Iter|R|F|CL|Status|
| BG |   0|  2.527048e-07|  1.648632e-02|  3.141839e-09|  1.164722e-09|  3.840795e-03|     4|  12|0|n|30|  OK  |
log10(resTarget_Lim / resTarget_Orig): 2.3 
Face Momentum (sd=  0): max value of div(mf) (cv=24541) = 3.307473e-06
	norm_L2 of div(momentum) = 3.415556e-05.
Flow alg-view 0 in phys-view 0 isn't Neumann (not Multi Phase treating)
LOG: number of a-faces with weighted approximations in 0 subdomain: 8.70307 percent
LOG: Rate of a-faces corrected to CUp1st in 0 subdomain: 0.165922 %
slv : SolveBL stage
|nsd|Real WF|NormalF|Cycle F|CriticF| EdgeF |CyclBrF|ExtParF|RWFnumSt|StLvlNum|  nfw  |  alp_U_min  |  nfw  |  alp_U_max  |  nfw  |  alp_T_min  |  nfw  |  alp_T_max  |  nfw  |  BL_s_min   |  nfw  |   BL_s_max  |
|  0|   2054|   1815|     12|     16|    211|      0|      0|    2042|      64|   3991|0            |  12947|19.5897      |   3978|0            |   4669|115549       |  12935|-22230.1     |   3978|0            |
Face Momentum (sd=  0): max value of div(mf) (cv=24541) = 3.307473e-06
	norm_L2 of div(momentum) = 3.415556e-05.
nsd = 0 BC: AP Inlet occurs on 2841 w-faces
+----+----+----+--------------+--------------+--------------+--------------+--------------+------+----+-+-+--+------+
|Name|view| n_y| Initial res  | Initial resL1| Target res   | Final res    | Final res L1 |Visits|Iter|R|F|CL|Status|
+----+----+----+--------------+--------------+--------------+--------------+--------------+------+----+-+-+--+------+
| 3M |   0|   0|  3.068535e+01|  4.248981e+02|  5.753504e-03|  6.824483e-04|  2.295030e-01|     2|   6|0|n|29|  OK  |
Velocity (predicted):
        (local) sd   0: min(  20168)=3.1848929340624      , max(  66536)=213.88641129631      
Flow alg-view 0 is not Neumann (not for Phase Change + Nested Iters)
+----+----+--------------+--------------+--------------+--------------+--------------+------+----+-+-+--+------+
|Name|view| Initial res  | Initial resL1| Target res   | Final res    | Final res L1 |Visits|Iter|R|F|CL|Status|
|DVGR|   0|  4.379373e-03|  3.321994e+00|  2.737108e-07|  5.490687e-08|  1.432683e-02|     4|  12|0|n|30|  OK  |
Filter(LC, geom_index=  0): isolating pressure from zero=4 (in AUSM_cvs=0)
PRESSURE SOLVER(geom_index=  0): sum_C_dp=-0.000171981
Face Momentum (sd=  0): max value of div(mf) (cv=19944) = 3.387530e-05
	norm_L2 of div(momentum) = 2.413262e-04.
nsd = 0 min_dtHy = 0.000958335 (nCV =	21071 ) max_dtHy = 0.00687789 (nCV =	20168 ) 
+----+----+--------------+--------------+--------------+--------------+--------------+------+----+-+-+--+------+
|Name|view| Initial res  | Initial resL1| Target res   | Final res    | Final res L1 |Visits|Iter|R|F|CL|Status|
|CHT |   0|  5.431261e+02|  6.027042e+02|  3.394538e-02|  6.657412e-04|  7.460420e-01|     2|  18|0|n|30|  OK  |
nsd = 0 min_dtke = 0.00014548 (nCV =	20159 ) max_dtke = 0.00194627 (nCV =	77934 ) 
+----+----+----+--------------+--------------+--------------+--------------+--------------+------+----+-+-+--+------+
|Name|view| n_y| Initial res  | Initial resL1| Target res   | Final res    | Final res L1 |Visits|Iter|R|F|CL|Status|
+----+----+----+--------------+--------------+--------------+--------------+--------------+------+----+-+-+--+------+
|turb|   0|   0|  1.708391e+02|  2.858137e+02|  1.049900e-04|  5.963659e-05|  2.188202e-01|     7|  42|0|n|30|  OK  |
|turb|   0|   1|  2.076442e+08|  1.875231e+05|  2.396050e-01|  5.938761e-02|  6.474263e+00|     9|  54|0|n|30|  OK  |
Filter: K,E,momentum: sd =   0 isolating K from zero=      0 E from zero=    330 E from infinity=      0
slv : Fluid subdom(new) 0
slv : P static (new)                 : min(  20038) = 92315.300074006      , max(  21384) = 296433.81381934      
slv : Density (new)                  : min(   9467) = 1.0370317574178      , max(  21384) = 3.3111658430573      
slv : Velocity (new)                 : min(  20168) = 2.2566557833439      , max(  66536) = 213.89775408611      
slv : Mach number (new)              : min(  20168) = 0.0063596611622147   , max(  66536) = 0.62548689866273     
slv : Turbulent k (new)              : min(   2824) = 0.04770760948548     , max(  20159) = 1480.0628070964      
slv : Turbulent e (new)              : min(  46113) = 0.28373281022976     , max(  20159) = 1971923.9135006      
slv : Temperature (new)              : min(  66536) = 291.14543489269      , max(  20166) = 313.8875011623       
slv : Total enthalpy, Y-shifted (new): min(  20156) = 19940.157909776      , max(  21357) = 21504.298799131      
slv : MASS FLUXES AT OPENINGS: MF=-314.857, AP=314.858
slv : DvGr statistics: min alpha=0.0757095(nfa=208855, geom_slice=0)
slv : +----------------------------------+------------+-------+------------+------------+
slv : |          Collector name          | Total Time | Count |  Avg Time  |  Max Time  |
slv : +----------------------------------+------------+-------+------------+------------+
slv : | Calculate_inc                    |      20.103|     44|       0.457|       0.652|
slv : | CollectEMT_Results               |       0.000|     45|       0.000|       0.000|
slv : | HeatPathCalculator_Dynamic       |       0.021|      1|       0.021|       0.021|
slv : | LiSy_make_portrait               |       0.502|    203|       0.002|       0.017|
slv : | Results_processing               |       2.337|     44|       0.053|       0.067|
slv : | build_sl_ordering_CHT            |       0.016|     45|       0.000|       0.006|
slv : | build_sl_ordering_MDS            |       0.114|     45|       0.003|       0.019|
slv : | build_sl_ordering_fluid          |       0.113|     45|       0.003|       0.019|
slv : | calc_Convolutions_MDS            |       0.614|     45|       0.014|       0.027|
slv : | calc_wall_dist                   |       0.372|      1|       0.372|       0.372|
slv : | create_Gr_operators_MDS          |       0.655|     45|       0.015|       0.027|
slv : | create_Gr_operators_portrait_MDS |       0.335|     45|       0.007|       0.012|
slv : | init_Hy_group_MDS                |       0.620|     45|       0.014|       0.019|
slv : | perform_stage_total              |      17.597|   1223|       0.014|       0.372|
slv : | precalc_at_start_MDS             |       0.666|      2|       0.333|       0.637|
slv : | solve_3M_MDS                     |       1.811|     45|       0.040|       0.069|
slv : | solve_3M_alg_MDS                 |       0.600|     45|       0.013|       0.041|
slv : | solve_BG_MDS                     |       1.520|     45|       0.034|       0.042|
slv : | solve_BG_alg_MDS                 |       1.063|     45|       0.024|       0.033|
slv : | solve_BL_MDS                     |       0.675|     45|       0.015|       0.019|
slv : | solve_CHT                        |       1.404|     45|       0.031|       0.080|
slv : | solve_CHT_MDS                    |       1.049|     45|       0.023|       0.073|
slv : | solve_CHT_alg_MDS                |       0.367|     45|       0.008|       0.056|
slv : | solve_DvGr_MDS                   |       4.541|     45|       0.101|       0.303|
slv : | solve_DvGr_alg_MDS               |       2.307|     45|       0.051|       0.255|
slv : | solve_INPR_MDS                   |       0.000|      1|       0.000|       0.000|
slv : | solve_PS+QJ                      |       0.000|      0|       0.000|       0.000|
slv : | solve_YLMA_MDS                   |       0.001|     45|       0.000|       0.000|
slv : | solve_YNOx_MDS                   |       0.000|     45|       0.000|       0.000|
slv : | solve_YTd_MDS                    |       0.001|     45|       0.000|       0.000|
slv : | solve_YTurb_MDS                  |       5.805|     45|       0.129|       0.155|
slv : | solve_YTurb_alg_MDS              |       3.118|     90|       0.035|       0.057|
slv : | update_BC_MDS                    |       0.000|     46|       0.000|       0.000|
slv : | update_Mf_after_DvGr             |       0.530|     45|       0.012|       0.023|
slv : | update_VelPressure_MDS           |       0.083|     45|       0.002|       0.003|
slv : +----------------------------------+------------+-------+------------+------------+
Interpolator cache: total calls 6990, optimised calls 2671 (38.2 %)
-----------------------------------------------------------------------
Memory Working Set Current = 439.73 Mb, Memory Working Set Peak = 442.55 Mb
Memory Private Bytes Current = 623.09 Mb, Memory Private Bytes Peak = 627.44 Mb
Process Threads Number: 16
-----------------------------------------------------------------------
Iteration : time = 2.63122 , count = 5 , time/count = 0.526244
Calculate_inc() : time = 2.32536 , count = 5 , time/count = 0.465071
TreatFlowEvolution() : time = 0.26236 , count = 5 , time/count = 0.052472
SolverPreview : time = 0 , count = 5 , time/count = 0
TreatGoals : time = 0.253026 , count = 5 , time/count = 0.0506052
Algebra Pool      : mem_usage = 441.75 Mb, allocated count = 1582

================== Tstep=45 ===================
<Dynamic P> on nsd = 0 {openings (inlet / outlet)}:
  (SP = Static Pressure, EP = Environment Pressure, TP = Total Pressure, E = External)
  {#0, E, (3.827190e-02 / 2.734103e+04)}
  {#1, E, (4.760905e-02 / 2.734101e+04)}
  {#2, E, (0.000000e+00 / 2.710785e+04)}
  {#3, E, (2.733225e+04 / 0.000000e+00)}
  {#4, E, (4.846333e-03 / 2.734035e+04)}
  {#5, E, (1.152692e-02 / 2.734065e+04)}
  MWS[  0]=7.01896
tau_viscous_averaged = 70.966 
dt(mass,momentum; nsd=  0): min dt/dtG(ncv=  10382)=0.98 , max dt/dtG(ncv=  20168)=7.6    , dtG=0.00097376
Flow alg-view 0 in phys-view 0 isn't Neumann (not Multi Phase treating)
Face Momentum (sd=  0): max value of div(mf) (cv=25149) = 1.991929e-04
Flow alg-view 0 is not Neumann (not for Phase Change + Nested Iters)
+----+----+--------------+--------------+--------------+--------------+--------------+------+----+-+-+--+------+
|Name|view| Initial res  | Initial resL1| Target res   | Final res    | Final res L1 |Visits|Iter|R|F|CL|Status|
| BG |   0|  1.647893e-07|  1.597101e-02|  2.737108e-09|  1.436608e-09|  3.995340e-03|     4|  12|0|n|30|  OK  |
log10(resTarget_Lim / resTarget_Orig): 2.4 
Face Momentum (sd=  0): max value of div(mf) (cv=12245) = 3.554405e-06
	norm_L2 of div(momentum) = 3.791440e-05.
Flow alg-view 0 in phys-view 0 isn't Neumann (not Multi Phase treating)
LOG: number of a-faces with weighted approximations in 0 subdomain: 8.87419 percent
LOG: Rate of a-faces corrected to CUp1st in 0 subdomain: 0.164909 %
slv : SolveBL stage
|nsd|Real WF|NormalF|Cycle F|CriticF| EdgeF |CyclBrF|ExtParF|RWFnumSt|StLvlNum|  nfw  |  alp_U_min  |  nfw  |  alp_U_max  |  nfw  |  alp_T_min  |  nfw  |  alp_T_max  |  nfw  |  BL_s_min   |  nfw  |   BL_s_max  |
|  0|   2054|   1816|     10|     12|    216|      0|      0|    2044|      64|   3991|0            |  12947|19.5896      |   3978|0            |   4005|19972.4      |  12935|-22230.5     |   3978|0            |
Face Momentum (sd=  0): max value of div(mf) (cv=12245) = 3.554405e-06
	norm_L2 of div(momentum) = 3.791440e-05.
nsd = 0 BC: AP Inlet occurs on 2836 w-faces
+----+----+----+--------------+--------------+--------------+--------------+--------------+------+----+-+-+--+------+
|Name|view| n_y| Initial res  | Initial resL1| Target res   | Final res    | Final res L1 |Visits|Iter|R|F|CL|Status|
+----+----+----+--------------+--------------+--------------+--------------+--------------+------+----+-+-+--+------+
| 3M |   0|   0|  3.064993e+01|  4.195997e+02|  5.746863e-03|  7.384753e-04|  2.291890e-01|     2|   6|0|n|29|  OK  |
Velocity (predicted):
        (local) sd   0: min(  20168)=2.9495870299431      , max(  66536)=213.88299468383      
Flow alg-view 0 is not Neumann (not for Phase Change + Nested Iters)
+----+----+--------------+--------------+--------------+--------------+--------------+------+----+-+-+--+------+
|Name|view| Initial res  | Initial resL1| Target res   | Final res    | Final res L1 |Visits|Iter|R|F|CL|Status|
|DVGR|   0|  4.537207e-03|  3.340534e+00|  2.835754e-07|  4.182822e-08|  1.280296e-02|     4|  12|0|n|30|  OK  |
PRESSURE SOLVER(geom_index=  0): sum_C_dp=-0.000106517
Face Momentum (sd=  0): max value of div(mf) (cv=19958) = 2.935756e-05
	norm_L2 of div(momentum) = 2.102607e-04.
nsd = 0 min_dtHy = 0.000957584 (nCV =	10382 ) max_dtHy = 0.00738651 (nCV =	20168 ) 
+----+----+--------------+--------------+--------------+--------------+--------------+------+----+-+-+--+------+
|Name|view| Initial res  | Initial resL1| Target res   | Final res    | Final res L1 |Visits|Iter|R|F|CL|Status|
|CHT |   0|  5.039775e+02|  5.929856e+02|  3.149859e-02|  4.782238e-04|  6.257766e-01|     2|  18|0|n|30|  OK  |
nsd = 0 min_dtke = 0.000145683 (nCV =	20159 ) max_dtke = 0.00194617 (nCV =	77934 ) 
+----+----+----+--------------+--------------+--------------+--------------+--------------+------+----+-+-+--+------+
|Name|view| n_y| Initial res  | Initial resL1| Target res   | Final res    | Final res L1 |Visits|Iter|R|F|CL|Status|
+----+----+----+--------------+--------------+--------------+--------------+--------------+------+----+-+-+--+------+
|turb|   0|   0|  1.720585e+02|  2.711190e+02|  1.051272e-04|  4.225769e-05|  1.872873e-01|     7|  42|0|n|30|  OK  |
|turb|   0|   1|  2.139169e+08|  1.820179e+05|  2.400744e-01|  4.331432e-02|  5.635618e+00|     9|  54|0|n|30|  OK  |
Filter: K,E,momentum: sd =   0 isolating K from zero=      0 E from zero=    327 E from infinity=      0
slv : Fluid subdom(new) 0
slv : P static (new)                 : min(   9467) = 92380.294638572      , max(  21384) = 290651.66670399      
slv : Density (new)                  : min(   9467) = 1.037563934128       , max(  21384) = 3.2520546606355      
slv : Velocity (new)                 : min(  20164) = 2.5094311569676      , max(  66536) = 213.89774651636      
slv : Mach number (new)              : min(  20164) = 0.007071999018081    , max(  66536) = 0.62548687526899     
slv : Turbulent k (new)              : min(   2848) = 0.047761748089791    , max(  20159) = 1484.1507770203      
slv : Turbulent e (new)              : min(  40881) = 0.31614572311761     , max(  20159) = 1972864.7449879      
slv : Temperature (new)              : min(  66536) = 291.1454360695       , max(  21529) = 313.92124905207      
slv : Total enthalpy, Y-shifted (new): min(  20156) = 19927.616879797      , max(  21357) = 21551.248313371      
slv : MASS FLUXES AT OPENINGS: MF=-314.857, AP=314.858
slv : DvGr statistics: min alpha=0.0757094(nfa=208855, geom_slice=0)
slv : +----------------------------------+------------+-------+------------+------------+
slv : |          Collector name          | Total Time | Count |  Avg Time  |  Max Time  |
slv : +----------------------------------+------------+-------+------------+------------+
slv : | Calculate_inc                    |      20.615|     45|       0.458|       0.652|
slv : | CollectEMT_Results               |       0.000|     46|       0.000|       0.000|
slv : | HeatPathCalculator_Dynamic       |       0.021|      1|       0.021|       0.021|
slv : | LiSy_make_portrait               |       0.511|    207|       0.002|       0.017|
slv : | Results_processing               |       2.394|     45|       0.053|       0.067|
slv : | build_sl_ordering_CHT            |       0.016|     46|       0.000|       0.006|
slv : | build_sl_ordering_MDS            |       0.114|     46|       0.002|       0.019|
slv : | build_sl_ordering_fluid          |       0.113|     46|       0.002|       0.019|
slv : | calc_Convolutions_MDS            |       0.628|     46|       0.014|       0.027|
slv : | calc_wall_dist                   |       0.372|      1|       0.372|       0.372|
slv : | create_Gr_operators_MDS          |       0.668|     46|       0.015|       0.027|
slv : | create_Gr_operators_portrait_MDS |       0.342|     46|       0.007|       0.012|
slv : | init_Hy_group_MDS                |       0.635|     46|       0.014|       0.019|
slv : | perform_stage_total              |      17.968|   1250|       0.014|       0.372|
slv : | precalc_at_start_MDS             |       0.666|      2|       0.333|       0.637|
slv : | solve_3M_MDS                     |       1.860|     46|       0.040|       0.069|
slv : | solve_3M_alg_MDS                 |       0.622|     46|       0.014|       0.041|
slv : | solve_BG_MDS                     |       1.546|     46|       0.034|       0.042|
slv : | solve_BG_alg_MDS                 |       1.080|     46|       0.023|       0.033|
slv : | solve_BL_MDS                     |       0.690|     46|       0.015|       0.019|
slv : | solve_CHT                        |       1.449|     46|       0.031|       0.080|
slv : | solve_CHT_MDS                    |       1.085|     46|       0.024|       0.073|
slv : | solve_CHT_alg_MDS                |       0.388|     46|       0.008|       0.056|
slv : | solve_DvGr_MDS                   |       4.612|     46|       0.100|       0.303|
slv : | solve_DvGr_alg_MDS               |       2.329|     46|       0.051|       0.255|
slv : | solve_INPR_MDS                   |       0.000|      1|       0.000|       0.000|
slv : | solve_PS+QJ                      |       0.000|      0|       0.000|       0.000|
slv : | solve_YLMA_MDS                   |       0.001|     46|       0.000|       0.000|
slv : | solve_YNOx_MDS                   |       0.000|     46|       0.000|       0.000|
slv : | solve_YTd_MDS                    |       0.001|     46|       0.000|       0.000|
slv : | solve_YTurb_MDS                  |       5.957|     46|       0.130|       0.155|
slv : | solve_YTurb_alg_MDS              |       3.209|     92|       0.035|       0.057|
slv : | update_BC_MDS                    |       0.000|     47|       0.000|       0.000|
slv : | update_Mf_after_DvGr             |       0.541|     46|       0.012|       0.023|
slv : | update_VelPressure_MDS           |       0.085|     46|       0.002|       0.003|
slv : +----------------------------------+------------+-------+------------+------------+
-----------------------------------------------------------------------
Memory Working Set Current = 439.61 Mb, Memory Working Set Peak = 442.55 Mb
Memory Private Bytes Current = 623.03 Mb, Memory Private Bytes Peak = 627.44 Mb
Process Threads Number: 16
-----------------------------------------------------------------------
Algebra Pool      : mem_usage = 441.75 Mb, allocated count = 1577

================== Tstep=46 ===================
<Dynamic P> on nsd = 0 {openings (inlet / outlet)}:
  (SP = Static Pressure, EP = Environment Pressure, TP = Total Pressure, E = External)
  {#0, E, (3.810476e-02 / 2.734103e+04)}
  {#1, E, (4.708545e-02 / 2.734102e+04)}
  {#2, E, (0.000000e+00 / 2.710654e+04)}
  {#3, E, (2.733222e+04 / 0.000000e+00)}
  {#4, E, (4.796262e-03 / 2.734035e+04)}
  {#5, E, (1.139696e-02 / 2.734065e+04)}
  MWS[  0]=7.02067
tau_viscous_averaged = 71.4891 
dt(mass,momentum; nsd=  0): min dt/dtG(ncv=  21071)=0.99 , max dt/dtG(ncv=  20168)=7.6    , dtG=0.00097263
Flow alg-view 0 in phys-view 0 isn't Neumann (not Multi Phase treating)
Face Momentum (sd=  0): max value of div(mf) (cv=25149) = 1.877122e-04
Flow alg-view 0 is not Neumann (not for Phase Change + Nested Iters)
+----+----+--------------+--------------+--------------+--------------+--------------+------+----+-+-+--+------+
|Name|view| Initial res  | Initial resL1| Target res   | Final res    | Final res L1 |Visits|Iter|R|F|CL|Status|
| BG |   0|  1.333911e-07|  1.439700e-02|  2.835754e-09|  1.393565e-09|  3.892745e-03|     4|  12|0|n|30|  OK  |
log10(resTarget_Lim / resTarget_Orig): 2.5 
Face Momentum (sd=  0): max value of div(mf) (cv=12297) = 3.290577e-06
	norm_L2 of div(momentum) = 3.734591e-05.
Flow alg-view 0 in phys-view 0 isn't Neumann (not Multi Phase treating)
LOG: number of a-faces with weighted approximations in 0 subdomain: 8.74344 percent
LOG: Rate of a-faces corrected to CUp1st in 0 subdomain: 0.164976 %
slv : SolveBL stage
|nsd|Real WF|NormalF|Cycle F|CriticF| EdgeF |CyclBrF|ExtParF|RWFnumSt|StLvlNum|  nfw  |  alp_U_min  |  nfw  |  alp_U_max  |  nfw  |  alp_T_min  |  nfw  |  alp_T_max  |  nfw  |  BL_s_min   |  nfw  |   BL_s_max  |
|  0|   2054|   1826|     12|     12|    203|      1|      0|    2042|      65|   3991|0            |  12947|19.5896      |   3978|0            |   4067|20010.7      |  12935|-22230.8     |   3978|0            |
Face Momentum (sd=  0): max value of div(mf) (cv=12297) = 3.290577e-06
	norm_L2 of div(momentum) = 3.734591e-05.
nsd = 0 BC: AP Inlet occurs on 2825 w-faces
+----+----+----+--------------+--------------+--------------+--------------+--------------+------+----+-+-+--+------+
|Name|view| n_y| Initial res  | Initial resL1| Target res   | Final res    | Final res L1 |Visits|Iter|R|F|CL|Status|
+----+----+----+--------------+--------------+--------------+--------------+--------------+------+----+-+-+--+------+
| 3M |   0|   0|  2.738725e+01|  4.127030e+02|  5.135109e-03|  4.822448e-04|  2.007541e-01|     2|   6|0|n|29|  OK  |
Velocity (predicted):
        (local) sd   0: min(  20168)=3.9599370775802      , max(  66536)=213.87784097072      
Flow alg-view 0 is not Neumann (not for Phase Change + Nested Iters)
+----+----+--------------+--------------+--------------+--------------+--------------+------+----+-+-+--+------+
|Name|view| Initial res  | Initial resL1| Target res   | Final res    | Final res L1 |Visits|Iter|R|F|CL|Status|
|DVGR|   0|  4.003818e-03|  3.175864e+00|  2.502386e-07|  3.842129e-08|  1.287776e-02|     4|  12|0|n|30|  OK  |
Filter(LC, geom_index=  0): isolating pressure from zero=4 (in AUSM_cvs=0)
PRESSURE SOLVER(geom_index=  0): sum_C_dp=-4.86036e-05
Face Momentum (sd=  0): max value of div(mf) (cv=19958) = 2.536609e-05
	norm_L2 of div(momentum) = 1.997367e-04.
nsd = 0 min_dtHy = 0.00095825 (nCV =	21071 ) max_dtHy = 0.00740622 (nCV =	20168 ) 
+----+----+--------------+--------------+--------------+--------------+--------------+------+----+-+-+--+------+
|Name|view| Initial res  | Initial resL1| Target res   | Final res    | Final res L1 |Visits|Iter|R|F|CL|Status|
|CHT |   0|  5.080928e+02|  5.871036e+02|  3.175580e-02|  4.322140e-04|  5.827265e-01|     2|  18|0|n|30|  OK  |
nsd = 0 min_dtke = 0.000146355 (nCV =	20159 ) max_dtke = 0.00194616 (nCV =	77934 ) 
+----+----+----+--------------+--------------+--------------+--------------+--------------+------+----+-+-+--+------+
|Name|view| n_y| Initial res  | Initial resL1| Target res   | Final res    | Final res L1 |Visits|Iter|R|F|CL|Status|
+----+----+----+--------------+--------------+--------------+--------------+--------------+------+----+-+-+--+------+
|turb|   0|   0|  1.858940e+02|  2.654642e+02|  1.052308e-04|  4.487609e-05|  1.658946e-01|     7|  42|0|n|30|  OK  |
|turb|   0|   1|  2.640941e+08|  1.894549e+05|  2.404291e-01|  3.339565e-02|  4.836102e+00|     9|  54|0|n|30|  OK  |
Filter: K,E,momentum: sd =   0 isolating K from zero=      0 E from zero=    323 E from infinity=      0
slv : Fluid subdom(new) 0
slv : P static (new)                 : min(  20038) = 92441.226749385      , max(  21384) = 286598.32730902      
slv : Density (new)                  : min(  20038) = 1.0381823822324      , max(  21384) = 3.2108940271775      
slv : Velocity (new)                 : min(  20164) = 3.0551410616925      , max(  66536) = 213.89052850108      
slv : Mach number (new)              : min(  20164) = 0.0086099968316623   , max(  66536) = 0.62546412928442     
slv : Turbulent k (new)              : min(   2848) = 0.047879417813923    , max(  20159) = 1454.4970683719      
slv : Turbulent e (new)              : min(  40867) = 0.42754316209509     , max(  20159) = 1913403.6405633      
slv : Temperature (new)              : min(  66536) = 291.14696918427      , max(  21529) = 313.93058395266      
slv : Total enthalpy, Y-shifted (new): min(  20156) = 19930.825883509      , max(  21357) = 21605.709090285      
slv : MASS FLUXES AT OPENINGS: MF=-314.857, AP=314.857
slv : DvGr statistics: min alpha=0.0757099(nfa=208855, geom_slice=0)
slv : +----------------------------------+------------+-------+------------+------------+
slv : |          Collector name          | Total Time | Count |  Avg Time  |  Max Time  |
slv : +----------------------------------+------------+-------+------------+------------+
slv : | Calculate_inc                    |      21.075|     46|       0.458|       0.652|
slv : | CollectEMT_Results               |       0.000|     47|       0.000|       0.000|
slv : | HeatPathCalculator_Dynamic       |       0.021|      1|       0.021|       0.021|
slv : | LiSy_make_portrait               |       0.520|    211|       0.002|       0.017|
slv : | Results_processing               |       2.445|     46|       0.053|       0.067|
slv : | build_sl_ordering_CHT            |       0.016|     47|       0.000|       0.006|
slv : | build_sl_ordering_MDS            |       0.115|     47|       0.002|       0.019|
slv : | build_sl_ordering_fluid          |       0.114|     47|       0.002|       0.019|
slv : | calc_Convolutions_MDS            |       0.641|     47|       0.014|       0.027|
slv : | calc_wall_dist                   |       0.372|      1|       0.372|       0.372|
slv : | create_Gr_operators_MDS          |       0.681|     47|       0.014|       0.027|
slv : | create_Gr_operators_portrait_MDS |       0.348|     47|       0.007|       0.012|
slv : | init_Hy_group_MDS                |       0.648|     47|       0.014|       0.019|
slv : | perform_stage_total              |      18.332|   1277|       0.014|       0.372|
slv : | precalc_at_start_MDS             |       0.666|      2|       0.333|       0.637|
slv : | solve_3M_MDS                     |       1.908|     47|       0.041|       0.069|
slv : | solve_3M_alg_MDS                 |       0.645|     47|       0.014|       0.041|
slv : | solve_BG_MDS                     |       1.570|     47|       0.033|       0.042|
slv : | solve_BG_alg_MDS                 |       1.095|     47|       0.023|       0.033|
slv : | solve_BL_MDS                     |       0.706|     47|       0.015|       0.019|
slv : | solve_CHT                        |       1.495|     47|       0.032|       0.080|
slv : | solve_CHT_MDS                    |       1.123|     47|       0.024|       0.073|
slv : | solve_CHT_alg_MDS                |       0.410|     47|       0.009|       0.056|
slv : | solve_DvGr_MDS                   |       4.682|     47|       0.100|       0.303|
slv : | solve_DvGr_alg_MDS               |       2.352|     47|       0.050|       0.255|
slv : | solve_INPR_MDS                   |       0.000|      1|       0.000|       0.000|
slv : | solve_PS+QJ                      |       0.000|      0|       0.000|       0.000|
slv : | solve_YLMA_MDS                   |       0.001|     47|       0.000|       0.000|
slv : | solve_YNOx_MDS                   |       0.000|     47|       0.000|       0.000|
slv : | solve_YTd_MDS                    |       0.001|     47|       0.000|       0.000|
slv : | solve_YTurb_MDS                  |       6.109|     47|       0.130|       0.155|
slv : | solve_YTurb_alg_MDS              |       3.301|     94|       0.035|       0.057|
slv : | update_BC_MDS                    |       0.000|     48|       0.000|       0.000|
slv : | update_Mf_after_DvGr             |       0.552|     47|       0.012|       0.023|
slv : | update_VelPressure_MDS           |       0.087|     47|       0.002|       0.003|
slv : +----------------------------------+------------+-------+------------+------------+
-----------------------------------------------------------------------
Memory Working Set Current = 439.37 Mb, Memory Working Set Peak = 442.55 Mb
Memory Private Bytes Current = 622.61 Mb, Memory Private Bytes Peak = 627.44 Mb
Process Threads Number: 16
-----------------------------------------------------------------------
Algebra Pool      : mem_usage = 441.75 Mb, allocated count = 1581

================== Tstep=47 ===================
<Dynamic P> on nsd = 0 {openings (inlet / outlet)}:
  (SP = Static Pressure, EP = Environment Pressure, TP = Total Pressure, E = External)
  {#0, E, (3.785964e-02 / 2.734103e+04)}
  {#1, E, (4.684094e-02 / 2.734101e+04)}
  {#2, E, (0.000000e+00 / 2.710530e+04)}
  {#3, E, (2.733225e+04 / 0.000000e+00)}
  {#4, E, (4.747372e-03 / 2.734035e+04)}
  {#5, E, (1.134690e-02 / 2.734065e+04)}
  MWS[  0]=7.02229
tau_viscous_averaged = 71.8925 
dt(mass,momentum; nsd=  0): min dt/dtG(ncv=  10382)=0.98 , max dt/dtG(ncv=  20168)=7.9    , dtG=0.000978167
Flow alg-view 0 in phys-view 0 isn't Neumann (not Multi Phase treating)
Face Momentum (sd=  0): max value of div(mf) (cv=12906) = 1.200817e-04
Flow alg-view 0 is not Neumann (not for Phase Change + Nested Iters)
+----+----+--------------+--------------+--------------+--------------+--------------+------+----+-+-+--+------+
|Name|view| Initial res  | Initial resL1| Target res   | Final res    | Final res L1 |Visits|Iter|R|F|CL|Status|
| BG |   0|  9.324746e-08|  1.427672e-02|  2.502386e-09|  1.035513e-09|  3.554042e-03|     4|  12|0|n|30|  OK  |
log10(resTarget_Lim / resTarget_Orig): 2.6 
Face Momentum (sd=  0): max value of div(mf) (cv=11158) = 2.035768e-06
	norm_L2 of div(momentum) = 3.219138e-05.
Flow alg-view 0 in phys-view 0 isn't Neumann (not Multi Phase treating)
LOG: number of a-faces with weighted approximations in 0 subdomain: 8.93221 percent
LOG: Rate of a-faces corrected to CUp1st in 0 subdomain: 0.166637 %
slv : SolveBL stage
|nsd|Real WF|NormalF|Cycle F|CriticF| EdgeF |CyclBrF|ExtParF|RWFnumSt|StLvlNum|  nfw  |  alp_U_min  |  nfw  |  alp_U_max  |  nfw  |  alp_T_min  |  nfw  |  alp_T_max  |  nfw  |  BL_s_min   |  nfw  |   BL_s_max  |
|  0|   2054|   1831|     10|     10|    203|      0|      0|    2044|      65|   3991|0            |  12947|19.5896      |   3978|0            |   4067|19929.9      |  12935|-22231.2     |   3978|0            |
Face Momentum (sd=  0): max value of div(mf) (cv=11158) = 2.035768e-06
	norm_L2 of div(momentum) = 3.219138e-05.
nsd = 0 BC: AP Inlet occurs on 2825 w-faces
+----+----+----+--------------+--------------+--------------+--------------+--------------+------+----+-+-+--+------+
|Name|view| n_y| Initial res  | Initial resL1| Target res   | Final res    | Final res L1 |Visits|Iter|R|F|CL|Status|
+----+----+----+--------------+--------------+--------------+--------------+--------------+------+----+-+-+--+------+
| 3M |   0|   0|  2.504224e+01|  3.955231e+02|  4.695420e-03|  4.158372e-04|  1.953013e-01|     2|   6|0|n|29|  OK  |
Velocity (predicted):
        (local) sd   0: min(  20164)=3.9329607520735      , max(  66536)=213.87515832392      
Flow alg-view 0 is not Neumann (not for Phase Change + Nested Iters)
+----+----+--------------+--------------+--------------+--------------+--------------+------+----+-+-+--+------+
|Name|view| Initial res  | Initial resL1| Target res   | Final res    | Final res L1 |Visits|Iter|R|F|CL|Status|
|DVGR|   0|  3.995701e-03|  3.196740e+00|  2.497313e-07|  2.367448e-07|  2.801410e-02|     3|   9|0|n|30|  OK  |
PRESSURE SOLVER(geom_index=  0): sum_C_dp=1.35282e-05
Face Momentum (sd=  0): max value of div(mf) (cv=19958) = 8.241252e-05
	norm_L2 of div(momentum) = 4.886842e-04.
nsd = 0 min_dtHy = 0.000957333 (nCV =	10382 ) max_dtHy = 0.00769994 (nCV =	20168 ) 
+----+----+--------------+--------------+--------------+--------------+--------------+------+----+-+-+--+------+
|Name|view| Initial res  | Initial resL1| Target res   | Final res    | Final res L1 |Visits|Iter|R|F|CL|Status|
|CHT |   0|  5.128107e+02|  5.938946e+02|  3.205067e-02|  2.519281e-04|  4.442228e-01|     2|  18|0|n|30|  OK  |
nsd = 0 min_dtke = 0.000147621 (nCV =	20159 ) max_dtke = 0.00194615 (nCV =	77934 ) 
+----+----+----+--------------+--------------+--------------+--------------+--------------+------+----+-+-+--+------+
|Name|view| n_y| Initial res  | Initial resL1| Target res   | Final res    | Final res L1 |Visits|Iter|R|F|CL|Status|
+----+----+----+--------------+--------------+--------------+--------------+--------------+------+----+-+-+--+------+
|turb|   0|   0|  1.802730e+02|  2.534676e+02|  1.053290e-04|  1.032013e-04|  2.742615e-01|     6|  36|0|n|30|  OK  |
|turb|   0|   1|  2.698405e+08|  1.865881e+05|  2.407656e-01|  1.289415e-01|  9.473263e+00|     8|  48|0|n|30|  OK  |
Filter: K,E,momentum: sd =   0 isolating K from zero=      0 E from zero=    328 E from infinity=      0
slv : Fluid subdom(new) 0
slv : P static (new)                 : min(  20038) = 92498.782943632      , max(  21165) = 280203.52905411      
slv : Density (new)                  : min(   9467) = 1.0387354345534      , max(  21165) = 3.1444830200972      
slv : Velocity (new)                 : min(  20168) = 4.1035504109356      , max(  66536) = 213.8903403394       
slv : Mach number (new)              : min(  20168) = 0.011564958482982    , max(  66536) = 0.62546353618218     
slv : Turbulent k (new)              : min(   2848) = 0.047399054547771    , max(  20159) = 1418.1233418447      
slv : Turbulent e (new)              : min(  40755) = 0.57145314313561     , max(  20159) = 1841130.3096682      
slv : Temperature (new)              : min(  66536) = 291.14700929393      , max(  20162) = 313.89858780084      
slv : Total enthalpy, Y-shifted (new): min(  20156) = 19928.783752349      , max(  21357) = 21629.077594064      
slv : MASS FLUXES AT OPENINGS: MF=-314.857, AP=314.857
slv : DvGr statistics: min alpha=0.0757098(nfa=208855, geom_slice=0)
slv : +----------------------------------+------------+-------+------------+------------+
slv : |          Collector name          | Total Time | Count |  Avg Time  |  Max Time  |
slv : +----------------------------------+------------+-------+------------+------------+
slv : | Calculate_inc                    |      21.527|     47|       0.458|       0.652|
slv : | CollectEMT_Results               |       0.000|     48|       0.000|       0.000|
slv : | HeatPathCalculator_Dynamic       |       0.021|      1|       0.021|       0.021|
slv : | LiSy_make_portrait               |       0.528|    215|       0.002|       0.017|
slv : | Results_processing               |       2.495|     47|       0.053|       0.067|
slv : | build_sl_ordering_CHT            |       0.016|     48|       0.000|       0.006|
slv : | build_sl_ordering_MDS            |       0.115|     48|       0.002|       0.019|
slv : | build_sl_ordering_fluid          |       0.114|     48|       0.002|       0.019|
slv : | calc_Convolutions_MDS            |       0.653|     48|       0.014|       0.027|
slv : | calc_wall_dist                   |       0.372|      1|       0.372|       0.372|
slv : | create_Gr_operators_MDS          |       0.695|     48|       0.014|       0.027|
slv : | create_Gr_operators_portrait_MDS |       0.355|     48|       0.007|       0.012|
slv : | init_Hy_group_MDS                |       0.662|     48|       0.014|       0.019|
slv : | perform_stage_total              |      18.685|   1304|       0.014|       0.372|
slv : | precalc_at_start_MDS             |       0.666|      2|       0.333|       0.637|
slv : | solve_3M_MDS                     |       1.955|     48|       0.041|       0.069|
slv : | solve_3M_alg_MDS                 |       0.667|     48|       0.014|       0.041|
slv : | solve_BG_MDS                     |       1.594|     48|       0.033|       0.042|
slv : | solve_BG_alg_MDS                 |       1.111|     48|       0.023|       0.033|
slv : | solve_BL_MDS                     |       0.721|     48|       0.015|       0.019|
slv : | solve_CHT                        |       1.536|     48|       0.032|       0.080|
slv : | solve_CHT_MDS                    |       1.157|     48|       0.024|       0.073|
slv : | solve_CHT_alg_MDS                |       0.431|     48|       0.009|       0.056|
slv : | solve_DvGr_MDS                   |       4.749|     48|       0.099|       0.303|
slv : | solve_DvGr_alg_MDS               |       2.372|     48|       0.049|       0.255|
slv : | solve_INPR_MDS                   |       0.000|      1|       0.000|       0.000|
slv : | solve_PS+QJ                      |       0.000|      0|       0.000|       0.000|
slv : | solve_YLMA_MDS                   |       0.001|     48|       0.000|       0.000|
slv : | solve_YNOx_MDS                   |       0.000|     48|       0.000|       0.000|
slv : | solve_YTd_MDS                    |       0.001|     48|       0.000|       0.000|
slv : | solve_YTurb_MDS                  |       6.248|     48|       0.130|       0.155|
slv : | solve_YTurb_alg_MDS              |       3.382|     96|       0.035|       0.057|
slv : | update_BC_MDS                    |       0.000|     49|       0.000|       0.000|
slv : | update_Mf_after_DvGr             |       0.563|     48|       0.012|       0.023|
slv : | update_VelPressure_MDS           |       0.089|     48|       0.002|       0.003|
slv : +----------------------------------+------------+-------+------------+------------+
-----------------------------------------------------------------------
Memory Working Set Current = 439.46 Mb, Memory Working Set Peak = 442.63 Mb
Memory Private Bytes Current = 622.72 Mb, Memory Private Bytes Peak = 627.73 Mb
Process Threads Number: 16
-----------------------------------------------------------------------
Algebra Pool      : mem_usage = 441.75 Mb, allocated count = 1574

================== Tstep=48 ===================
<Dynamic P> on nsd = 0 {openings (inlet / outlet)}:
  (SP = Static Pressure, EP = Environment Pressure, TP = Total Pressure, E = External)
  {#0, E, (3.766702e-02 / 2.734103e+04)}
  {#1, E, (4.638225e-02 / 2.734102e+04)}
  {#2, E, (0.000000e+00 / 2.710424e+04)}
  {#3, E, (2.733222e+04 / 0.000000e+00)}
  {#4, E, (4.755265e-03 / 2.734035e+04)}
  {#5, E, (1.123742e-02 / 2.734065e+04)}
  MWS[  0]=7.02358
tau_viscous_averaged = 72.1564 
dt(mass,momentum; nsd=  0): min dt/dtG(ncv=  21071)=0.97 , max dt/dtG(ncv=  20168)=7.9    , dtG=0.000987389
Flow alg-view 0 in phys-view 0 isn't Neumann (not Multi Phase treating)
Face Momentum (sd=  0): max value of div(mf) (cv=12943) = 1.922581e-04
Flow alg-view 0 is not Neumann (not for Phase Change + Nested Iters)
+----+----+--------------+--------------+--------------+--------------+--------------+------+----+-+-+--+------+
|Name|view| Initial res  | Initial resL1| Target res   | Final res    | Final res L1 |Visits|Iter|R|F|CL|Status|
| BG |   0|  3.241844e-07|  2.943179e-02|  2.497313e-09|  7.623400e-10|  3.063669e-03|     5|  15|0|n|30|  OK  |
log10(resTarget_Lim / resTarget_Orig): 2.1 
Face Momentum (sd=  0): max value of div(mf) (cv=11983) = 2.470915e-06
	norm_L2 of div(momentum) = 2.763496e-05.
Flow alg-view 0 in phys-view 0 isn't Neumann (not Multi Phase treating)
LOG: number of a-faces with weighted approximations in 0 subdomain: 8.75395 percent
LOG: Rate of a-faces corrected to CUp1st in 0 subdomain: 0.164176 %
slv : SolveBL stage
|nsd|Real WF|NormalF|Cycle F|CriticF| EdgeF |CyclBrF|ExtParF|RWFnumSt|StLvlNum|  nfw  |  alp_U_min  |  nfw  |  alp_U_max  |  nfw  |  alp_T_min  |  nfw  |  alp_T_max  |  nfw  |  BL_s_min   |  nfw  |   BL_s_max  |
|  0|   2054|   1829|     10|     10|    205|      0|      0|    2044|      65|   3991|0            |  12947|19.5896      |   3978|0            |   4043|20072.3      |  12935|-22231.5     |   3978|0            |
Face Momentum (sd=  0): max value of div(mf) (cv=11983) = 2.470915e-06
	norm_L2 of div(momentum) = 2.763496e-05.
nsd = 0 BC: AP Inlet occurs on 2815 w-faces
+----+----+----+--------------+--------------+--------------+--------------+--------------+------+----+-+-+--+------+
|Name|view| n_y| Initial res  | Initial resL1| Target res   | Final res    | Final res L1 |Visits|Iter|R|F|CL|Status|
+----+----+----+--------------+--------------+--------------+--------------+--------------+------+----+-+-+--+------+
| 3M |   0|   0|  2.280254e+01|  3.864083e+02|  4.275476e-03|  2.300666e-04|  1.711145e-01|     2|   6|0|n|29|  OK  |
Velocity (predicted):
        (local) sd   0: min(  20141)=4.4157814602209      , max(  66536)=213.87129492011      
Flow alg-view 0 is not Neumann (not for Phase Change + Nested Iters)
+----+----+--------------+--------------+--------------+--------------+--------------+------+----+-+-+--+------+
|Name|view| Initial res  | Initial resL1| Target res   | Final res    | Final res L1 |Visits|Iter|R|F|CL|Status|
|DVGR|   0|  3.295960e-03|  3.114492e+00|  2.059975e-07|  2.729753e-08|  1.128738e-02|     4|  12|0|n|30|  OK  |
PRESSURE SOLVER(geom_index=  0): sum_C_dp=1.78536e-05
Face Momentum (sd=  0): max value of div(mf) (cv=19958) = 1.866301e-05
	norm_L2 of div(momentum) = 1.677561e-04.
nsd = 0 min_dtHy = 0.000957909 (nCV =	21071 ) max_dtHy = 0.00780004 (nCV =	20168 ) 
+----+----+--------------+--------------+--------------+--------------+--------------+------+----+-+-+--+------+
|Name|view| Initial res  | Initial resL1| Target res   | Final res    | Final res L1 |Visits|Iter|R|F|CL|Status|
|CHT |   0|  4.972026e+02|  5.773325e+02|  3.107516e-02|  2.234712e-04|  4.070392e-01|     2|  18|0|n|30|  OK  |
nsd = 0 min_dtke = 0.000149584 (nCV =	20159 ) max_dtke = 0.0019461 (nCV =	77934 ) 
+----+----+----+--------------+--------------+--------------+--------------+--------------+------+----+-+-+--+------+
|Name|view| n_y| Initial res  | Initial resL1| Target res   | Final res    | Final res L1 |Visits|Iter|R|F|CL|Status|
+----+----+----+--------------+--------------+--------------+--------------+--------------+------+----+-+-+--+------+
|turb|   0|   0|  1.717084e+02|  2.414752e+02|  1.054072e-04|  7.015091e-05|  2.363005e-01|     6|  36|0|n|30|  OK  |
|turb|   0|   1|  2.641160e+08|  1.836032e+05|  2.410335e-01|  1.250632e-01|  8.697469e+00|     8|  48|0|n|30|  OK  |
Filter: K,E,momentum: sd =   0 isolating K from zero=      0 E from zero=    324 E from infinity=      0
slv : Fluid subdom(new) 0
slv : P static (new)                 : min(  20038) = 92540.750270394      , max(  21165) = 275916.24964466      
slv : Density (new)                  : min(  20038) = 1.0391236868105      , max(  21165) = 3.1000673332971      
slv : Velocity (new)                 : min(  20164) = 4.4321345378478      , max(  66536) = 213.8837584831       
slv : Mach number (new)              : min(  20164) = 0.012490955461863    , max(  66536) = 0.62544279397998     
slv : Turbulent k (new)              : min(   2848) = 0.047787450951968    , max(  20159) = 1381.3186717541      
slv : Turbulent e (new)              : min(  21490) = 0.6083388240028      , max(  20159) = 1766773.4961536      
slv : Temperature (new)              : min(  66536) = 291.14840826366      , max(  20162) = 313.89995274124      
slv : Total enthalpy, Y-shifted (new): min(  20129) = 19919.084780604      , max(  21357) = 21662.873682148      
slv : MASS FLUXES AT OPENINGS: MF=-314.857, AP=314.857
slv : DvGr statistics: min alpha=0.0757104(nfa=208855, geom_slice=0)
slv : +----------------------------------+------------+-------+------------+------------+
slv : |          Collector name          | Total Time | Count |  Avg Time  |  Max Time  |
slv : +----------------------------------+------------+-------+------------+------------+
slv : | Calculate_inc                    |      21.964|     48|       0.458|       0.652|
slv : | CollectEMT_Results               |       0.000|     49|       0.000|       0.000|
slv : | HeatPathCalculator_Dynamic       |       0.021|      1|       0.021|       0.021|
slv : | LiSy_make_portrait               |       0.537|    219|       0.002|       0.017|
slv : | Results_processing               |       2.547|     48|       0.053|       0.067|
slv : | build_sl_ordering_CHT            |       0.016|     49|       0.000|       0.006|
slv : | build_sl_ordering_MDS            |       0.115|     49|       0.002|       0.019|
slv : | build_sl_ordering_fluid          |       0.114|     49|       0.002|       0.019|
slv : | calc_Convolutions_MDS            |       0.666|     49|       0.014|       0.027|
slv : | calc_wall_dist                   |       0.372|      1|       0.372|       0.372|
slv : | create_Gr_operators_MDS          |       0.709|     49|       0.014|       0.027|
slv : | create_Gr_operators_portrait_MDS |       0.361|     49|       0.007|       0.012|
slv : | init_Hy_group_MDS                |       0.676|     49|       0.014|       0.019|
slv : | perform_stage_total              |      19.047|   1331|       0.014|       0.372|
slv : | precalc_at_start_MDS             |       0.666|      2|       0.333|       0.637|
slv : | solve_3M_MDS                     |       2.002|     49|       0.041|       0.069|
slv : | solve_3M_alg_MDS                 |       0.688|     49|       0.014|       0.041|
slv : | solve_BG_MDS                     |       1.623|     49|       0.033|       0.042|
slv : | solve_BG_alg_MDS                 |       1.129|     49|       0.023|       0.033|
slv : | solve_BL_MDS                     |       0.736|     49|       0.015|       0.019|
slv : | solve_CHT                        |       1.580|     49|       0.032|       0.080|
slv : | solve_CHT_MDS                    |       1.194|     49|       0.024|       0.073|
slv : | solve_CHT_alg_MDS                |       0.452|     49|       0.009|       0.056|
slv : | solve_DvGr_MDS                   |       4.819|     49|       0.098|       0.303|
slv : | solve_DvGr_alg_MDS               |       2.396|     49|       0.049|       0.255|
slv : | solve_INPR_MDS                   |       0.000|      1|       0.000|       0.000|
slv : | solve_PS+QJ                      |       0.000|      0|       0.000|       0.000|
slv : | solve_YLMA_MDS                   |       0.001|     49|       0.000|       0.000|
slv : | solve_YNOx_MDS                   |       0.000|     49|       0.000|       0.000|
slv : | solve_YTd_MDS                    |       0.001|     49|       0.000|       0.000|
slv : | solve_YTurb_MDS                  |       6.393|     49|       0.130|       0.155|
slv : | solve_YTurb_alg_MDS              |       3.464|     98|       0.035|       0.057|
slv : | update_BC_MDS                    |       0.000|     50|       0.000|       0.000|
slv : | update_Mf_after_DvGr             |       0.574|     49|       0.012|       0.023|
slv : | update_VelPressure_MDS           |       0.091|     49|       0.002|       0.003|
slv : +----------------------------------+------------+-------+------------+------------+
-----------------------------------------------------------------------
Memory Working Set Current = 441.58 Mb, Memory Working Set Peak = 442.63 Mb
Memory Private Bytes Current = 625.10 Mb, Memory Private Bytes Peak = 627.73 Mb
Process Threads Number: 16
-----------------------------------------------------------------------
Algebra Pool      : mem_usage = 441.75 Mb, allocated count = 1584

================== Tstep=49 ===================
<Dynamic P> on nsd = 0 {openings (inlet / outlet)}:
  (SP = Static Pressure, EP = Environment Pressure, TP = Total Pressure, E = External)
  {#0, E, (3.742799e-02 / 2.734102e+04)}
  {#1, E, (4.597859e-02 / 2.734101e+04)}
  {#2, E, (0.000000e+00 / 2.710333e+04)}
  {#3, E, (2.733225e+04 / 0.000000e+00)}
  {#4, E, (4.737023e-03 / 2.734035e+04)}
  {#5, E, (1.111367e-02 / 2.734066e+04)}
  MWS[  0]=7.02446
tau_viscous_averaged = 72.3604 
dt(mass,momentum; nsd=  0): min dt/dtG(ncv=  10382)=0.96 , max dt/dtG(ncv=  20186)=7.9    , dtG=0.00100014
Flow alg-view 0 in phys-view 0 isn't Neumann (not Multi Phase treating)
Face Momentum (sd=  0): max value of div(mf) (cv=9556) = 2.021872e-04
Flow alg-view 0 is not Neumann (not for Phase Change + Nested Iters)
+----+----+--------------+--------------+--------------+--------------+--------------+------+----+-+-+--+------+
|Name|view| Initial res  | Initial resL1| Target res   | Final res    | Final res L1 |Visits|Iter|R|F|CL|Status|
| BG |   0|  1.376891e-07|  1.271141e-02|  2.059975e-09|  8.550307e-10|  3.110593e-03|     4|  12|0|n|30|  OK  |
log10(resTarget_Lim / resTarget_Orig): 2.4 
Face Momentum (sd=  0): max value of div(mf) (cv=12044) = 3.367082e-06
	norm_L2 of div(momentum) = 2.924732e-05.
Flow alg-view 0 in phys-view 0 isn't Neumann (not Multi Phase treating)
LOG: number of a-faces with weighted approximations in 0 subdomain: 8.86326 percent
LOG: Rate of a-faces corrected to CUp1st in 0 subdomain: 0.167413 %
slv : SolveBL stage
|nsd|Real WF|NormalF|Cycle F|CriticF| EdgeF |CyclBrF|ExtParF|RWFnumSt|StLvlNum|  nfw  |  alp_U_min  |  nfw  |  alp_U_max  |  nfw  |  alp_T_min  |  nfw  |  alp_T_max  |  nfw  |  BL_s_min   |  nfw  |   BL_s_max  |
|  0|   2054|   1829|     10|     10|    205|      0|      0|    2044|      66|   3991|0            |  12947|19.5895      |   3979|0            |   4043|20083.6      |  12935|-22231.8     |   3979|0            |
Face Momentum (sd=  0): max value of div(mf) (cv=12044) = 3.367082e-06
	norm_L2 of div(momentum) = 2.924732e-05.
nsd = 0 BC: AP Inlet occurs on 2814 w-faces
+----+----+----+--------------+--------------+--------------+--------------+--------------+------+----+-+-+--+------+
|Name|view| n_y| Initial res  | Initial resL1| Target res   | Final res    | Final res L1 |Visits|Iter|R|F|CL|Status|
+----+----+----+--------------+--------------+--------------+--------------+--------------+------+----+-+-+--+------+
| 3M |   0|   0|  2.009920e+01|  3.747269e+02|  3.768601e-03|  1.209575e-04|  1.498929e-01|     2|   6|0|n|29|  OK  |
Velocity (predicted):
        (local) sd   0: min(  20141)=4.5881682428598      , max(  66536)=213.86937906207      
Flow alg-view 0 is not Neumann (not for Phase Change + Nested Iters)
+----+----+--------------+--------------+--------------+--------------+--------------+------+----+-+-+--+------+
|Name|view| Initial res  | Initial resL1| Target res   | Final res    | Final res L1 |Visits|Iter|R|F|CL|Status|
|DVGR|   0|  3.510804e-03|  3.162577e+00|  2.194253e-07|  1.700103e-07|  2.525940e-02|     3|   9|0|n|30|  OK  |
PRESSURE SOLVER(geom_index=  0): sum_C_dp=4.84629e-05
Face Momentum (sd=  0): max value of div(mf) (cv=19960) = 6.452589e-05
	norm_L2 of div(momentum) = 4.141828e-04.
nsd = 0 min_dtHy = 0.000957183 (nCV =	10382 ) max_dtHy = 0.0079213 (nCV =	20186 ) 
+----+----+--------------+--------------+--------------+--------------+--------------+------+----+-+-+--+------+
|Name|view| Initial res  | Initial resL1| Target res   | Final res    | Final res L1 |Visits|Iter|R|F|CL|Status|
|CHT |   0|  4.824161e+02|  5.693860e+02|  3.015101e-02|  1.105789e-04|  2.864784e-01|     2|  18|0|n|30|  OK  |
nsd = 0 min_dtke = 0.000151328 (nCV =	20159 ) max_dtke = 0.00194607 (nCV =	77934 ) 
+----+----+----+--------------+--------------+--------------+--------------+--------------+------+----+-+-+--+------+
|Name|view| n_y| Initial res  | Initial resL1| Target res   | Final res    | Final res L1 |Visits|Iter|R|F|CL|Status|
+----+----+----+--------------+--------------+--------------+--------------+--------------+------+----+-+-+--+------+
|turb|   0|   0|  1.507040e+02|  2.253996e+02|  1.054611e-04|  4.115432e-05|  1.954555e-01|     6|  36|0|n|30|  OK  |
|turb|   0|   1|  2.146067e+08|  1.727443e+05|  2.412178e-01|  6.844942e-02|  7.148065e+00|     8|  48|0|n|30|  OK  |
Filter: K,E,momentum: sd =   0 isolating K from zero=      0 E from zero=    321 E from infinity=      0
slv : Fluid subdom(new) 0
slv : P static (new)                 : min(  20038) = 92588.606541226      , max(  21165) = 269919.77386464      
slv : Density (new)                  : min(  20038) = 1.0397150781351      , max(  21165) = 3.0358083144072      
slv : Velocity (new)                 : min(  20141) = 4.3987838589852      , max(  66536) = 213.8873715387       
slv : Mach number (new)              : min(  20141) = 0.012396586286634    , max(  66536) = 0.62545417891861     
slv : Turbulent k (new)              : min(   2848) = 0.047867460256019    , max(  20159) = 1377.624595829       
slv : Turbulent e (new)              : min(  10369) = 0.24261596459884     , max(  20159) = 1755783.3143015      
slv : Temperature (new)              : min(  66536) = 291.14764153543      , max(  20162) = 313.89974384127      
slv : Total enthalpy, Y-shifted (new): min(  20136) = 19925.876067093      , max(  21351) = 21694.168933657      
slv : MASS FLUXES AT OPENINGS: MF=-314.857, AP=314.857
slv : DvGr statistics: min alpha=0.0757101(nfa=208855, geom_slice=0)
slv : +----------------------------------+------------+-------+------------+------------+
slv : |          Collector name          | Total Time | Count |  Avg Time  |  Max Time  |
slv : +----------------------------------+------------+-------+------------+------------+
slv : | Calculate_inc                    |      22.414|     49|       0.457|       0.652|
slv : | CollectEMT_Results               |       0.000|     50|       0.000|       0.000|
slv : | HeatPathCalculator_Dynamic       |       0.021|      1|       0.021|       0.021|
slv : | LiSy_make_portrait               |       0.546|    223|       0.002|       0.017|
slv : | Results_processing               |       2.598|     49|       0.053|       0.067|
slv : | build_sl_ordering_CHT            |       0.016|     50|       0.000|       0.006|
slv : | build_sl_ordering_MDS            |       0.116|     50|       0.002|       0.019|
slv : | build_sl_ordering_fluid          |       0.114|     50|       0.002|       0.019|
slv : | calc_Convolutions_MDS            |       0.681|     50|       0.014|       0.027|
slv : | calc_wall_dist                   |       0.372|      1|       0.372|       0.372|
slv : | create_Gr_operators_MDS          |       0.727|     50|       0.015|       0.027|
slv : | create_Gr_operators_portrait_MDS |       0.369|     50|       0.007|       0.012|
slv : | init_Hy_group_MDS                |       0.690|     50|       0.014|       0.019|
slv : | perform_stage_total              |      19.406|   1358|       0.014|       0.372|
slv : | precalc_at_start_MDS             |       0.666|      2|       0.333|       0.637|
slv : | solve_3M_MDS                     |       2.048|     50|       0.041|       0.069|
slv : | solve_3M_alg_MDS                 |       0.708|     50|       0.014|       0.041|
slv : | solve_BG_MDS                     |       1.647|     50|       0.033|       0.042|
slv : | solve_BG_alg_MDS                 |       1.144|     50|       0.023|       0.033|
slv : | solve_BL_MDS                     |       0.751|     50|       0.015|       0.019|
slv : | solve_CHT                        |       1.622|     50|       0.032|       0.080|
slv : | solve_CHT_MDS                    |       1.228|     50|       0.025|       0.073|
slv : | solve_CHT_alg_MDS                |       0.473|     50|       0.009|       0.056|
slv : | solve_DvGr_MDS                   |       4.886|     50|       0.098|       0.303|
slv : | solve_DvGr_alg_MDS               |       2.416|     50|       0.048|       0.255|
slv : | solve_INPR_MDS                   |       0.000|      1|       0.000|       0.000|
slv : | solve_PS+QJ                      |       0.000|      0|       0.000|       0.000|
slv : | solve_YLMA_MDS                   |       0.001|     50|       0.000|       0.000|
slv : | solve_YNOx_MDS                   |       0.000|     50|       0.000|       0.000|
slv : | solve_YTd_MDS                    |       0.001|     50|       0.000|       0.000|
slv : | solve_YTurb_MDS                  |       6.535|     50|       0.131|       0.155|
slv : | solve_YTurb_alg_MDS              |       3.545|    100|       0.035|       0.057|
slv : | update_BC_MDS                    |       0.000|     51|       0.000|       0.000|
slv : | update_Mf_after_DvGr             |       0.586|     50|       0.012|       0.023|
slv : | update_VelPressure_MDS           |       0.092|     50|       0.002|       0.003|
slv : +----------------------------------+------------+-------+------------+------------+
Interpolator cache: total calls 6974, optimised calls 2679 (38.4 %)
-----------------------------------------------------------------------
Memory Working Set Current = 440.68 Mb, Memory Working Set Peak = 442.84 Mb
Memory Private Bytes Current = 625.06 Mb, Memory Private Bytes Peak = 627.73 Mb
Process Threads Number: 16
-----------------------------------------------------------------------
Iteration : time = 2.53601 , count = 5 , time/count = 0.507203
Calculate_inc() : time = 2.24376 , count = 5 , time/count = 0.448752
TreatFlowEvolution() : time = 0.249217 , count = 5 , time/count = 0.0498434
SolverPreview : time = 0 , count = 5 , time/count = 0
TreatGoals : time = 0.24492 , count = 5 , time/count = 0.048984
Algebra Pool      : mem_usage = 441.75 Mb, allocated count = 1578

================== Tstep=50 ===================
<Dynamic P> on nsd = 0 {openings (inlet / outlet)}:
  (SP = Static Pressure, EP = Environment Pressure, TP = Total Pressure, E = External)
  {#0, E, (3.738681e-02 / 2.734103e+04)}
  {#1, E, (4.573091e-02 / 2.734103e+04)}
  {#2, E, (0.000000e+00 / 2.710257e+04)}
  {#3, E, (2.733222e+04 / 0.000000e+00)}
  {#4, E, (4.680874e-03 / 2.734035e+04)}
  {#5, E, (1.106116e-02 / 2.734066e+04)}
  MWS[  0]=7.0266
tau_viscous_averaged = 72.4774 
dt(mass,momentum; nsd=  0): min dt/dtG(ncv=  21071)=0.96 , max dt/dtG(ncv=  20186)=8.1    , dtG=0.00100125
Flow alg-view 0 in phys-view 0 isn't Neumann (not Multi Phase treating)
Face Momentum (sd=  0): max value of div(mf) (cv=9528) = 8.275867e-05
Flow alg-view 0 is not Neumann (not for Phase Change + Nested Iters)
+----+----+--------------+--------------+--------------+--------------+--------------+------+----+-+-+--+------+
|Name|view| Initial res  | Initial resL1| Target res   | Final res    | Final res L1 |Visits|Iter|R|F|CL|Status|
| BG |   0|  1.993848e-07|  2.613379e-02|  2.194253e-09|  1.517867e-09|  4.586804e-03|     4|  12|0|n|30|  OK  |
log10(resTarget_Lim / resTarget_Orig): 2.2 
Face Momentum (sd=  0): max value of div(mf) (cv=3957) = 3.564585e-06
	norm_L2 of div(momentum) = 3.898250e-05.
Flow alg-view 0 in phys-view 0 isn't Neumann (not Multi Phase treating)
LOG: number of a-faces with weighted approximations in 0 subdomain: 8.72536 percent
LOG: Rate of a-faces corrected to CUp1st in 0 subdomain: 0.168369 %
slv : SolveBL stage
|nsd|Real WF|NormalF|Cycle F|CriticF| EdgeF |CyclBrF|ExtParF|RWFnumSt|StLvlNum|  nfw  |  alp_U_min  |  nfw  |  alp_U_max  |  nfw  |  alp_T_min  |  nfw  |  alp_T_max  |  nfw  |  BL_s_min   |  nfw  |   BL_s_max  |
|  0|   2054|   1828|     10|     10|    206|      0|      0|    2044|      66|   3991|0            |  12947|19.5895      |   3979|0            |   4043|20079.6      |  12935|-22232       |   3979|0            |
Face Momentum (sd=  0): max value of div(mf) (cv=3957) = 3.564585e-06
	norm_L2 of div(momentum) = 3.898250e-05.
nsd = 0 BC: AP Inlet occurs on 2815 w-faces
+----+----+----+--------------+--------------+--------------+--------------+--------------+------+----+-+-+--+------+
|Name|view| n_y| Initial res  | Initial resL1| Target res   | Final res    | Final res L1 |Visits|Iter|R|F|CL|Status|
+----+----+----+--------------+--------------+--------------+--------------+--------------+------+----+-+-+--+------+
| 3M |   0|   0|  1.974640e+01|  3.679248e+02|  3.702450e-03|  2.870655e-04|  1.757248e-01|     2|   6|0|n|29|  OK  |
Velocity (predicted):
        (local) sd   0: min(  20141)=4.2696595566324      , max(  66536)=213.86622153412      
Flow alg-view 0 is not Neumann (not for Phase Change + Nested Iters)
+----+----+--------------+--------------+--------------+--------------+--------------+------+----+-+-+--+------+
|Name|view| Initial res  | Initial resL1| Target res   | Final res    | Final res L1 |Visits|Iter|R|F|CL|Status|
|DVGR|   0|  3.011399e-03|  3.110576e+00|  1.882125e-07|  1.599627e-07|  2.431846e-02|     3|   9|0|n|30|  OK  |
PRESSURE SOLVER(geom_index=  0): sum_C_dp=1.85082e-05
Face Momentum (sd=  0): max value of div(mf) (cv=20015) = 6.047570e-05
	norm_L2 of div(momentum) = 4.015360e-04.
nsd = 0 min_dtHy = 0.000957949 (nCV =	21071 ) max_dtHy = 0.00814341 (nCV =	20186 ) 
+----+----+--------------+--------------+--------------+--------------+--------------+------+----+-+-+--+------+
|Name|view| Initial res  | Initial resL1| Target res   | Final res    | Final res L1 |Visits|Iter|R|F|CL|Status|
|CHT |   0|  5.109301e+02|  5.771747e+02|  3.193313e-02|  8.856554e-05|  2.512283e-01|     2|  18|0|n|30|  OK  |
nsd = 0 min_dtke = 0.000151724 (nCV =	20159 ) max_dtke = 0.00194604 (nCV =	77934 ) 
+----+----+----+--------------+--------------+--------------+--------------+--------------+------+----+-+-+--+------+
|Name|view| n_y| Initial res  | Initial resL1| Target res   | Final res    | Final res L1 |Visits|Iter|R|F|CL|Status|
+----+----+----+--------------+--------------+--------------+--------------+--------------+------+----+-+-+--+------+
|turb|   0|   0|  1.427027e+02|  2.136144e+02|  1.055888e-04|  3.297235e-05|  1.776295e-01|     6|  36|0|n|30|  OK  |
|turb|   0|   1|  2.086900e+08|  1.671894e+05|  2.416574e-01|  7.557417e-02|  7.268373e+00|     8|  48|0|n|30|  OK  |
Filter: K,E,momentum: sd =   0 isolating K from zero=      0 E from zero=    323 E from infinity=      0
slv : Fluid subdom(new) 0
slv : P static (new)                 : min(  20038) = 92623.865495504      , max(  21384) = 266563.27384924      
slv : Density (new)                  : min(  20038) = 1.0400646572572      , max(  21384) = 3.0010954007919      
slv : Velocity (new)                 : min(  20141) = 4.254044633274       , max(  66536) = 213.88399901784      
slv : Mach number (new)              : min(  20141) = 0.011988743133653    , max(  66536) = 0.62544355057893     
slv : Turbulent k (new)              : min(      0) = 0.047885580672414    , max(  20159) = 1382.764083061       
slv : Turbulent e (new)              : min(  24650) = 0.60114509183479     , max(  20159) = 1764090.7624709      
slv : Temperature (new)              : min(  66536) = 291.1483584718       , max(  20162) = 313.89912472014      
slv : Total enthalpy, Y-shifted (new): min(  20136) = 19918.576845626      , max(  21351) = 21739.020250542      
slv : MASS FLUXES AT OPENINGS: MF=-314.857, AP=314.857
slv : DvGr statistics: min alpha=0.0757104(nfa=208855, geom_slice=0)
slv : +----------------------------------+------------+-------+------------+------------+
slv : |          Collector name          | Total Time | Count |  Avg Time  |  Max Time  |
slv : +----------------------------------+------------+-------+------------+------------+
slv : | Calculate_inc                    |      22.859|     50|       0.457|       0.652|
slv : | CollectEMT_Results               |       0.000|     51|       0.000|       0.000|
slv : | HeatPathCalculator_Dynamic       |       0.021|      1|       0.021|       0.021|
slv : | LiSy_make_portrait               |       0.556|    227|       0.002|       0.017|
slv : | Results_processing               |       2.650|     50|       0.053|       0.067|
slv : | build_sl_ordering_CHT            |       0.016|     51|       0.000|       0.006|
slv : | build_sl_ordering_MDS            |       0.116|     51|       0.002|       0.019|
slv : | build_sl_ordering_fluid          |       0.115|     51|       0.002|       0.019|
slv : | calc_Convolutions_MDS            |       0.694|     51|       0.014|       0.027|
slv : | calc_wall_dist                   |       0.372|      1|       0.372|       0.372|
slv : | create_Gr_operators_MDS          |       0.740|     51|       0.015|       0.027|
slv : | create_Gr_operators_portrait_MDS |       0.379|     51|       0.007|       0.012|
slv : | init_Hy_group_MDS                |       0.703|     51|       0.014|       0.019|
slv : | perform_stage_total              |      19.762|   1385|       0.014|       0.372|
slv : | precalc_at_start_MDS             |       0.666|      2|       0.333|       0.637|
slv : | solve_3M_MDS                     |       2.095|     51|       0.041|       0.069|
slv : | solve_3M_alg_MDS                 |       0.729|     51|       0.014|       0.041|
slv : | solve_BG_MDS                     |       1.670|     51|       0.033|       0.042|
slv : | solve_BG_alg_MDS                 |       1.159|     51|       0.023|       0.033|
slv : | solve_BL_MDS                     |       0.765|     51|       0.015|       0.019|
slv : | solve_CHT                        |       1.667|     51|       0.033|       0.080|
slv : | solve_CHT_MDS                    |       1.266|     51|       0.025|       0.073|
slv : | solve_CHT_alg_MDS                |       0.494|     51|       0.010|       0.056|
slv : | solve_DvGr_MDS                   |       4.953|     51|       0.097|       0.303|
slv : | solve_DvGr_alg_MDS               |       2.436|     51|       0.048|       0.255|
slv : | solve_INPR_MDS                   |       0.000|      1|       0.000|       0.000|
slv : | solve_PS+QJ                      |       0.000|      0|       0.000|       0.000|
slv : | solve_YLMA_MDS                   |       0.001|     51|       0.000|       0.000|
slv : | solve_YNOx_MDS                   |       0.000|     51|       0.000|       0.000|
slv : | solve_YTd_MDS                    |       0.001|     51|       0.000|       0.000|
slv : | solve_YTurb_MDS                  |       6.682|     51|       0.131|       0.155|
slv : | solve_YTurb_alg_MDS              |       3.627|    102|       0.036|       0.057|
slv : | update_BC_MDS                    |       0.000|     52|       0.000|       0.000|
slv : | update_Mf_after_DvGr             |       0.597|     51|       0.012|       0.023|
slv : | update_VelPressure_MDS           |       0.094|     51|       0.002|       0.003|
slv : +----------------------------------+------------+-------+------------+------------+
-----------------------------------------------------------------------
Memory Working Set Current = 439.86 Mb, Memory Working Set Peak = 442.84 Mb
Memory Private Bytes Current = 623.04 Mb, Memory Private Bytes Peak = 627.73 Mb
Process Threads Number: 16
-----------------------------------------------------------------------
Algebra Pool      : mem_usage = 441.75 Mb, allocated count = 1580

================== Tstep=51 ===================
<Dynamic P> on nsd = 0 {openings (inlet / outlet)}:
  (SP = Static Pressure, EP = Environment Pressure, TP = Total Pressure, E = External)
  {#0, E, (3.735634e-02 / 2.734103e+04)}
  {#1, E, (4.554078e-02 / 2.734102e+04)}
  {#2, E, (0.000000e+00 / 2.710189e+04)}
  {#3, E, (2.733225e+04 / 0.000000e+00)}
  {#4, E, (4.660620e-03 / 2.734035e+04)}
  {#5, E, (1.104293e-02 / 2.734067e+04)}
  MWS[  0]=7.02777
tau_viscous_averaged = 72.5794 
dt(mass,momentum; nsd=  0): min dt/dtG(ncv=  10382)=0.95 , max dt/dtG(ncv=  20186)=8.3    , dtG=0.00100262
Flow alg-view 0 in phys-view 0 isn't Neumann (not Multi Phase treating)
Face Momentum (sd=  0): max value of div(mf) (cv=23850) = 1.560999e-04
Flow alg-view 0 is not Neumann (not for Phase Change + Nested Iters)
+----+----+--------------+--------------+--------------+--------------+--------------+------+----+-+-+--+------+
|Name|view| Initial res  | Initial resL1| Target res   | Final res    | Final res L1 |Visits|Iter|R|F|CL|Status|
| BG |   0|  2.595157e-07|  2.578809e-02|  1.882125e-09|  5.524566e-10|  2.722698e-03|     5|  15|0|n|30|  OK  |
log10(resTarget_Lim / resTarget_Orig): 2.1 
Face Momentum (sd=  0): max value of div(mf) (cv=12010) = 2.006203e-06
	norm_L2 of div(momentum) = 2.352422e-05.
Flow alg-view 0 in phys-view 0 isn't Neumann (not Multi Phase treating)
LOG: number of a-faces with weighted approximations in 0 subdomain: 8.91455 percent
LOG: Rate of a-faces corrected to CUp1st in 0 subdomain: 0.168654 %
slv : SolveBL stage
|nsd|Real WF|NormalF|Cycle F|CriticF| EdgeF |CyclBrF|ExtParF|RWFnumSt|StLvlNum|  nfw  |  alp_U_min  |  nfw  |  alp_U_max  |  nfw  |  alp_T_min  |  nfw  |  alp_T_max  |  nfw  |  BL_s_min   |  nfw  |   BL_s_max  |
|  0|   2054|   1827|     10|     10|    207|      0|      0|    2044|      65|   4019|0            |  12947|19.5895      |   3978|0            |   4067|20007        |  12935|-22232.3     |   3978|0            |
Face Momentum (sd=  0): max value of div(mf) (cv=12010) = 2.006203e-06
	norm_L2 of div(momentum) = 2.352422e-05.
nsd = 0 BC: AP Inlet occurs on 2813 w-faces
+----+----+----+--------------+--------------+--------------+--------------+--------------+------+----+-+-+--+------+
|Name|view| n_y| Initial res  | Initial resL1| Target res   | Final res    | Final res L1 |Visits|Iter|R|F|CL|Status|
+----+----+----+--------------+--------------+--------------+--------------+--------------+------+----+-+-+--+------+
| 3M |   0|   0|  1.722820e+01|  3.574726e+02|  3.230288e-03|  9.751538e-05|  1.472397e-01|     2|   6|0|n|29|  OK  |
Velocity (predicted):
        (local) sd   0: min(  20141)=4.019334820607       , max(  66536)=213.86538232239      
Flow alg-view 0 is not Neumann (not for Phase Change + Nested Iters)
+----+----+--------------+--------------+--------------+--------------+--------------+------+----+-+-+--+------+
|Name|view| Initial res  | Initial resL1| Target res   | Final res    | Final res L1 |Visits|Iter|R|F|CL|Status|
|DVGR|   0|  3.008615e-03|  3.105422e+00|  1.880384e-07|  1.233125e-07|  2.341585e-02|     3|   9|0|n|30|  OK  |
PRESSURE SOLVER(geom_index=  0): sum_C_dp=4.54065e-05
Face Momentum (sd=  0): max value of div(mf) (cv=14710) = 4.634877e-05
	norm_L2 of div(momentum) = 3.527558e-04.
nsd = 0 min_dtHy = 0.000957112 (nCV =	10382 ) max_dtHy = 0.00832032 (nCV =	20186 ) 
+----+----+--------------+--------------+--------------+--------------+--------------+------+----+-+-+--+------+
|Name|view| Initial res  | Initial resL1| Target res   | Final res    | Final res L1 |Visits|Iter|R|F|CL|Status|
|CHT |   0|  5.178594e+02|  5.709077e+02|  3.236621e-02|  2.969950e-04|  3.743653e-01|     2|  18|0|n|30|  OK  |
nsd = 0 min_dtke = 0.000151483 (nCV =	20159 ) max_dtke = 0.00194602 (nCV =	77934 ) 
+----+----+----+--------------+--------------+--------------+--------------+--------------+------+----+-+-+--+------+
|Name|view| n_y| Initial res  | Initial resL1| Target res   | Final res    | Final res L1 |Visits|Iter|R|F|CL|Status|
+----+----+----+--------------+--------------+--------------+--------------+--------------+------+----+-+-+--+------+
|turb|   0|   0|  1.580302e+02|  2.172934e+02|  1.056587e-04|  1.054077e-04|  3.388235e-01|     5|  30|0|n|30|  OK  |
|turb|   0|   1|  2.182321e+08|  1.700632e+05|  2.418978e-01|  6.849760e-02|  6.819555e+00|     8|  48|0|n|30|  OK  |
Filter: K,E,momentum: sd =   0 isolating K from zero=      0 E from zero=    328 E from infinity=      0
slv : Fluid subdom(new) 0
slv : P static (new)                 : min(  20038) = 92662.146742988      , max(  21165) = 260771.56240246      
slv : Density (new)                  : min(  20038) = 1.0404879298694      , max(  21165) = 2.9366674225314      
slv : Velocity (new)                 : min(  20141) = 4.0901340481218      , max(  66536) = 213.88898984862      
slv : Mach number (new)              : min(  20141) = 0.011526858688428    , max(  66536) = 0.6254592780014      
slv : Turbulent k (new)              : min(      0) = 0.047885492244903    , max(  20159) = 1381.9311254207      
slv : Turbulent e (new)              : min(  10369) = 0.27531802486925     , max(  20159) = 1764594.5579377      
slv : Temperature (new)              : min(  66536) = 291.14729840459      , max(  20162) = 313.89811883095      
slv : Total enthalpy, Y-shifted (new): min(  20136) = 19887.598411091      , max(  21351) = 21777.866491107      
slv : MASS FLUXES AT OPENINGS: MF=-314.857, AP=314.857
slv : DvGr statistics: min alpha=0.0757101(nfa=208855, geom_slice=0)
slv : +----------------------------------+------------+-------+------------+------------+
slv : |          Collector name          | Total Time | Count |  Avg Time  |  Max Time  |
slv : +----------------------------------+------------+-------+------------+------------+
slv : | Calculate_inc                    |      23.302|     51|       0.457|       0.652|
slv : | CollectEMT_Results               |       0.000|     52|       0.000|       0.000|
slv : | HeatPathCalculator_Dynamic       |       0.021|      1|       0.021|       0.021|
slv : | LiSy_make_portrait               |       0.565|    231|       0.002|       0.017|
slv : | Results_processing               |       2.705|     51|       0.053|       0.067|
slv : | build_sl_ordering_CHT            |       0.016|     52|       0.000|       0.006|
slv : | build_sl_ordering_MDS            |       0.116|     52|       0.002|       0.019|
slv : | build_sl_ordering_fluid          |       0.115|     52|       0.002|       0.019|
slv : | calc_Convolutions_MDS            |       0.707|     52|       0.014|       0.027|
slv : | calc_wall_dist                   |       0.372|      1|       0.372|       0.372|
slv : | create_Gr_operators_MDS          |       0.753|     52|       0.014|       0.027|
slv : | create_Gr_operators_portrait_MDS |       0.387|     52|       0.007|       0.012|
slv : | init_Hy_group_MDS                |       0.716|     52|       0.014|       0.019|
slv : | perform_stage_total              |      20.105|   1412|       0.014|       0.372|
slv : | precalc_at_start_MDS             |       0.666|      2|       0.333|       0.637|
slv : | solve_3M_MDS                     |       2.142|     52|       0.041|       0.069|
slv : | solve_3M_alg_MDS                 |       0.750|     52|       0.014|       0.041|
slv : | solve_BG_MDS                     |       1.697|     52|       0.033|       0.042|
slv : | solve_BG_alg_MDS                 |       1.177|     52|       0.023|       0.033|
slv : | solve_BL_MDS                     |       0.779|     52|       0.015|       0.019|
slv : | solve_CHT                        |       1.694|     52|       0.033|       0.080|
slv : | solve_CHT_MDS                    |       1.286|     52|       0.025|       0.073|
slv : | solve_CHT_alg_MDS                |       0.501|     52|       0.010|       0.056|
slv : | solve_DvGr_MDS                   |       5.017|     52|       0.096|       0.303|
slv : | solve_DvGr_alg_MDS               |       2.456|     52|       0.047|       0.255|
slv : | solve_INPR_MDS                   |       0.000|      1|       0.000|       0.000|
slv : | solve_PS+QJ                      |       0.000|      0|       0.000|       0.000|
slv : | solve_YLMA_MDS                   |       0.001|     52|       0.000|       0.000|
slv : | solve_YNOx_MDS                   |       0.000|     52|       0.000|       0.000|
slv : | solve_YTd_MDS                    |       0.001|     52|       0.000|       0.000|
slv : | solve_YTurb_MDS                  |       6.815|     52|       0.131|       0.155|
slv : | solve_YTurb_alg_MDS              |       3.706|    104|       0.036|       0.057|
slv : | update_BC_MDS                    |       0.000|     53|       0.000|       0.000|
slv : | update_Mf_after_DvGr             |       0.608|     52|       0.012|       0.023|
slv : | update_VelPressure_MDS           |       0.096|     52|       0.002|       0.003|
slv : +----------------------------------+------------+-------+------------+------------+
-----------------------------------------------------------------------
Memory Working Set Current = 441.85 Mb, Memory Working Set Peak = 442.84 Mb
Memory Private Bytes Current = 626.78 Mb, Memory Private Bytes Peak = 627.73 Mb
Process Threads Number: 16
-----------------------------------------------------------------------
Algebra Pool      : mem_usage = 441.75 Mb, allocated count = 1580

================== Tstep=52 ===================
<Dynamic P> on nsd = 0 {openings (inlet / outlet)}:
  (SP = Static Pressure, EP = Environment Pressure, TP = Total Pressure, E = External)
  {#0, E, (3.714687e-02 / 2.734103e+04)}
  {#1, E, (4.523931e-02 / 2.734103e+04)}
  {#2, E, (0.000000e+00 / 2.710142e+04)}
  {#3, E, (2.733222e+04 / 0.000000e+00)}
  {#4, E, (4.657435e-03 / 2.734035e+04)}
  {#5, E, (1.101381e-02 / 2.734067e+04)}
  MWS[  0]=7.02947
tau_viscous_averaged = 72.6562 
dt(mass,momentum; nsd=  0): min dt/dtG(ncv=  21071)=0.96 , max dt/dtG(ncv=   9483)=8.4    , dtG=0.00100143
Flow alg-view 0 in phys-view 0 isn't Neumann (not Multi Phase treating)
Face Momentum (sd=  0): max value of div(mf) (cv=25151) = 1.984784e-04
Flow alg-view 0 is not Neumann (not for Phase Change + Nested Iters)
+----+----+--------------+--------------+--------------+--------------+--------------+------+----+-+-+--+------+
|Name|view| Initial res  | Initial resL1| Target res   | Final res    | Final res L1 |Visits|Iter|R|F|CL|Status|
| BG |   0|  2.158244e-07|  2.468558e-02|  1.880384e-09|  4.858102e-10|  2.547556e-03|     5|  15|0|n|30|  OK  |
log10(resTarget_Lim / resTarget_Orig): 2.1 
Face Momentum (sd=  0): max value of div(mf) (cv=12133) = 2.080570e-06
	norm_L2 of div(momentum) = 2.206339e-05.
Flow alg-view 0 in phys-view 0 isn't Neumann (not Multi Phase treating)
LOG: number of a-faces with weighted approximations in 0 subdomain: 8.80566 percent
LOG: Rate of a-faces corrected to CUp1st in 0 subdomain: 0.171053 %
slv : SolveBL stage
|nsd|Real WF|NormalF|Cycle F|CriticF| EdgeF |CyclBrF|ExtParF|RWFnumSt|StLvlNum|  nfw  |  alp_U_min  |  nfw  |  alp_U_max  |  nfw  |  alp_T_min  |  nfw  |  alp_T_max  |  nfw  |  BL_s_min   |  nfw  |   BL_s_max  |
|  0|   2054|   1827|     10|     10|    207|      0|      0|    2044|      65|  12944|0            |  12947|19.5895      |   1780|0            |   4067|20050        |  12935|-22232.6     |   1780|0            |
Face Momentum (sd=  0): max value of div(mf) (cv=12133) = 2.080570e-06
	norm_L2 of div(momentum) = 2.206339e-05.
nsd = 0 BC: AP Inlet occurs on 2808 w-faces
+----+----+----+--------------+--------------+--------------+--------------+--------------+------+----+-+-+--+------+
|Name|view| n_y| Initial res  | Initial resL1| Target res   | Final res    | Final res L1 |Visits|Iter|R|F|CL|Status|
+----+----+----+--------------+--------------+--------------+--------------+--------------+------+----+-+-+--+------+
| 3M |   0|   0|  1.639846e+01|  3.508512e+02|  3.074712e-03|  3.535920e-04|  1.823556e-01|     2|   6|0|n|29|  OK  |
Velocity (predicted):
        (local) sd   0: min(  20141)=3.8352006174411      , max(  66536)=213.86327115894      
Flow alg-view 0 is not Neumann (not for Phase Change + Nested Iters)
+----+----+--------------+--------------+--------------+--------------+--------------+------+----+-+-+--+------+
|Name|view| Initial res  | Initial resL1| Target res   | Final res    | Final res L1 |Visits|Iter|R|F|CL|Status|
|DVGR|   0|  3.017804e-03|  3.135035e+00|  1.886127e-07|  1.271691e-07|  2.361888e-02|     3|   9|0|n|30|  OK  |
PRESSURE SOLVER(geom_index=  0): sum_C_dp=8.76594e-06
Face Momentum (sd=  0): max value of div(mf) (cv=9444) = 4.652383e-05
	norm_L2 of div(momentum) = 3.580929e-04.
nsd = 0 min_dtHy = 0.000957758 (nCV =	21071 ) max_dtHy = 0.0084472 (nCV =	9483 ) 
+----+----+--------------+--------------+--------------+--------------+--------------+------+----+-+-+--+------+
|Name|view| Initial res  | Initial resL1| Target res   | Final res    | Final res L1 |Visits|Iter|R|F|CL|Status|
|CHT |   0|  5.086120e+02|  5.549913e+02|  3.178825e-02|  2.770598e-02|  4.173663e+00|     1|   9|0|n|30|  OK  |
nsd = 0 min_dtke = 0.000151234 (nCV =	20159 ) max_dtke = 0.00194598 (nCV =	77934 ) 
+----+----+----+--------------+--------------+--------------+--------------+--------------+------+----+-+-+--+------+
|Name|view| n_y| Initial res  | Initial resL1| Target res   | Final res    | Final res L1 |Visits|Iter|R|F|CL|Status|
+----+----+----+--------------+--------------+--------------+--------------+--------------+------+----+-+-+--+------+
|turb|   0|   0|  1.709016e+02|  2.145288e+02|  1.057613e-04|  7.518234e-05|  2.956451e-01|     5|  30|0|n|30|  OK  |
|turb|   0|   1|  2.192772e+08|  1.699770e+05|  2.422504e-01|  3.567318e-02|  5.250358e+00|     8|  48|0|n|30|  OK  |
Filter: K,E,momentum: sd =   0 isolating K from zero=      0 E from zero=    326 E from infinity=      0
slv : Fluid subdom(new) 0
slv : P static (new)                 : min(  20038) = 92688.800485224      , max(  21384) = 257819.86876262      
slv : Density (new)                  : min(  20038) = 1.0407246506617      , max(  21384) = 2.9056878004291      
slv : Velocity (new)                 : min(  20141) = 3.9021088610922      , max(  66536) = 213.88429892712      
slv : Mach number (new)              : min(  20141) = 0.010997001515247    , max(  66536) = 0.62544449450337     
slv : Turbulent k (new)              : min(      0) = 0.047885454835281    , max(  20159) = 1369.3461988658      
slv : Turbulent e (new)              : min(  21138) = 0.5284940084409      , max(  20159) = 1745664.5956631      
slv : Temperature (new)              : min(  66536) = 291.14829586199      , max(  20162) = 313.89682562709      
slv : Total enthalpy, Y-shifted (new): min(  20136) = 19919.660316141      , max(  21351) = 21816.05246213       
slv : MASS FLUXES AT OPENINGS: MF=-314.857, AP=314.857
slv : DvGr statistics: min alpha=0.0757105(nfa=208855, geom_slice=0)
slv : +----------------------------------+------------+-------+------------+------------+
slv : |          Collector name          | Total Time | Count |  Avg Time  |  Max Time  |
slv : +----------------------------------+------------+-------+------------+------------+
slv : | Calculate_inc                    |      23.717|     52|       0.456|       0.652|
slv : | CollectEMT_Results               |       0.000|     53|       0.000|       0.000|
slv : | HeatPathCalculator_Dynamic       |       0.021|      1|       0.021|       0.021|
slv : | LiSy_make_portrait               |       0.574|    235|       0.002|       0.017|
slv : | Results_processing               |       2.756|     52|       0.053|       0.067|
slv : | build_sl_ordering_CHT            |       0.016|     53|       0.000|       0.006|
slv : | build_sl_ordering_MDS            |       0.117|     53|       0.002|       0.019|
slv : | build_sl_ordering_fluid          |       0.116|     53|       0.002|       0.019|
slv : | calc_Convolutions_MDS            |       0.719|     53|       0.014|       0.027|
slv : | calc_wall_dist                   |       0.372|      1|       0.372|       0.372|
slv : | create_Gr_operators_MDS          |       0.769|     53|       0.015|       0.027|
slv : | create_Gr_operators_portrait_MDS |       0.395|     53|       0.007|       0.012|
slv : | init_Hy_group_MDS                |       0.729|     53|       0.014|       0.019|
slv : | perform_stage_total              |      20.455|   1439|       0.014|       0.372|
slv : | precalc_at_start_MDS             |       0.666|      2|       0.333|       0.637|
slv : | solve_3M_MDS                     |       2.187|     53|       0.041|       0.069|
slv : | solve_3M_alg_MDS                 |       0.771|     53|       0.015|       0.041|
slv : | solve_BG_MDS                     |       1.723|     53|       0.033|       0.042|
slv : | solve_BG_alg_MDS                 |       1.195|     53|       0.023|       0.033|
slv : | solve_BL_MDS                     |       0.795|     53|       0.015|       0.019|
slv : | solve_CHT                        |       1.718|     53|       0.032|       0.080|
slv : | solve_CHT_MDS                    |       1.302|     53|       0.025|       0.073|
slv : | solve_CHT_alg_MDS                |       0.506|     53|       0.010|       0.056|
slv : | solve_DvGr_MDS                   |       5.086|     53|       0.096|       0.303|
slv : | solve_DvGr_alg_MDS               |       2.476|     53|       0.047|       0.255|
slv : | solve_INPR_MDS                   |       0.000|      1|       0.000|       0.000|
slv : | solve_PS+QJ                      |       0.000|      0|       0.000|       0.000|
slv : | solve_YLMA_MDS                   |       0.001|     53|       0.000|       0.000|
slv : | solve_YNOx_MDS                   |       0.000|     53|       0.000|       0.000|
slv : | solve_YTd_MDS                    |       0.001|     53|       0.000|       0.000|
slv : | solve_YTurb_MDS                  |       6.951|     53|       0.131|       0.155|
slv : | solve_YTurb_alg_MDS              |       3.786|    106|       0.036|       0.057|
slv : | update_BC_MDS                    |       0.000|     54|       0.000|       0.000|
slv : | update_Mf_after_DvGr             |       0.619|     53|       0.012|       0.023|
slv : | update_VelPressure_MDS           |       0.098|     53|       0.002|       0.003|
slv : +----------------------------------+------------+-------+------------+------------+
-----------------------------------------------------------------------
Memory Working Set Current = 439.57 Mb, Memory Working Set Peak = 442.84 Mb
Memory Private Bytes Current = 622.67 Mb, Memory Private Bytes Peak = 627.73 Mb
Process Threads Number: 16
-----------------------------------------------------------------------
Algebra Pool      : mem_usage = 441.75 Mb, allocated count = 1582

================== Tstep=53 ===================
<Dynamic P> on nsd = 0 {openings (inlet / outlet)}:
  (SP = Static Pressure, EP = Environment Pressure, TP = Total Pressure, E = External)
  {#0, E, (3.687009e-02 / 2.734104e+04)}
  {#1, E, (4.524968e-02 / 2.734103e+04)}
  {#2, E, (0.000000e+00 / 2.710096e+04)}
  {#3, E, (2.733225e+04 / 0.000000e+00)}
  {#4, E, (4.624207e-03 / 2.734035e+04)}
  {#5, E, (1.091996e-02 / 2.734067e+04)}
  MWS[  0]=7.03023
tau_viscous_averaged = 72.7189 
dt(mass,momentum; nsd=  0): min dt/dtG(ncv=  10382)=0.95 , max dt/dtG(ncv=  20048)=8.6    , dtG=0.00100256
Flow alg-view 0 in phys-view 0 isn't Neumann (not Multi Phase treating)
Face Momentum (sd=  0): max value of div(mf) (cv=12943) = 3.113166e-04
Flow alg-view 0 is not Neumann (not for Phase Change + Nested Iters)
+----+----+--------------+--------------+--------------+--------------+--------------+------+----+-+-+--+------+
|Name|view| Initial res  | Initial resL1| Target res   | Final res    | Final res L1 |Visits|Iter|R|F|CL|Status|
| BG |   0|  2.786112e-07|  2.495025e-02|  1.886127e-09|  7.776590e-10|  2.960959e-03|     5|  15|0|n|30|  OK  |
log10(resTarget_Lim / resTarget_Orig): 2.0 
Face Momentum (sd=  0): max value of div(mf) (cv=12038) = 3.320965e-06
	norm_L2 of div(momentum) = 2.790619e-05.
Flow alg-view 0 in phys-view 0 isn't Neumann (not Multi Phase treating)
LOG: number of a-faces with weighted approximations in 0 subdomain: 8.89858 percent
LOG: Rate of a-faces corrected to CUp1st in 0 subdomain: 0.167126 %
slv : SolveBL stage
|nsd|Real WF|NormalF|Cycle F|CriticF| EdgeF |CyclBrF|ExtParF|RWFnumSt|StLvlNum|  nfw  |  alp_U_min  |  nfw  |  alp_U_max  |  nfw  |  alp_T_min  |  nfw  |  alp_T_max  |  nfw  |  BL_s_min   |  nfw  |   BL_s_max  |
|  0|   2054|   1827|     10|      8|    209|      0|      0|    2044|      65|   4002|0            |  12947|19.5895      |   3978|0            |   4067|20061.6      |  12935|-22232.7     |   3978|0            |
Face Momentum (sd=  0): max value of div(mf) (cv=12038) = 3.320965e-06
	norm_L2 of div(momentum) = 2.790619e-05.
nsd = 0 BC: AP Inlet occurs on 2814 w-faces
+----+----+----+--------------+--------------+--------------+--------------+--------------+------+----+-+-+--+------+
|Name|view| n_y| Initial res  | Initial resL1| Target res   | Final res    | Final res L1 |Visits|Iter|R|F|CL|Status|
+----+----+----+--------------+--------------+--------------+--------------+--------------+------+----+-+-+--+------+
| 3M |   0|   0|  1.552434e+01|  3.452554e+02|  2.910814e-03|  1.511425e-04|  1.576505e-01|     2|   6|0|n|29|  OK  |
Velocity (predicted):
        (local) sd   0: min(  20141)=3.6312841011931      , max(  66536)=213.86344960369      
Flow alg-view 0 is not Neumann (not for Phase Change + Nested Iters)
+----+----+--------------+--------------+--------------+--------------+--------------+------+----+-+-+--+------+
|Name|view| Initial res  | Initial resL1| Target res   | Final res    | Final res L1 |Visits|Iter|R|F|CL|Status|
|DVGR|   0|  2.845529e-03|  3.081858e+00|  1.778456e-07|  1.119710e-07|  2.395454e-02|     3|   9|0|n|30|  OK  |
PRESSURE SOLVER(geom_index=  0): sum_C_dp=2.87293e-05
Face Momentum (sd=  0): max value of div(mf) (cv=14712) = 3.713560e-05
	norm_L2 of div(momentum) = 3.361777e-04.
nsd = 0 min_dtHy = 0.000956956 (nCV =	10382 ) max_dtHy = 0.00858273 (nCV =	20048 ) 
+----+----+--------------+--------------+--------------+--------------+--------------+------+----+-+-+--+------+
|Name|view| Initial res  | Initial resL1| Target res   | Final res    | Final res L1 |Visits|Iter|R|F|CL|Status|
|CHT |   0|  4.669614e+02|  5.317790e+02|  2.918508e-02|  1.566401e-02|  3.050019e+00|     1|   9|0|n|30|  OK  |
nsd = 0 min_dtke = 0.000151389 (nCV =	20159 ) max_dtke = 0.00194595 (nCV =	77934 ) 
+----+----+----+--------------+--------------+--------------+--------------+--------------+------+----+-+-+--+------+
|Name|view| n_y| Initial res  | Initial resL1| Target res   | Final res    | Final res L1 |Visits|Iter|R|F|CL|Status|
+----+----+----+--------------+--------------+--------------+--------------+--------------+------+----+-+-+--+------+
|turb|   0|   0|  2.385734e+02|  2.174934e+02|  1.058055e-04|  6.443301e-05|  2.730883e-01|     5|  30|0|n|30|  OK  |
|turb|   0|   1|  2.517425e+08|  1.773393e+05|  2.424042e-01|  2.919530e-02|  4.955992e+00|     8|  48|0|n|30|  OK  |
Filter: K,E,momentum: sd =   0 isolating K from zero=      0 E from zero=    325 E from infinity=      0
slv : Fluid subdom(new) 0
slv : P static (new)                 : min(  20038) = 92724.053668306      , max(  21354) = 253497.00894413      
slv : Density (new)                  : min(  20038) = 1.0411906842744      , max(  21384) = 2.8501348758444      
slv : Velocity (new)                 : min(  20141) = 3.657951265686       , max(  66536) = 213.88836287533      
slv : Mach number (new)              : min(  20141) = 0.010308936615931    , max(  66536) = 0.62545730029387     
slv : Turbulent k (new)              : min(      0) = 0.04788540946927     , max(  20159) = 1343.8869943379      
slv : Turbulent e (new)              : min(      0) = 0.62110007486669     , max(  20159) = 1703122.8669237      
slv : Temperature (new)              : min(  66536) = 291.14743339635      , max(  20162) = 313.89532534456      
slv : Total enthalpy, Y-shifted (new): min(  20156) = 19934.557038085      , max(  21351) = 21849.764205694      
slv : MASS FLUXES AT OPENINGS: MF=-314.857, AP=314.857
slv : DvGr statistics: min alpha=0.0757103(nfa=208855, geom_slice=0)
slv : +----------------------------------+------------+-------+------------+------------+
slv : |          Collector name          | Total Time | Count |  Avg Time  |  Max Time  |
slv : +----------------------------------+------------+-------+------------+------------+
slv : | Calculate_inc                    |      24.132|     53|       0.455|       0.652|
slv : | CollectEMT_Results               |       0.000|     54|       0.000|       0.000|
slv : | HeatPathCalculator_Dynamic       |       0.021|      1|       0.021|       0.021|
slv : | LiSy_make_portrait               |       0.582|    239|       0.002|       0.017|
slv : | Results_processing               |       2.813|     53|       0.053|       0.067|
slv : | build_sl_ordering_CHT            |       0.016|     54|       0.000|       0.006|
slv : | build_sl_ordering_MDS            |       0.117|     54|       0.002|       0.019|
slv : | build_sl_ordering_fluid          |       0.116|     54|       0.002|       0.019|
slv : | calc_Convolutions_MDS            |       0.732|     54|       0.014|       0.027|
slv : | calc_wall_dist                   |       0.372|      1|       0.372|       0.372|
slv : | create_Gr_operators_MDS          |       0.782|     54|       0.014|       0.027|
slv : | create_Gr_operators_portrait_MDS |       0.404|     54|       0.007|       0.012|
slv : | init_Hy_group_MDS                |       0.742|     54|       0.014|       0.019|
slv : | perform_stage_total              |      20.810|   1466|       0.014|       0.372|
slv : | precalc_at_start_MDS             |       0.666|      2|       0.333|       0.637|
slv : | solve_3M_MDS                     |       2.235|     54|       0.041|       0.069|
slv : | solve_3M_alg_MDS                 |       0.792|     54|       0.015|       0.041|
slv : | solve_BG_MDS                     |       1.751|     54|       0.032|       0.042|
slv : | solve_BG_alg_MDS                 |       1.212|     54|       0.022|       0.033|
slv : | solve_BL_MDS                     |       0.809|     54|       0.015|       0.019|
slv : | solve_CHT                        |       1.746|     54|       0.032|       0.080|
slv : | solve_CHT_MDS                    |       1.323|     54|       0.024|       0.073|
slv : | solve_CHT_alg_MDS                |       0.510|     54|       0.009|       0.056|
slv : | solve_DvGr_MDS                   |       5.153|     54|       0.095|       0.303|
slv : | solve_DvGr_alg_MDS               |       2.496|     54|       0.046|       0.255|
slv : | solve_INPR_MDS                   |       0.000|      1|       0.000|       0.000|
slv : | solve_PS+QJ                      |       0.000|      0|       0.000|       0.000|
slv : | solve_YLMA_MDS                   |       0.001|     54|       0.000|       0.000|
slv : | solve_YNOx_MDS                   |       0.000|     54|       0.000|       0.000|
slv : | solve_YTd_MDS                    |       0.001|     54|       0.000|       0.000|
slv : | solve_YTurb_MDS                  |       7.091|     54|       0.131|       0.155|
slv : | solve_YTurb_alg_MDS              |       3.864|    108|       0.036|       0.057|
slv : | update_BC_MDS                    |       0.000|     55|       0.000|       0.000|
slv : | update_Mf_after_DvGr             |       0.634|     54|       0.012|       0.023|
slv : | update_VelPressure_MDS           |       0.100|     54|       0.002|       0.003|
slv : +----------------------------------+------------+-------+------------+------------+
-----------------------------------------------------------------------
Memory Working Set Current = 441.89 Mb, Memory Working Set Peak = 442.84 Mb
Memory Private Bytes Current = 625.33 Mb, Memory Private Bytes Peak = 627.73 Mb
Process Threads Number: 16
-----------------------------------------------------------------------
Algebra Pool      : mem_usage = 441.75 Mb, allocated count = 1576

================== Tstep=54 ===================
<Dynamic P> on nsd = 0 {openings (inlet / outlet)}:
  (SP = Static Pressure, EP = Environment Pressure, TP = Total Pressure, E = External)
  {#0, E, (3.695779e-02 / 2.734104e+04)}
  {#1, E, (4.498238e-02 / 2.734104e+04)}
  {#2, E, (0.000000e+00 / 2.710062e+04)}
  {#3, E, (2.733222e+04 / 0.000000e+00)}
  {#4, E, (4.619090e-03 / 2.734035e+04)}
  {#5, E, (1.090255e-02 / 2.734067e+04)}
  MWS[  0]=7.03208
tau_viscous_averaged = 72.7715 
dt(mass,momentum; nsd=  0): min dt/dtG(ncv=  21071)=0.96 , max dt/dtG(ncv=  20048)=8.7    , dtG=0.00100112
Flow alg-view 0 in phys-view 0 isn't Neumann (not Multi Phase treating)
Face Momentum (sd=  0): max value of div(mf) (cv=12937) = 1.418895e-04
Flow alg-view 0 is not Neumann (not for Phase Change + Nested Iters)
+----+----+--------------+--------------+--------------+--------------+--------------+------+----+-+-+--+------+
|Name|view| Initial res  | Initial resL1| Target res   | Final res    | Final res L1 |Visits|Iter|R|F|CL|Status|
| BG |   0|  1.956066e-07|  2.528815e-02|  1.778456e-09|  7.436012e-10|  3.007209e-03|     5|  15|0|n|30|  OK  |
log10(resTarget_Lim / resTarget_Orig): 2.2 
Face Momentum (sd=  0): max value of div(mf) (cv=10423) = 2.103327e-06
	norm_L2 of div(momentum) = 2.729299e-05.
Flow alg-view 0 in phys-view 0 isn't Neumann (not Multi Phase treating)
LOG: number of a-faces with weighted approximations in 0 subdomain: 8.82878 percent
LOG: Rate of a-faces corrected to CUp1st in 0 subdomain: 0.169994 %
slv : SolveBL stage
|nsd|Real WF|NormalF|Cycle F|CriticF| EdgeF |CyclBrF|ExtParF|RWFnumSt|StLvlNum|  nfw  |  alp_U_min  |  nfw  |  alp_U_max  |  nfw  |  alp_T_min  |  nfw  |  alp_T_max  |  nfw  |  BL_s_min   |  nfw  |   BL_s_max  |
|  0|   2054|   1827|     10|     10|    207|      0|      0|    2044|      65|   3991|0            |  12947|19.5895      |   1780|0            |   4069|13508.8      |  12935|-22232.8     |   1780|0            |
Face Momentum (sd=  0): max value of div(mf) (cv=10423) = 2.103327e-06
	norm_L2 of div(momentum) = 2.729299e-05.
nsd = 0 BC: AP Inlet occurs on 2817 w-faces
+----+----+----+--------------+--------------+--------------+--------------+--------------+------+----+-+-+--+------+
|Name|view| n_y| Initial res  | Initial resL1| Target res   | Final res    | Final res L1 |Visits|Iter|R|F|CL|Status|
+----+----+----+--------------+--------------+--------------+--------------+--------------+------+----+-+-+--+------+
| 3M |   0|   0|  1.578709e+01|  3.365915e+02|  2.960079e-03|  2.247259e-04|  1.669595e-01|     2|   6|0|n|29|  OK  |
Velocity (predicted):
        (local) sd   0: min(  20141)=3.3460715287668      , max(  66536)=213.86087941452      
Flow alg-view 0 is not Neumann (not for Phase Change + Nested Iters)
+----+----+--------------+--------------+--------------+--------------+--------------+------+----+-+-+--+------+
|Name|view| Initial res  | Initial resL1| Target res   | Final res    | Final res L1 |Visits|Iter|R|F|CL|Status|
|DVGR|   0|  3.036819e-03|  3.066198e+00|  1.898012e-07|  9.352597e-08|  2.268758e-02|     3|   9|0|n|30|  OK  |
PRESSURE SOLVER(geom_index=  0): sum_C_dp=-1.4627e-05
Face Momentum (sd=  0): max value of div(mf) (cv=14712) = 3.351545e-05
	norm_L2 of div(momentum) = 3.075320e-04.
nsd = 0 min_dtHy = 0.000957875 (nCV =	21071 ) max_dtHy = 0.00869438 (nCV =	20048 ) 
+----+----+--------------+--------------+--------------+--------------+--------------+------+----+-+-+--+------+
|Name|view| Initial res  | Initial resL1| Target res   | Final res    | Final res L1 |Visits|Iter|R|F|CL|Status|
|CHT |   0|  4.360940e+02|  5.210491e+02|  2.725588e-02|  8.895574e-03|  2.426411e+00|     1|   9|0|n|30|  OK  |
nsd = 0 min_dtke = 0.00015218 (nCV =	20159 ) max_dtke = 0.00194594 (nCV =	77934 ) 
+----+----+----+--------------+--------------+--------------+--------------+--------------+------+----+-+-+--+------+
|Name|view| n_y| Initial res  | Initial resL1| Target res   | Final res    | Final res L1 |Visits|Iter|R|F|CL|Status|
+----+----+----+--------------+--------------+--------------+--------------+--------------+------+----+-+-+--+------+
|turb|   0|   0|  3.436754e+02|  2.194013e+02|  1.059165e-04|  5.644976e-05|  2.559505e-01|     5|  30|0|n|30|  OK  |
|turb|   0|   1|  3.376990e+08|  1.859143e+05|  2.427860e-01|  3.948587e-02|  5.247683e+00|     8|  48|0|n|30|  OK  |
Filter: K,E,momentum: sd =   0 isolating K from zero=      0 E from zero=    329 E from infinity=      0
slv : Fluid subdom(new) 0
slv : P static (new)                 : min(  20038) = 92744.803916674      , max(  21339) = 252113.51014096      
slv : Density (new)                  : min(  20038) = 1.0413678708204      , max(  21384) = 2.8261012239274      
slv : Velocity (new)                 : min(  20141) = 3.4400499156579      , max(  66536) = 213.88239453438      
slv : Mach number (new)              : min(  20141) = 0.0096948603794807   , max(  66536) = 0.62543849101571     
slv : Turbulent k (new)              : min(      0) = 0.047885384370319    , max(  20159) = 1312.5713010598      
slv : Turbulent e (new)              : min(  10370) = 0.48230259296557     , max(  20159) = 1648629.3995689      
slv : Temperature (new)              : min(  66536) = 291.14870247375      , max(  21331) = 313.90289500712      
slv : Total enthalpy, Y-shifted (new): min(  20136) = 19943.014351315      , max(  21351) = 21877.066778805      
slv : MASS FLUXES AT OPENINGS: MF=-314.857, AP=314.857
slv : DvGr statistics: min alpha=0.0757108(nfa=208855, geom_slice=0)
slv : +----------------------------------+------------+-------+------------+------------+
slv : |          Collector name          | Total Time | Count |  Avg Time  |  Max Time  |
slv : +----------------------------------+------------+-------+------------+------------+
slv : | Calculate_inc                    |      24.562|     54|       0.455|       0.652|
slv : | CollectEMT_Results               |       0.000|     55|       0.000|       0.000|
slv : | HeatPathCalculator_Dynamic       |       0.021|      1|       0.021|       0.021|
slv : | LiSy_make_portrait               |       0.592|    243|       0.002|       0.017|
slv : | Results_processing               |       2.864|     54|       0.053|       0.067|
slv : | build_sl_ordering_CHT            |       0.016|     55|       0.000|       0.006|
slv : | build_sl_ordering_MDS            |       0.117|     55|       0.002|       0.019|
slv : | build_sl_ordering_fluid          |       0.116|     55|       0.002|       0.019|
slv : | calc_Convolutions_MDS            |       0.745|     55|       0.014|       0.027|
slv : | calc_wall_dist                   |       0.372|      1|       0.372|       0.372|
slv : | create_Gr_operators_MDS          |       0.795|     55|       0.014|       0.027|
slv : | create_Gr_operators_portrait_MDS |       0.412|     55|       0.007|       0.012|
slv : | init_Hy_group_MDS                |       0.756|     55|       0.014|       0.019|
slv : | perform_stage_total              |      21.162|   1493|       0.014|       0.372|
slv : | precalc_at_start_MDS             |       0.666|      2|       0.333|       0.637|
slv : | solve_3M_MDS                     |       2.282|     55|       0.041|       0.069|
slv : | solve_3M_alg_MDS                 |       0.813|     55|       0.015|       0.041|
slv : | solve_BG_MDS                     |       1.779|     55|       0.032|       0.042|
slv : | solve_BG_alg_MDS                 |       1.230|     55|       0.022|       0.033|
slv : | solve_BL_MDS                     |       0.825|     55|       0.015|       0.019|
slv : | solve_CHT                        |       1.774|     55|       0.032|       0.080|
slv : | solve_CHT_MDS                    |       1.344|     55|       0.024|       0.073|
slv : | solve_CHT_alg_MDS                |       0.514|     55|       0.009|       0.056|
slv : | solve_DvGr_MDS                   |       5.219|     55|       0.095|       0.303|
slv : | solve_DvGr_alg_MDS               |       2.515|     55|       0.046|       0.255|
slv : | solve_INPR_MDS                   |       0.000|      1|       0.000|       0.000|
slv : | solve_PS+QJ                      |       0.000|      0|       0.000|       0.000|
slv : | solve_YLMA_MDS                   |       0.001|     55|       0.000|       0.000|
slv : | solve_YNOx_MDS                   |       0.000|     55|       0.000|       0.000|
slv : | solve_YTd_MDS                    |       0.001|     55|       0.000|       0.000|
slv : | solve_YTurb_MDS                  |       7.226|     55|       0.131|       0.155|
slv : | solve_YTurb_alg_MDS              |       3.944|    110|       0.036|       0.057|
slv : | update_BC_MDS                    |       0.000|     56|       0.000|       0.000|
slv : | update_Mf_after_DvGr             |       0.645|     55|       0.012|       0.023|
slv : | update_VelPressure_MDS           |       0.101|     55|       0.002|       0.003|
slv : +----------------------------------+------------+-------+------------+------------+
Interpolator cache: total calls 6986, optimised calls 2677 (38.3 %)
-----------------------------------------------------------------------
Memory Working Set Current = 441.79 Mb, Memory Working Set Peak = 442.84 Mb
Memory Private Bytes Current = 625.30 Mb, Memory Private Bytes Peak = 627.73 Mb
Process Threads Number: 16
-----------------------------------------------------------------------
Iteration : time = 2.4218 , count = 5 , time/count = 0.484359
Calculate_inc() : time = 2.12602 , count = 5 , time/count = 0.425204
TreatFlowEvolution() : time = 0.260916 , count = 5 , time/count = 0.0521832
SolverPreview : time = 0 , count = 5 , time/count = 0
TreatGoals : time = 0.240707 , count = 5 , time/count = 0.0481414
Algebra Pool      : mem_usage = 441.75 Mb, allocated count = 1580

================== Tstep=55 ===================
<Dynamic P> on nsd = 0 {openings (inlet / outlet)}:
  (SP = Static Pressure, EP = Environment Pressure, TP = Total Pressure, E = External)
  {#0, E, (3.681745e-02 / 2.734104e+04)}
  {#1, E, (4.482696e-02 / 2.734104e+04)}
  {#2, E, (0.000000e+00 / 2.710031e+04)}
  {#3, E, (2.733225e+04 / 0.000000e+00)}
  {#4, E, (4.608398e-03 / 2.734036e+04)}
  {#5, E, (1.089293e-02 / 2.734067e+04)}
  MWS[  0]=7.0326
tau_viscous_averaged = 72.8128 
dt(mass,momentum; nsd=  0): min dt/dtG(ncv=  10382)=0.95 , max dt/dtG(ncv=  20048)=8.8    , dtG=0.00100234
Flow alg-view 0 in phys-view 0 isn't Neumann (not Multi Phase treating)
Face Momentum (sd=  0): max value of div(mf) (cv=12943) = 1.452700e-04
Flow alg-view 0 is not Neumann (not for Phase Change + Nested Iters)
+----+----+--------------+--------------+--------------+--------------+--------------+------+----+-+-+--+------+
|Name|view| Initial res  | Initial resL1| Target res   | Final res    | Final res L1 |Visits|Iter|R|F|CL|Status|
| BG |   0|  1.710063e-07|  2.383691e-02|  1.898012e-09|  9.186359e-10|  3.070389e-03|     5|  15|0|n|30|  OK  |
log10(resTarget_Lim / resTarget_Orig): 2.2 
Face Momentum (sd=  0): max value of div(mf) (cv=10423) = 2.794899e-06
	norm_L2 of div(momentum) = 3.033998e-05.
Flow alg-view 0 in phys-view 0 isn't Neumann (not Multi Phase treating)
LOG: number of a-faces with weighted approximations in 0 subdomain: 8.98309 percent
LOG: Rate of a-faces corrected to CUp1st in 0 subdomain: 0.169086 %
slv : SolveBL stage
|nsd|Real WF|NormalF|Cycle F|CriticF| EdgeF |CyclBrF|ExtParF|RWFnumSt|StLvlNum|  nfw  |  alp_U_min  |  nfw  |  alp_U_max  |  nfw  |  alp_T_min  |  nfw  |  alp_T_max  |  nfw  |  BL_s_min   |  nfw  |   BL_s_max  |
|  0|   2054|   1829|     10|     10|    205|      0|      0|    2044|      65|   3991|0            |  12947|19.5895      |   1780|0            |   4069|9911.69      |  12935|-22233       |   1780|0            |
Face Momentum (sd=  0): max value of div(mf) (cv=10423) = 2.794899e-06
	norm_L2 of div(momentum) = 3.033998e-05.
nsd = 0 BC: AP Inlet occurs on 2813 w-faces
+----+----+----+--------------+--------------+--------------+--------------+--------------+------+----+-+-+--+------+
|Name|view| n_y| Initial res  | Initial resL1| Target res   | Final res    | Final res L1 |Visits|Iter|R|F|CL|Status|
+----+----+----+--------------+--------------+--------------+--------------+--------------+------+----+-+-+--+------+
| 3M |   0|   0|  1.451684e+01|  3.280218e+02|  2.721907e-03|  3.905608e-04|  1.846678e-01|     2|   6|0|n|29|  OK  |
Velocity (predicted):
        (local) sd   0: min(  20141)=3.1530054987333      , max(  66536)=213.86103073127      
Flow alg-view 0 is not Neumann (not for Phase Change + Nested Iters)
+----+----+--------------+--------------+--------------+--------------+--------------+------+----+-+-+--+------+
|Name|view| Initial res  | Initial resL1| Target res   | Final res    | Final res L1 |Visits|Iter|R|F|CL|Status|
|DVGR|   0|  2.697881e-03|  2.977289e+00|  1.686176e-07|  9.894224e-08|  2.355323e-02|     3|   9|0|n|30|  OK  |
PRESSURE SOLVER(geom_index=  0): sum_C_dp=-3.10375e-05
Face Momentum (sd=  0): max value of div(mf) (cv=20166) = 3.294999e-05
	norm_L2 of div(momentum) = 3.162800e-04.
nsd = 0 min_dtHy = 0.000956936 (nCV =	10382 ) max_dtHy = 0.00877792 (nCV =	20048 ) 
+----+----+--------------+--------------+--------------+--------------+--------------+------+----+-+-+--+------+
|Name|view| Initial res  | Initial resL1| Target res   | Final res    | Final res L1 |Visits|Iter|R|F|CL|Status|
|CHT |   0|  4.195003e+02|  5.058610e+02|  2.621877e-02|  7.247838e-03|  1.991943e+00|     1|   9|0|n|30|  OK  |
nsd = 0 min_dtke = 0.000153368 (nCV =	20159 ) max_dtke = 0.00194593 (nCV =	77934 ) 
+----+----+----+--------------+--------------+--------------+--------------+--------------+------+----+-+-+--+------+
|Name|view| n_y| Initial res  | Initial resL1| Target res   | Final res    | Final res L1 |Visits|Iter|R|F|CL|Status|
+----+----+----+--------------+--------------+--------------+--------------+--------------+------+----+-+-+--+------+
|turb|   0|   0|  4.929040e+02|  2.256128e+02|  1.059464e-04|  5.550558e-05|  2.504071e-01|     5|  30|0|n|30|  OK  |
|turb|   0|   1|  5.492949e+08|  1.992861e+05|  2.428903e-01|  3.086026e-02|  4.785617e+00|     8|  48|0|n|30|  OK  |
Filter: K,E,momentum: sd =   0 isolating K from zero=      0 E from zero=    334 E from infinity=      0
slv : Fluid subdom(new) 0
slv : P static (new)                 : min(  20038) = 92774.463526934      , max(  21339) = 250283.94983421      
slv : Density (new)                  : min(  20038) = 1.0417757937354      , max(  21384) = 2.7864730824856      
slv : Velocity (new)                 : min(  20141) = 3.1725679213003      , max(  66536) = 213.8862407425       
slv : Mach number (new)              : min(  20141) = 0.0089410444414848   , max(  66536) = 0.62545061046942     
slv : Turbulent k (new)              : min(      0) = 0.047885398063485    , max(  20159) = 1283.6797705646      
slv : Turbulent e (new)              : min(  10369) = 0.12552287434867     , max(  20159) = 1597433.7671589      
slv : Temperature (new)              : min(  66536) = 291.1478864084       , max(  21331) = 313.91046415928      
slv : Total enthalpy, Y-shifted (new): min(  20156) = 19951.781577496      , max(  21351) = 21896.108397473      
slv : MASS FLUXES AT OPENINGS: MF=-314.857, AP=314.857
slv : DvGr statistics: min alpha=0.0757105(nfa=208855, geom_slice=0)
slv : +----------------------------------+------------+-------+------------+------------+
slv : |          Collector name          | Total Time | Count |  Avg Time  |  Max Time  |
slv : +----------------------------------+------------+-------+------------+------------+
slv : | Calculate_inc                    |      24.986|     55|       0.454|       0.652|
slv : | CollectEMT_Results               |       0.000|     56|       0.000|       0.000|
slv : | HeatPathCalculator_Dynamic       |       0.021|      1|       0.021|       0.021|
slv : | LiSy_make_portrait               |       0.601|    247|       0.002|       0.017|
slv : | Results_processing               |       2.920|     55|       0.053|       0.067|
slv : | build_sl_ordering_CHT            |       0.016|     56|       0.000|       0.006|
slv : | build_sl_ordering_MDS            |       0.118|     56|       0.002|       0.019|
slv : | build_sl_ordering_fluid          |       0.116|     56|       0.002|       0.019|
slv : | calc_Convolutions_MDS            |       0.761|     56|       0.014|       0.027|
slv : | calc_wall_dist                   |       0.372|      1|       0.372|       0.372|
slv : | create_Gr_operators_MDS          |       0.808|     56|       0.014|       0.027|
slv : | create_Gr_operators_portrait_MDS |       0.419|     56|       0.007|       0.012|
slv : | init_Hy_group_MDS                |       0.769|     56|       0.014|       0.019|
slv : | perform_stage_total              |      21.514|   1520|       0.014|       0.372|
slv : | precalc_at_start_MDS             |       0.666|      2|       0.333|       0.637|
slv : | solve_3M_MDS                     |       2.329|     56|       0.042|       0.069|
slv : | solve_3M_alg_MDS                 |       0.835|     56|       0.015|       0.041|
slv : | solve_BG_MDS                     |       1.804|     56|       0.032|       0.042|
slv : | solve_BG_alg_MDS                 |       1.247|     56|       0.022|       0.033|
slv : | solve_BL_MDS                     |       0.841|     56|       0.015|       0.019|
slv : | solve_CHT                        |       1.798|     56|       0.032|       0.080|
slv : | solve_CHT_MDS                    |       1.360|     56|       0.024|       0.073|
slv : | solve_CHT_alg_MDS                |       0.518|     56|       0.009|       0.056|
slv : | solve_DvGr_MDS                   |       5.285|     56|       0.094|       0.303|
slv : | solve_DvGr_alg_MDS               |       2.536|     56|       0.045|       0.255|
slv : | solve_INPR_MDS                   |       0.000|      1|       0.000|       0.000|
slv : | solve_PS+QJ                      |       0.000|      0|       0.000|       0.000|
slv : | solve_YLMA_MDS                   |       0.001|     56|       0.000|       0.000|
slv : | solve_YNOx_MDS                   |       0.000|     56|       0.000|       0.000|
slv : | solve_YTd_MDS                    |       0.001|     56|       0.000|       0.000|
slv : | solve_YTurb_MDS                  |       7.370|     56|       0.132|       0.155|
slv : | solve_YTurb_alg_MDS              |       4.027|    112|       0.036|       0.057|
slv : | update_BC_MDS                    |       0.000|     57|       0.000|       0.000|
slv : | update_Mf_after_DvGr             |       0.662|     56|       0.012|       0.023|
slv : | update_VelPressure_MDS           |       0.103|     56|       0.002|       0.003|
slv : +----------------------------------+------------+-------+------------+------------+
-----------------------------------------------------------------------
Memory Working Set Current = 441.43 Mb, Memory Working Set Peak = 442.84 Mb
Memory Private Bytes Current = 625.43 Mb, Memory Private Bytes Peak = 627.73 Mb
Process Threads Number: 16
-----------------------------------------------------------------------
Algebra Pool      : mem_usage = 441.75 Mb, allocated count = 1580

================== Tstep=56 ===================
<Dynamic P> on nsd = 0 {openings (inlet / outlet)}:
  (SP = Static Pressure, EP = Environment Pressure, TP = Total Pressure, E = External)
  {#0, E, (3.666744e-02 / 2.734105e+04)}
  {#1, E, (4.480484e-02 / 2.734104e+04)}
  {#2, E, (0.000000e+00 / 2.710018e+04)}
  {#3, E, (2.733222e+04 / 0.000000e+00)}
  {#4, E, (4.601591e-03 / 2.734036e+04)}
  {#5, E, (1.086088e-02 / 2.734067e+04)}
  MWS[  0]=7.03424
tau_viscous_averaged = 72.8394 
dt(mass,momentum; nsd=  0): min dt/dtG(ncv=  21071)=0.96 , max dt/dtG(ncv=  20141)=8.9    , dtG=0.00100096
Flow alg-view 0 in phys-view 0 isn't Neumann (not Multi Phase treating)
Face Momentum (sd=  0): max value of div(mf) (cv=12943) = 1.601940e-04
Flow alg-view 0 is not Neumann (not for Phase Change + Nested Iters)
+----+----+--------------+--------------+--------------+--------------+--------------+------+----+-+-+--+------+
|Name|view| Initial res  | Initial resL1| Target res   | Final res    | Final res L1 |Visits|Iter|R|F|CL|Status|
| BG |   0|  1.588718e-07|  2.449970e-02|  1.686176e-09|  1.203425e-09|  3.339518e-03|     5|  15|0|n|30|  OK  |
log10(resTarget_Lim / resTarget_Orig): 2.2 
Face Momentum (sd=  0): max value of div(mf) (cv=10423) = 3.302570e-06
	norm_L2 of div(momentum) = 3.472560e-05.
Flow alg-view 0 in phys-view 0 isn't Neumann (not Multi Phase treating)
LOG: number of a-faces with weighted approximations in 0 subdomain: 8.76824 percent
LOG: Rate of a-faces corrected to CUp1st in 0 subdomain: 0.173976 %
slv : SolveBL stage
|nsd|Real WF|NormalF|Cycle F|CriticF| EdgeF |CyclBrF|ExtParF|RWFnumSt|StLvlNum|  nfw  |  alp_U_min  |  nfw  |  alp_U_max  |  nfw  |  alp_T_min  |  nfw  |  alp_T_max  |  nfw  |  BL_s_min   |  nfw  |   BL_s_max  |
|  0|   2054|   1826|     10|     10|    208|      0|      0|    2044|      65|   3991|0            |  12947|19.5895      |   1780|0            |   4069|10288.6      |  12935|-22233.3     |   1780|0            |
Face Momentum (sd=  0): max value of div(mf) (cv=10423) = 3.302570e-06
	norm_L2 of div(momentum) = 3.472560e-05.
nsd = 0 BC: AP Inlet occurs on 2813 w-faces
+----+----+----+--------------+--------------+--------------+--------------+--------------+------+----+-+-+--+------+
|Name|view| n_y| Initial res  | Initial resL1| Target res   | Final res    | Final res L1 |Visits|Iter|R|F|CL|Status|
+----+----+----+--------------+--------------+--------------+--------------+--------------+------+----+-+-+--+------+
| 3M |   0|   0|  1.309095e+01|  3.175506e+02|  2.454553e-03|  2.887783e-04|  1.647821e-01|     2|   6|0|n|29|  OK  |
Velocity (predicted):
        (local) sd   0: min(  20141)=2.8517634574665      , max(  66536)=213.85931935072      
Flow alg-view 0 is not Neumann (not for Phase Change + Nested Iters)
+----+----+--------------+--------------+--------------+--------------+--------------+------+----+-+-+--+------+
|Name|view| Initial res  | Initial resL1| Target res   | Final res    | Final res L1 |Visits|Iter|R|F|CL|Status|
|DVGR|   0|  2.808300e-03|  2.947896e+00|  1.755187e-07|  9.786798e-08|  2.313167e-02|     3|   9|0|n|30|  OK  |
PRESSURE SOLVER(geom_index=  0): sum_C_dp=-6.92136e-05
Face Momentum (sd=  0): max value of div(mf) (cv=20166) = 3.912949e-05
	norm_L2 of div(momentum) = 3.147250e-04.
nsd = 0 min_dtHy = 0.000958197 (nCV =	21071 ) max_dtHy = 0.0088804 (nCV =	20141 ) 
+----+----+--------------+--------------+--------------+--------------+--------------+------+----+-+-+--+------+
|Name|view| Initial res  | Initial resL1| Target res   | Final res    | Final res L1 |Visits|Iter|R|F|CL|Status|
|CHT |   0|  4.078606e+02|  5.057448e+02|  2.549129e-02|  6.557171e-03|  1.906007e+00|     1|   9|0|n|30|  OK  |
nsd = 0 min_dtke = 0.000154657 (nCV =	20159 ) max_dtke = 0.00194589 (nCV =	77934 ) 
+----+----+----+--------------+--------------+--------------+--------------+--------------+------+----+-+-+--+------+
|Name|view| n_y| Initial res  | Initial resL1| Target res   | Final res    | Final res L1 |Visits|Iter|R|F|CL|Status|
+----+----+----+--------------+--------------+--------------+--------------+--------------+------+----+-+-+--+------+
|turb|   0|   0|  6.097969e+02|  2.254245e+02|  1.060434e-04|  5.341379e-05|  2.433848e-01|     5|  30|0|n|30|  OK  |
|turb|   0|   1|  8.573615e+08|  2.095805e+05|  2.432258e-01|  3.197871e-02|  4.806293e+00|     8|  48|0|n|30|  OK  |
Filter: K,E,momentum: sd =   0 isolating K from zero=      0 E from zero=    333 E from infinity=      0
slv : Fluid subdom(new) 0
slv : P static (new)                 : min(  20038) = 92792.785005057      , max(  21339) = 248416.31314077      
slv : Density (new)                  : min(  20038) = 1.0419533535207      , max(  21339) = 2.758863388242       
slv : Velocity (new)                 : min(  21335) = 2.1606471054332      , max(  66536) = 213.88012177868      
slv : Mach number (new)              : min(  21335) = 0.0060862662790002   , max(  66536) = 0.62543132590653     
slv : Turbulent k (new)              : min(      0) = 0.047885403111453    , max(  20159) = 1262.4598013495      
slv : Turbulent e (new)              : min(  24650) = 0.35673500019375     , max(  20159) = 1559772.2103993      
slv : Temperature (new)              : min(  66536) = 291.14918810047      , max(  21335) = 313.90892691797      
slv : Total enthalpy, Y-shifted (new): min(  20156) = 19967.519473656      , max(  21351) = 21902.875116033      
slv : MASS FLUXES AT OPENINGS: MF=-314.857, AP=314.858
slv : DvGr statistics: min alpha=0.075711(nfa=208855, geom_slice=0)
slv : +----------------------------------+------------+-------+------------+------------+
slv : |          Collector name          | Total Time | Count |  Avg Time  |  Max Time  |
slv : +----------------------------------+------------+-------+------------+------------+
slv : | Calculate_inc                    |      25.413|     56|       0.454|       0.652|
slv : | CollectEMT_Results               |       0.000|     57|       0.000|       0.000|
slv : | HeatPathCalculator_Dynamic       |       0.021|      1|       0.021|       0.021|
slv : | LiSy_make_portrait               |       0.613|    251|       0.002|       0.017|
slv : | Results_processing               |       2.981|     56|       0.053|       0.067|
slv : | build_sl_ordering_CHT            |       0.016|     57|       0.000|       0.006|
slv : | build_sl_ordering_MDS            |       0.118|     57|       0.002|       0.019|
slv : | build_sl_ordering_fluid          |       0.117|     57|       0.002|       0.019|
slv : | calc_Convolutions_MDS            |       0.774|     57|       0.014|       0.027|
slv : | calc_wall_dist                   |       0.372|      1|       0.372|       0.372|
slv : | create_Gr_operators_MDS          |       0.822|     57|       0.014|       0.027|
slv : | create_Gr_operators_portrait_MDS |       0.427|     57|       0.007|       0.012|
slv : | init_Hy_group_MDS                |       0.786|     57|       0.014|       0.019|
slv : | perform_stage_total              |      21.905|   1547|       0.014|       0.372|
slv : | precalc_at_start_MDS             |       0.666|      2|       0.333|       0.637|
slv : | solve_3M_MDS                     |       2.380|     57|       0.042|       0.069|
slv : | solve_3M_alg_MDS                 |       0.858|     57|       0.015|       0.041|
slv : | solve_BG_MDS                     |       1.831|     57|       0.032|       0.042|
slv : | solve_BG_alg_MDS                 |       1.265|     57|       0.022|       0.033|
slv : | solve_BL_MDS                     |       0.856|     57|       0.015|       0.019|
slv : | solve_CHT                        |       1.830|     57|       0.032|       0.080|
slv : | solve_CHT_MDS                    |       1.384|     57|       0.024|       0.073|
slv : | solve_CHT_alg_MDS                |       0.523|     57|       0.009|       0.056|
slv : | solve_DvGr_MDS                   |       5.359|     57|       0.094|       0.303|
slv : | solve_DvGr_alg_MDS               |       2.558|     57|       0.045|       0.255|
slv : | solve_INPR_MDS                   |       0.000|      1|       0.000|       0.000|
slv : | solve_PS+QJ                      |       0.000|      0|       0.000|       0.000|
slv : | solve_YLMA_MDS                   |       0.001|     57|       0.000|       0.000|
slv : | solve_YNOx_MDS                   |       0.000|     57|       0.000|       0.000|
slv : | solve_YTd_MDS                    |       0.001|     57|       0.000|       0.000|
slv : | solve_YTurb_MDS                  |       7.534|     57|       0.132|       0.164|
slv : | solve_YTurb_alg_MDS              |       4.123|    114|       0.036|       0.057|
slv : | update_BC_MDS                    |       0.000|     58|       0.000|       0.000|
slv : | update_Mf_after_DvGr             |       0.676|     57|       0.012|       0.023|
slv : | update_VelPressure_MDS           |       0.105|     57|       0.002|       0.003|
slv : +----------------------------------+------------+-------+------------+------------+
-----------------------------------------------------------------------
Memory Working Set Current = 441.93 Mb, Memory Working Set Peak = 442.84 Mb
Memory Private Bytes Current = 626.41 Mb, Memory Private Bytes Peak = 627.73 Mb
Process Threads Number: 16
-----------------------------------------------------------------------
Algebra Pool      : mem_usage = 441.75 Mb, allocated count = 1577

================== Tstep=57 ===================
<Dynamic P> on nsd = 0 {openings (inlet / outlet)}:
  (SP = Static Pressure, EP = Environment Pressure, TP = Total Pressure, E = External)
  {#0, E, (3.665648e-02 / 2.734105e+04)}
  {#1, E, (4.466812e-02 / 2.734104e+04)}
  {#2, E, (0.000000e+00 / 2.710007e+04)}
  {#3, E, (2.733225e+04 / 0.000000e+00)}
  {#4, E, (4.590500e-03 / 2.734036e+04)}
  {#5, E, (1.079142e-02 / 2.734067e+04)}
  MWS[  0]=7.03505
tau_viscous_averaged = 72.8908 
dt(mass,momentum; nsd=  0): min dt/dtG(ncv=  10382)=0.96 , max dt/dtG(ncv=  20141)=9.0    , dtG=0.00100204
Flow alg-view 0 in phys-view 0 isn't Neumann (not Multi Phase treating)
Face Momentum (sd=  0): max value of div(mf) (cv=23849) = 5.411381e-05
Flow alg-view 0 is not Neumann (not for Phase Change + Nested Iters)
+----+----+--------------+--------------+--------------+--------------+--------------+------+----+-+-+--+------+
|Name|view| Initial res  | Initial resL1| Target res   | Final res    | Final res L1 |Visits|Iter|R|F|CL|Status|
| BG |   0|  1.110172e-07|  2.372471e-02|  1.755187e-09|  1.382618e-09|  3.223122e-03|     5|  15|0|n|30|  OK  |
log10(resTarget_Lim / resTarget_Orig): 2.4 
Face Momentum (sd=  0): max value of div(mf) (cv=10423) = 3.914705e-06
	norm_L2 of div(momentum) = 3.723385e-05.
Flow alg-view 0 in phys-view 0 isn't Neumann (not Multi Phase treating)
LOG: number of a-faces with weighted approximations in 0 subdomain: 8.88554 percent
LOG: Rate of a-faces corrected to CUp1st in 0 subdomain: 0.166486 %
slv : SolveBL stage
|nsd|Real WF|NormalF|Cycle F|CriticF| EdgeF |CyclBrF|ExtParF|RWFnumSt|StLvlNum|  nfw  |  alp_U_min  |  nfw  |  alp_U_max  |  nfw  |  alp_T_min  |  nfw  |  alp_T_max  |  nfw  |  BL_s_min   |  nfw  |   BL_s_max  |
|  0|   2054|   1824|     10|     15|    205|      0|      0|    2044|      66|   3996|0            |  12947|19.5895      |   3978|0            |   4959|7341.93      |  12935|-22233.4     |   3978|0            |
Face Momentum (sd=  0): max value of div(mf) (cv=10423) = 3.914705e-06
	norm_L2 of div(momentum) = 3.723385e-05.
nsd = 0 BC: AP Inlet occurs on 2816 w-faces
+----+----+----+--------------+--------------+--------------+--------------+--------------+------+----+-+-+--+------+
|Name|view| n_y| Initial res  | Initial resL1| Target res   | Final res    | Final res L1 |Visits|Iter|R|F|CL|Status|
+----+----+----+--------------+--------------+--------------+--------------+--------------+------+----+-+-+--+------+
| 3M |   0|   0|  1.487551e+01|  3.186769e+02|  2.789158e-03|  2.301047e-04|  1.752462e-01|     2|   6|0|n|29|  OK  |
Velocity (predicted):
        (local) sd   0: min(  20141)=2.5283253480038      , max(  66536)=213.86004246605      
Flow alg-view 0 is not Neumann (not for Phase Change + Nested Iters)
+----+----+--------------+--------------+--------------+--------------+--------------+------+----+-+-+--+------+
|Name|view| Initial res  | Initial resL1| Target res   | Final res    | Final res L1 |Visits|Iter|R|F|CL|Status|
|DVGR|   0|  2.995570e-03|  2.921403e+00|  1.872231e-07|  8.911503e-08|  2.276664e-02|     3|   9|0|n|30|  OK  |
PRESSURE SOLVER(geom_index=  0): sum_C_dp=-7.96588e-05
Face Momentum (sd=  0): max value of div(mf) (cv=20166) = 4.496994e-05
	norm_L2 of div(momentum) = 3.005929e-04.
nsd = 0 min_dtHy = 0.00095703 (nCV =	10382 ) max_dtHy = 0.00906665 (nCV =	20141 ) 
+----+----+--------------+--------------+--------------+--------------+--------------+------+----+-+-+--+------+
|Name|view| Initial res  | Initial resL1| Target res   | Final res    | Final res L1 |Visits|Iter|R|F|CL|Status|
|CHT |   0|  4.058666e+02|  5.066452e+02|  2.536666e-02|  7.092670e-03|  1.836872e+00|     1|   9|0|n|30|  OK  |
nsd = 0 min_dtke = 0.000155418 (nCV =	20150 ) max_dtke = 0.00194586 (nCV =	77999 ) 
+----+----+----+--------------+--------------+--------------+--------------+--------------+------+----+-+-+--+------+
|Name|view| n_y| Initial res  | Initial resL1| Target res   | Final res    | Final res L1 |Visits|Iter|R|F|CL|Status|
+----+----+----+--------------+--------------+--------------+--------------+--------------+------+----+-+-+--+------+
|turb|   0|   0|  7.073162e+02|  2.270935e+02|  1.060918e-04|  5.694504e-05|  2.428530e-01|     5|  30|0|n|30|  OK  |
|turb|   0|   1|  1.231608e+09|  2.249312e+05|  2.433925e-01|  2.686041e-02|  4.498971e+00|     8|  48|0|n|30|  OK  |
Filter: K,E,momentum: sd =   0 isolating K from zero=      0 E from zero=    335 E from infinity=      0
slv : Fluid subdom(new) 0
slv : P static (new)                 : min(  20038) = 92814.869157028      , max(  21343) = 246650.34271474      
slv : Density (new)                  : min(  20038) = 1.0422862320691      , max(  21343) = 2.7394364731033      
slv : Velocity (new)                 : min(  21331) = 2.1848752843395      , max(  66536) = 213.88420968129      
slv : Mach number (new)              : min(  21331) = 0.0061545871979507   , max(  66536) = 0.62544420672589     
slv : Turbulent k (new)              : min(      0) = 0.047885405849198    , max(  20159) = 1252.3106337854      
slv : Turbulent e (new)              : min(  10369) = 0.19469527603591     , max(  20150) = 1546032.1826271      
slv : Temperature (new)              : min(  66536) = 291.14832093723      , max(  21331) = 313.90140106527      
slv : Total enthalpy, Y-shifted (new): min(  20156) = 19933.875286777      , max(  21351) = 21904.352944219      
slv : MASS FLUXES AT OPENINGS: MF=-314.857, AP=314.858
slv : DvGr statistics: min alpha=0.0757108(nfa=208855, geom_slice=0)
slv : +----------------------------------+------------+-------+------------+------------+
slv : |          Collector name          | Total Time | Count |  Avg Time  |  Max Time  |
slv : +----------------------------------+------------+-------+------------+------------+
slv : | Calculate_inc                    |      25.883|     57|       0.454|       0.652|
slv : | CollectEMT_Results               |       0.000|     58|       0.000|       0.000|
slv : | HeatPathCalculator_Dynamic       |       0.021|      1|       0.021|       0.021|
slv : | LiSy_make_portrait               |       0.623|    255|       0.002|       0.017|
slv : | Results_processing               |       3.031|     57|       0.053|       0.067|
slv : | build_sl_ordering_CHT            |       0.016|     58|       0.000|       0.006|
slv : | build_sl_ordering_MDS            |       0.118|     58|       0.002|       0.019|
slv : | build_sl_ordering_fluid          |       0.117|     58|       0.002|       0.019|
slv : | calc_Convolutions_MDS            |       0.787|     58|       0.014|       0.027|
slv : | calc_wall_dist                   |       0.372|      1|       0.372|       0.372|
slv : | create_Gr_operators_MDS          |       0.835|     58|       0.014|       0.027|
slv : | create_Gr_operators_portrait_MDS |       0.436|     58|       0.008|       0.012|
slv : | init_Hy_group_MDS                |       0.799|     58|       0.014|       0.019|
slv : | perform_stage_total              |      22.261|   1574|       0.014|       0.372|
slv : | precalc_at_start_MDS             |       0.666|      2|       0.333|       0.637|
slv : | solve_3M_MDS                     |       2.428|     58|       0.042|       0.069|
slv : | solve_3M_alg_MDS                 |       0.879|     58|       0.015|       0.041|
slv : | solve_BG_MDS                     |       1.858|     58|       0.032|       0.042|
slv : | solve_BG_alg_MDS                 |       1.282|     58|       0.022|       0.033|
slv : | solve_BL_MDS                     |       0.871|     58|       0.015|       0.019|
slv : | solve_CHT                        |       1.857|     58|       0.032|       0.080|
slv : | solve_CHT_MDS                    |       1.403|     58|       0.024|       0.073|
slv : | solve_CHT_alg_MDS                |       0.528|     58|       0.009|       0.056|
slv : | solve_DvGr_MDS                   |       5.425|     58|       0.094|       0.303|
slv : | solve_DvGr_alg_MDS               |       2.576|     58|       0.044|       0.255|
slv : | solve_INPR_MDS                   |       0.000|      1|       0.000|       0.000|
slv : | solve_PS+QJ                      |       0.000|      0|       0.000|       0.000|
slv : | solve_YLMA_MDS                   |       0.001|     58|       0.000|       0.000|
slv : | solve_YNOx_MDS                   |       0.000|     58|       0.000|       0.000|
slv : | solve_YTd_MDS                    |       0.001|     58|       0.000|       0.000|
slv : | solve_YTurb_MDS                  |       7.676|     58|       0.132|       0.164|
slv : | solve_YTurb_alg_MDS              |       4.203|    116|       0.036|       0.057|
slv : | update_BC_MDS                    |       0.000|     59|       0.000|       0.000|
slv : | update_Mf_after_DvGr             |       0.688|     58|       0.012|       0.023|
slv : | update_VelPressure_MDS           |       0.107|     58|       0.002|       0.003|
slv : +----------------------------------+------------+-------+------------+------------+
-----------------------------------------------------------------------
Memory Working Set Current = 439.70 Mb, Memory Working Set Peak = 443.02 Mb
Memory Private Bytes Current = 622.78 Mb, Memory Private Bytes Peak = 628.28 Mb
Process Threads Number: 16
-----------------------------------------------------------------------
Algebra Pool      : mem_usage = 441.75 Mb, allocated count = 1577

================== Tstep=58 ===================
<Dynamic P> on nsd = 0 {openings (inlet / outlet)}:
  (SP = Static Pressure, EP = Environment Pressure, TP = Total Pressure, E = External)
  {#0, E, (3.660150e-02 / 2.734105e+04)}
  {#1, E, (4.466081e-02 / 2.734104e+04)}
  {#2, E, (0.000000e+00 / 2.710003e+04)}
  {#3, E, (2.733222e+04 / 0.000000e+00)}
  {#4, E, (4.588202e-03 / 2.734037e+04)}
  {#5, E, (1.076574e-02 / 2.734067e+04)}
  MWS[  0]=7.0363
tau_viscous_averaged = 72.9271 
dt(mass,momentum; nsd=  0): min dt/dtG(ncv=  21071)=0.96 , max dt/dtG(ncv=  20141)=9.3    , dtG=0.00100074
Flow alg-view 0 in phys-view 0 isn't Neumann (not Multi Phase treating)
Face Momentum (sd=  0): max value of div(mf) (cv=12943) = 2.239343e-04
Flow alg-view 0 is not Neumann (not for Phase Change + Nested Iters)
+----+----+--------------+--------------+--------------+--------------+--------------+------+----+-+-+--+------+
|Name|view| Initial res  | Initial resL1| Target res   | Final res    | Final res L1 |Visits|Iter|R|F|CL|Status|
| BG |   0|  1.529267e-07|  2.354882e-02|  1.872231e-09|  5.456484e-10|  2.030168e-03|     6|  18|0|n|30|  OK  |
log10(resTarget_Lim / resTarget_Orig): 2.3 
Face Momentum (sd=  0): max value of div(mf) (cv=10392) = 2.262608e-06
	norm_L2 of div(momentum) = 2.347378e-05.
Flow alg-view 0 in phys-view 0 isn't Neumann (not Multi Phase treating)
LOG: number of a-faces with weighted approximations in 0 subdomain: 8.8086 percent
LOG: Rate of a-faces corrected to CUp1st in 0 subdomain: 0.171393 %
slv : SolveBL stage
|nsd|Real WF|NormalF|Cycle F|CriticF| EdgeF |CyclBrF|ExtParF|RWFnumSt|StLvlNum|  nfw  |  alp_U_min  |  nfw  |  alp_U_max  |  nfw  |  alp_T_min  |  nfw  |  alp_T_max  |  nfw  |  BL_s_min   |  nfw  |   BL_s_max  |
|  0|   2054|   1824|     10|     14|    206|      0|      0|    2044|      65|   3991|0            |  12947|19.5895      |   1780|0            |   4007|12186.9      |  12935|-22233.5     |   1780|0            |
Face Momentum (sd=  0): max value of div(mf) (cv=10392) = 2.262608e-06
	norm_L2 of div(momentum) = 2.347378e-05.
nsd = 0 BC: AP Inlet occurs on 2820 w-faces
+----+----+----+--------------+--------------+--------------+--------------+--------------+------+----+-+-+--+------+
|Name|view| n_y| Initial res  | Initial resL1| Target res   | Final res    | Final res L1 |Visits|Iter|R|F|CL|Status|
+----+----+----+--------------+--------------+--------------+--------------+--------------+------+----+-+-+--+------+
| 3M |   0|   0|  1.285561e+01|  3.073741e+02|  2.410428e-03|  1.350907e-04|  1.563129e-01|     2|   6|0|n|29|  OK  |
Velocity (predicted):
        (local) sd   0: min(  20141)=2.2155953581562      , max(  66536)=213.85789994494      
Flow alg-view 0 is not Neumann (not for Phase Change + Nested Iters)
+----+----+--------------+--------------+--------------+--------------+--------------+------+----+-+-+--+------+
|Name|view| Initial res  | Initial resL1| Target res   | Final res    | Final res L1 |Visits|Iter|R|F|CL|Status|
|DVGR|   0|  2.700769e-03|  2.918064e+00|  1.687980e-07|  8.800115e-08|  2.275427e-02|     3|   9|0|n|30|  OK  |
PRESSURE SOLVER(geom_index=  0): sum_C_dp=-0.000100843
Face Momentum (sd=  0): max value of div(mf) (cv=20166) = 5.021205e-05
	norm_L2 of div(momentum) = 2.989125e-04.
nsd = 0 min_dtHy = 0.000958176 (nCV =	21071 ) max_dtHy = 0.00925718 (nCV =	20141 ) 
+----+----+--------------+--------------+--------------+--------------+--------------+------+----+-+-+--+------+
|Name|view| Initial res  | Initial resL1| Target res   | Final res    | Final res L1 |Visits|Iter|R|F|CL|Status|
|CHT |   0|  4.371766e+02|  5.147161e+02|  2.732353e-02|  9.986135e-03|  2.198554e+00|     1|   9|0|n|30|  OK  |
nsd = 0 min_dtke = 0.00015557 (nCV =	20150 ) max_dtke = 0.00194583 (nCV =	77999 ) 
+----+----+----+--------------+--------------+--------------+--------------+--------------+------+----+-+-+--+------+
|Name|view| n_y| Initial res  | Initial resL1| Target res   | Final res    | Final res L1 |Visits|Iter|R|F|CL|Status|
+----+----+----+--------------+--------------+--------------+--------------+--------------+------+----+-+-+--+------+
|turb|   0|   0|  7.592372e+02|  2.277983e+02|  1.061656e-04|  5.711336e-05|  2.350135e-01|     5|  30|0|n|30|  OK  |
|turb|   0|   1|  1.595989e+09|  2.340456e+05|  2.436478e-01|  2.998035e-02|  4.470630e+00|     8|  48|0|n|30|  OK  |
Filter: K,E,momentum: sd =   0 isolating K from zero=      0 E from zero=    335 E from infinity=      0
slv : Fluid subdom(new) 0
slv : P static (new)                 : min(  20038) = 92825.522766461      , max(  21343) = 245342.08396093      
slv : Density (new)                  : min(  20038) = 1.0423957838243      , max(  21343) = 2.7253361437283      
slv : Velocity (new)                 : min(  21335) = 1.7653815939744      , max(  66536) = 213.87842283907      
slv : Mach number (new)              : min(  21335) = 0.0049728699392739   , max(  66536) = 0.62542596937259     
slv : Turbulent k (new)              : min(      0) = 0.0478854241814      , max(  20150) = 1252.9388128022      
slv : Turbulent e (new)              : min(  24650) = 0.35375194039516     , max(  20150) = 1551645.1150829      
slv : Temperature (new)              : min(  66536) = 291.14955153948      , max(  21335) = 313.90689186833      
slv : Total enthalpy, Y-shifted (new): min(  20156) = 19995.954368716      , max(  21351) = 21904.924383746      
slv : MASS FLUXES AT OPENINGS: MF=-314.857, AP=314.858
slv : DvGr statistics: min alpha=0.0757111(nfa=208855, geom_slice=0)
slv : +----------------------------------+------------+-------+------------+------------+
slv : |          Collector name          | Total Time | Count |  Avg Time  |  Max Time  |
slv : +----------------------------------+------------+-------+------------+------------+
slv : | Calculate_inc                    |      26.310|     58|       0.454|       0.652|
slv : | CollectEMT_Results               |       0.000|     59|       0.000|       0.000|
slv : | HeatPathCalculator_Dynamic       |       0.021|      1|       0.021|       0.021|
slv : | LiSy_make_portrait               |       0.636|    259|       0.002|       0.017|
slv : | Results_processing               |       3.081|     58|       0.053|       0.067|
slv : | build_sl_ordering_CHT            |       0.016|     59|       0.000|       0.006|
slv : | build_sl_ordering_MDS            |       0.119|     59|       0.002|       0.019|
slv : | build_sl_ordering_fluid          |       0.117|     59|       0.002|       0.019|
slv : | calc_Convolutions_MDS            |       0.799|     59|       0.014|       0.027|
slv : | calc_wall_dist                   |       0.372|      1|       0.372|       0.372|
slv : | create_Gr_operators_MDS          |       0.854|     59|       0.014|       0.027|
slv : | create_Gr_operators_portrait_MDS |       0.442|     59|       0.007|       0.012|
slv : | init_Hy_group_MDS                |       0.816|     59|       0.014|       0.019|
slv : | perform_stage_total              |      22.649|   1601|       0.014|       0.372|
slv : | precalc_at_start_MDS             |       0.666|      2|       0.333|       0.637|
slv : | solve_3M_MDS                     |       2.489|     59|       0.042|       0.069|
slv : | solve_3M_alg_MDS                 |       0.900|     59|       0.015|       0.041|
slv : | solve_BG_MDS                     |       1.888|     59|       0.032|       0.042|
slv : | solve_BG_alg_MDS                 |       1.301|     59|       0.022|       0.033|
slv : | solve_BL_MDS                     |       0.886|     59|       0.015|       0.019|
slv : | solve_CHT                        |       1.886|     59|       0.032|       0.080|
slv : | solve_CHT_MDS                    |       1.424|     59|       0.024|       0.073|
slv : | solve_CHT_alg_MDS                |       0.532|     59|       0.009|       0.056|
slv : | solve_DvGr_MDS                   |       5.500|     59|       0.093|       0.303|
slv : | solve_DvGr_alg_MDS               |       2.598|     59|       0.044|       0.255|
slv : | solve_INPR_MDS                   |       0.000|      1|       0.000|       0.000|
slv : | solve_PS+QJ                      |       0.000|      0|       0.000|       0.000|
slv : | solve_YLMA_MDS                   |       0.001|     59|       0.000|       0.000|
slv : | solve_YNOx_MDS                   |       0.000|     59|       0.000|       0.000|
slv : | solve_YTd_MDS                    |       0.001|     59|       0.000|       0.000|
slv : | solve_YTurb_MDS                  |       7.816|     59|       0.132|       0.164|
slv : | solve_YTurb_alg_MDS              |       4.282|    118|       0.036|       0.057|
slv : | update_BC_MDS                    |       0.000|     60|       0.000|       0.000|
slv : | update_Mf_after_DvGr             |       0.701|     59|       0.012|       0.023|
slv : | update_VelPressure_MDS           |       0.109|     59|       0.002|       0.003|
slv : +----------------------------------+------------+-------+------------+------------+
-----------------------------------------------------------------------
Memory Working Set Current = 441.55 Mb, Memory Working Set Peak = 443.02 Mb
Memory Private Bytes Current = 625.89 Mb, Memory Private Bytes Peak = 628.28 Mb
Process Threads Number: 16
-----------------------------------------------------------------------
Algebra Pool      : mem_usage = 441.75 Mb, allocated count = 1571

================== Tstep=59 ===================
<Dynamic P> on nsd = 0 {openings (inlet / outlet)}:
  (SP = Static Pressure, EP = Environment Pressure, TP = Total Pressure, E = External)
  {#0, E, (3.647708e-02 / 2.734105e+04)}
  {#1, E, (4.470051e-02 / 2.734104e+04)}
  {#2, E, (0.000000e+00 / 2.710012e+04)}
  {#3, E, (2.733225e+04 / 0.000000e+00)}
  {#4, E, (4.581968e-03 / 2.734037e+04)}
  {#5, E, (1.080298e-02 / 2.734067e+04)}
  MWS[  0]=7.03661
tau_viscous_averaged = 72.9737 
dt(mass,momentum; nsd=  0): min dt/dtG(ncv=  10382)=0.96 , max dt/dtG(ncv=  20141)=9.4    , dtG=0.00100202
Flow alg-view 0 in phys-view 0 isn't Neumann (not Multi Phase treating)
Face Momentum (sd=  0): max value of div(mf) (cv=12943) = 1.588222e-04
Flow alg-view 0 is not Neumann (not for Phase Change + Nested Iters)
+----+----+--------------+--------------+--------------+--------------+--------------+------+----+-+-+--+------+
|Name|view| Initial res  | Initial resL1| Target res   | Final res    | Final res L1 |Visits|Iter|R|F|CL|Status|
| BG |   0|  1.456635e-07|  2.363084e-02|  1.687980e-09|  6.056642e-10|  2.042320e-03|     6|  18|0|n|30|  OK  |
log10(resTarget_Lim / resTarget_Orig): 2.3 
Face Momentum (sd=  0): max value of div(mf) (cv=10392) = 2.494205e-06
	norm_L2 of div(momentum) = 2.475515e-05.
Flow alg-view 0 in phys-view 0 isn't Neumann (not Multi Phase treating)
LOG: number of a-faces with weighted approximations in 0 subdomain: 8.84939 percent
LOG: Rate of a-faces corrected to CUp1st in 0 subdomain: 0.169778 %
slv : SolveBL stage
|nsd|Real WF|NormalF|Cycle F|CriticF| EdgeF |CyclBrF|ExtParF|RWFnumSt|StLvlNum|  nfw  |  alp_U_min  |  nfw  |  alp_U_max  |  nfw  |  alp_T_min  |  nfw  |  alp_T_max  |  nfw  |  BL_s_min   |  nfw  |   BL_s_max  |
|  0|   2054|   1823|     10|     16|    205|      0|      0|    2044|      66|   3991|0            |  12947|19.5894      |   3903|0            |   4728|34737.3      |  12935|-22233.6     |   3903|0            |
Face Momentum (sd=  0): max value of div(mf) (cv=10392) = 2.494205e-06
	norm_L2 of div(momentum) = 2.475515e-05.
nsd = 0 BC: AP Inlet occurs on 2824 w-faces
+----+----+----+--------------+--------------+--------------+--------------+--------------+------+----+-+-+--+------+
|Name|view| n_y| Initial res  | Initial resL1| Target res   | Final res    | Final res L1 |Visits|Iter|R|F|CL|Status|
+----+----+----+--------------+--------------+--------------+--------------+--------------+------+----+-+-+--+------+
| 3M |   0|   0|  1.328174e+01|  3.097064e+02|  2.490325e-03|  7.365822e-05|  1.351377e-01|     2|   6|0|n|29|  OK  |
Velocity (predicted):
        (local) sd   0: min(  20141)=1.9648428976508      , max(  66536)=213.85851077926      
Flow alg-view 0 is not Neumann (not for Phase Change + Nested Iters)
+----+----+--------------+--------------+--------------+--------------+--------------+------+----+-+-+--+------+
|Name|view| Initial res  | Initial resL1| Target res   | Final res    | Final res L1 |Visits|Iter|R|F|CL|Status|
|DVGR|   0|  2.564674e-03|  2.824366e+00|  1.602921e-07|  1.040837e-07|  2.345759e-02|     3|   9|0|n|30|  OK  |
PRESSURE SOLVER(geom_index=  0): sum_C_dp=-0.000120064
Face Momentum (sd=  0): max value of div(mf) (cv=20166) = 5.441223e-05
	norm_L2 of div(momentum) = 3.247890e-04.
nsd = 0 min_dtHy = 0.000957336 (nCV =	10382 ) max_dtHy = 0.00943791 (nCV =	20141 ) 
+----+----+--------------+--------------+--------------+--------------+--------------+------+----+-+-+--+------+
|Name|view| Initial res  | Initial resL1| Target res   | Final res    | Final res L1 |Visits|Iter|R|F|CL|Status|
|CHT |   0|  4.449158e+02|  5.165321e+02|  2.780724e-02|  1.176968e-02|  2.451455e+00|     1|   9|0|n|30|  OK  |
nsd = 0 min_dtke = 0.000155406 (nCV =	20150 ) max_dtke = 0.00194584 (nCV =	77999 ) 
+----+----+----+--------------+--------------+--------------+--------------+--------------+------+----+-+-+--+------+
|Name|view| n_y| Initial res  | Initial resL1| Target res   | Final res    | Final res L1 |Visits|Iter|R|F|CL|Status|
+----+----+----+--------------+--------------+--------------+--------------+--------------+------+----+-+-+--+------+
|turb|   0|   0|  7.652220e+02|  2.237384e+02|  1.061820e-04|  4.524842e-05|  2.185474e-01|     5|  30|0|n|30|  OK  |
|turb|   0|   1|  1.837779e+09|  2.368329e+05|  2.437063e-01|  2.519874e-02|  4.166443e+00|     8|  48|0|n|30|  OK  |
Filter: K,E,momentum: sd =   0 isolating K from zero=      0 E from zero=    333 E from infinity=      0
slv : Fluid subdom(new) 0
slv : P static (new)                 : min(  20038) = 92844.033570161      , max(  21343) = 243946.96023333      
slv : Density (new)                  : min(  20038) = 1.0426899876283      , max(  21343) = 2.7102735840911      
slv : Velocity (new)                 : min(  21331) = 0.57996841341097     , max(  66536) = 213.88449569542      
slv : Mach number (new)              : min(  21331) = 0.0016337218194433   , max(  66536) = 0.62544510556362     
slv : Turbulent k (new)              : min(      0) = 0.047885423064705    , max(  20159) = 1261.275485365       
slv : Turbulent e (new)              : min(  10369) = 0.55162275951758     , max(  20159) = 1561685.0746209      
slv : Temperature (new)              : min(  66536) = 291.14826249464      , max(  21335) = 313.90561690428      
slv : Total enthalpy, Y-shifted (new): min(  20136) = 19997.699961854      , max(  21351) = 21906.721981158      
slv : MASS FLUXES AT OPENINGS: MF=-314.857, AP=314.858
slv : DvGr statistics: min alpha=0.0757109(nfa=208855, geom_slice=0)
slv : +----------------------------------+------------+-------+------------+------------+
slv : |          Collector name          | Total Time | Count |  Avg Time  |  Max Time  |
slv : +----------------------------------+------------+-------+------------+------------+
slv : | Calculate_inc                    |      26.773|     59|       0.454|       0.652|
slv : | CollectEMT_Results               |       0.000|     60|       0.000|       0.000|
slv : | HeatPathCalculator_Dynamic       |       0.021|      1|       0.021|       0.021|
slv : | LiSy_make_portrait               |       0.644|    263|       0.002|       0.017|
slv : | Results_processing               |       3.129|     59|       0.053|       0.067|
slv : | build_sl_ordering_CHT            |       0.016|     60|       0.000|       0.006|
slv : | build_sl_ordering_MDS            |       0.119|     60|       0.002|       0.019|
slv : | build_sl_ordering_fluid          |       0.118|     60|       0.002|       0.019|
slv : | calc_Convolutions_MDS            |       0.812|     60|       0.014|       0.027|
slv : | calc_wall_dist                   |       0.372|      1|       0.372|       0.372|
slv : | create_Gr_operators_MDS          |       0.868|     60|       0.014|       0.027|
slv : | create_Gr_operators_portrait_MDS |       0.450|     60|       0.008|       0.012|
slv : | init_Hy_group_MDS                |       0.829|     60|       0.014|       0.019|
slv : | perform_stage_total              |      23.007|   1628|       0.014|       0.372|
slv : | precalc_at_start_MDS             |       0.666|      2|       0.333|       0.637|
slv : | solve_3M_MDS                     |       2.535|     60|       0.042|       0.069|
slv : | solve_3M_alg_MDS                 |       0.921|     60|       0.015|       0.041|
slv : | solve_BG_MDS                     |       1.917|     60|       0.032|       0.042|
slv : | solve_BG_alg_MDS                 |       1.321|     60|       0.022|       0.033|
slv : | solve_BL_MDS                     |       0.900|     60|       0.015|       0.019|
slv : | solve_CHT                        |       1.912|     60|       0.032|       0.080|
slv : | solve_CHT_MDS                    |       1.443|     60|       0.024|       0.073|
slv : | solve_CHT_alg_MDS                |       0.536|     60|       0.009|       0.056|
slv : | solve_DvGr_MDS                   |       5.566|     60|       0.093|       0.303|
slv : | solve_DvGr_alg_MDS               |       2.617|     60|       0.044|       0.255|
slv : | solve_INPR_MDS                   |       0.000|      1|       0.000|       0.000|
slv : | solve_PS+QJ                      |       0.000|      0|       0.000|       0.000|
slv : | solve_YLMA_MDS                   |       0.001|     60|       0.000|       0.000|
slv : | solve_YNOx_MDS                   |       0.000|     60|       0.000|       0.000|
slv : | solve_YTd_MDS                    |       0.001|     60|       0.000|       0.000|
slv : | solve_YTurb_MDS                  |       7.956|     60|       0.133|       0.164|
slv : | solve_YTurb_alg_MDS              |       4.361|    120|       0.036|       0.057|
slv : | update_BC_MDS                    |       0.000|     61|       0.000|       0.000|
slv : | update_Mf_after_DvGr             |       0.712|     60|       0.012|       0.023|
slv : | update_VelPressure_MDS           |       0.111|     60|       0.002|       0.003|
slv : +----------------------------------+------------+-------+------------+------------+
Interpolator cache: total calls 6996, optimised calls 2673 (38.2 %)
-----------------------------------------------------------------------
Memory Working Set Current = 439.93 Mb, Memory Working Set Peak = 443.07 Mb
Memory Private Bytes Current = 623.14 Mb, Memory Private Bytes Peak = 628.28 Mb
Process Threads Number: 16
-----------------------------------------------------------------------
Iteration : time = 2.49912 , count = 5 , time/count = 0.499823
Calculate_inc() : time = 2.21344 , count = 5 , time/count = 0.442687
TreatFlowEvolution() : time = 0.24858 , count = 5 , time/count = 0.049716
SolverPreview : time = 0 , count = 5 , time/count = 0
TreatGoals : time = 0.239075 , count = 5 , time/count = 0.047815
Algebra Pool      : mem_usage = 441.75 Mb, allocated count = 1579

================== Tstep=60 ===================
<Dynamic P> on nsd = 0 {openings (inlet / outlet)}:
  (SP = Static Pressure, EP = Environment Pressure, TP = Total Pressure, E = External)
  {#0, E, (3.652615e-02 / 2.734105e+04)}
  {#1, E, (4.462275e-02 / 2.734105e+04)}
  {#2, E, (0.000000e+00 / 2.710026e+04)}
  {#3, E, (2.733222e+04 / 0.000000e+00)}
  {#4, E, (4.584144e-03 / 2.734037e+04)}
  {#5, E, (1.076734e-02 / 2.734067e+04)}
  MWS[  0]=7.03801
tau_viscous_averaged = 73.0316 
dt(mass,momentum; nsd=  0): min dt/dtG(ncv=  21071)=0.96 , max dt/dtG(ncv=  20141)=9.6    , dtG=0.00100066
Flow alg-view 0 in phys-view 0 isn't Neumann (not Multi Phase treating)
Face Momentum (sd=  0): max value of div(mf) (cv=26088) = 6.188864e-05
Flow alg-view 0 is not Neumann (not for Phase Change + Nested Iters)
+----+----+--------------+--------------+--------------+--------------+--------------+------+----+-+-+--+------+
|Name|view| Initial res  | Initial resL1| Target res   | Final res    | Final res L1 |Visits|Iter|R|F|CL|Status|
| BG |   0|  1.171218e-07|  2.404375e-02|  1.602921e-09|  6.681152e-10|  2.113201e-03|     6|  18|0|n|30|  OK  |
log10(resTarget_Lim / resTarget_Orig): 2.3 
Face Momentum (sd=  0): max value of div(mf) (cv=10392) = 2.689150e-06
	norm_L2 of div(momentum) = 2.602182e-05.
Flow alg-view 0 in phys-view 0 isn't Neumann (not Multi Phase treating)
LOG: number of a-faces with weighted approximations in 0 subdomain: 8.78842 percent
LOG: Rate of a-faces corrected to CUp1st in 0 subdomain: 0.169747 %
slv : SolveBL stage
|nsd|Real WF|NormalF|Cycle F|CriticF| EdgeF |CyclBrF|ExtParF|RWFnumSt|StLvlNum|  nfw  |  alp_U_min  |  nfw  |  alp_U_max  |  nfw  |  alp_T_min  |  nfw  |  alp_T_max  |  nfw  |  BL_s_min   |  nfw  |   BL_s_max  |
|  0|   2054|   1722|     59|     13|    205|     55|      0|    1995|      66|   3991|0            |  12947|19.5894      |   3978|0            |   4007|17702.7      |  12935|-22233.7     |   3978|0            |
Face Momentum (sd=  0): max value of div(mf) (cv=10392) = 2.689150e-06
	norm_L2 of div(momentum) = 2.602182e-05.
nsd = 0 BC: AP Inlet occurs on 2823 w-faces
+----+----+----+--------------+--------------+--------------+--------------+--------------+------+----+-+-+--+------+
|Name|view| n_y| Initial res  | Initial resL1| Target res   | Final res    | Final res L1 |Visits|Iter|R|F|CL|Status|
+----+----+----+--------------+--------------+--------------+--------------+--------------+------+----+-+-+--+------+
| 3M |   0|   0|  1.274899e+01|  3.013975e+02|  2.390435e-03|  2.069739e-04|  1.505596e-01|     2|   6|0|n|29|  OK  |
Velocity (predicted):
        (local) sd   0: min(  20141)=1.6201096101898      , max(  66536)=213.85682362509      
Flow alg-view 0 is not Neumann (not for Phase Change + Nested Iters)
+----+----+--------------+--------------+--------------+--------------+--------------+------+----+-+-+--+------+
|Name|view| Initial res  | Initial resL1| Target res   | Final res    | Final res L1 |Visits|Iter|R|F|CL|Status|
|DVGR|   0|  2.236420e-03|  2.807487e+00|  1.397762e-07|  9.648448e-08|  2.222121e-02|     3|   9|0|n|30|  OK  |
PRESSURE SOLVER(geom_index=  0): sum_C_dp=-0.000123671
Face Momentum (sd=  0): max value of div(mf) (cv=20166) = 5.773040e-05
	norm_L2 of div(momentum) = 3.129351e-04.
nsd = 0 min_dtHy = 0.000958422 (nCV =	21071 ) max_dtHy = 0.00962918 (nCV =	20141 ) 
+----+----+--------------+--------------+--------------+--------------+--------------+------+----+-+-+--+------+
|Name|view| Initial res  | Initial resL1| Target res   | Final res    | Final res L1 |Visits|Iter|R|F|CL|Status|
|CHT |   0|  4.538684e+02|  5.179290e+02|  2.836678e-02|  9.926881e-05|  2.382801e-01|     2|  18|0|n|30|  OK  |
nsd = 0 min_dtke = 0.000155131 (nCV =	20159 ) max_dtke = 0.0019458 (nCV =	77934 ) 
+----+----+----+--------------+--------------+--------------+--------------+--------------+------+----+-+-+--+------+
|Name|view| n_y| Initial res  | Initial resL1| Target res   | Final res    | Final res L1 |Visits|Iter|R|F|CL|Status|
+----+----+----+--------------+--------------+--------------+--------------+--------------+------+----+-+-+--+------+
|turb|   0|   0|  7.296365e+02|  2.242089e+02|  1.062648e-04|  5.455085e-05|  2.251021e-01|     5|  30|0|n|30|  OK  |
|turb|   0|   1|  1.994609e+09|  2.471898e+05|  2.439933e-01|  2.878299e-02|  4.202021e+00|     8|  48|0|n|30|  OK  |
Filter: K,E,momentum: sd =   0 isolating K from zero=      0 E from zero=    337 E from infinity=      0
slv : Fluid subdom(new) 0
slv : P static (new)                 : min(  20038) = 92852.467112926      , max(  21343) = 242427.03946216      
slv : Density (new)                  : min(  20038) = 1.0427173523589      , max(  21343) = 2.6938927707208      
slv : Velocity (new)                 : min(  21335) = 0.34926208421582     , max(  66536) = 213.87973276574      
slv : Mach number (new)              : min(  21335) = 0.00098385184763425  , max(  66536) = 0.62543009448988     
slv : Turbulent k (new)              : min(      0) = 0.047885418191244    , max(  20150) = 1261.3619364289      
slv : Turbulent e (new)              : min(  10370) = 0.52789193471052     , max(  20150) = 1567835.149742       
slv : Temperature (new)              : min(  66536) = 291.1492759114       , max(  21335) = 313.89268317254      
slv : Total enthalpy, Y-shifted (new): min(  20136) = 19993.920924116      , max(  21351) = 21910.674204252      
slv : MASS FLUXES AT OPENINGS: MF=-314.857, AP=314.858
slv : DvGr statistics: min alpha=0.0757114(nfa=208855, geom_slice=0)
slv : +----------------------------------+------------+-------+------------+------------+
slv : |          Collector name          | Total Time | Count |  Avg Time  |  Max Time  |
slv : +----------------------------------+------------+-------+------------+------------+
slv : | Calculate_inc                    |      27.200|     60|       0.453|       0.652|
slv : | CollectEMT_Results               |       0.000|     61|       0.000|       0.000|
slv : | HeatPathCalculator_Dynamic       |       0.021|      1|       0.021|       0.021|
slv : | LiSy_make_portrait               |       0.652|    267|       0.002|       0.017|
slv : | Results_processing               |       3.176|     60|       0.053|       0.067|
slv : | build_sl_ordering_CHT            |       0.016|     61|       0.000|       0.006|
slv : | build_sl_ordering_MDS            |       0.119|     61|       0.002|       0.019|
slv : | build_sl_ordering_fluid          |       0.118|     61|       0.002|       0.019|
slv : | calc_Convolutions_MDS            |       0.826|     61|       0.014|       0.027|
slv : | calc_wall_dist                   |       0.372|      1|       0.372|       0.372|
slv : | create_Gr_operators_MDS          |       0.881|     61|       0.014|       0.027|
slv : | create_Gr_operators_portrait_MDS |       0.459|     61|       0.008|       0.012|
slv : | init_Hy_group_MDS                |       0.843|     61|       0.014|       0.019|
slv : | perform_stage_total              |      23.377|   1655|       0.014|       0.372|
slv : | precalc_at_start_MDS             |       0.666|      2|       0.333|       0.637|
slv : | solve_3M_MDS                     |       2.583|     61|       0.042|       0.069|
slv : | solve_3M_alg_MDS                 |       0.943|     61|       0.015|       0.041|
slv : | solve_BG_MDS                     |       1.944|     61|       0.032|       0.042|
slv : | solve_BG_alg_MDS                 |       1.340|     61|       0.022|       0.033|
slv : | solve_BL_MDS                     |       0.915|     61|       0.015|       0.019|
slv : | solve_CHT                        |       1.944|     61|       0.032|       0.080|
slv : | solve_CHT_MDS                    |       1.467|     61|       0.024|       0.073|
slv : | solve_CHT_alg_MDS                |       0.543|     61|       0.009|       0.056|
slv : | solve_DvGr_MDS                   |       5.634|     61|       0.092|       0.303|
slv : | solve_DvGr_alg_MDS               |       2.636|     61|       0.043|       0.255|
slv : | solve_INPR_MDS                   |       0.000|      1|       0.000|       0.000|
slv : | solve_PS+QJ                      |       0.000|      0|       0.000|       0.000|
slv : | solve_YLMA_MDS                   |       0.001|     61|       0.000|       0.000|
slv : | solve_YNOx_MDS                   |       0.000|     61|       0.000|       0.000|
slv : | solve_YTd_MDS                    |       0.001|     61|       0.000|       0.000|
slv : | solve_YTurb_MDS                  |       8.111|     61|       0.133|       0.164|
slv : | solve_YTurb_alg_MDS              |       4.453|    122|       0.037|       0.059|
slv : | update_BC_MDS                    |       0.000|     62|       0.000|       0.000|
slv : | update_Mf_after_DvGr             |       0.726|     61|       0.012|       0.023|
slv : | update_VelPressure_MDS           |       0.113|     61|       0.002|       0.003|
slv : +----------------------------------+------------+-------+------------+------------+
-----------------------------------------------------------------------
Memory Working Set Current = 440.28 Mb, Memory Working Set Peak = 443.07 Mb
Memory Private Bytes Current = 611.08 Mb, Memory Private Bytes Peak = 628.28 Mb
Process Threads Number: 16
-----------------------------------------------------------------------
Algebra Pool      : mem_usage = 441.75 Mb, allocated count = 1585

================== Tstep=61 ===================
<Dynamic P> on nsd = 0 {openings (inlet / outlet)}:
  (SP = Static Pressure, EP = Environment Pressure, TP = Total Pressure, E = External)
  {#0, E, (3.655503e-02 / 2.734105e+04)}
  {#1, E, (4.467371e-02 / 2.734104e+04)}
  {#2, E, (0.000000e+00 / 2.710040e+04)}
  {#3, E, (2.733225e+04 / 0.000000e+00)}
  {#4, E, (4.558628e-03 / 2.734037e+04)}
  {#5, E, (1.074148e-02 / 2.734067e+04)}
  MWS[  0]=7.03797
tau_viscous_averaged = 73.088 
dt(mass,momentum; nsd=  0): min dt/dtG(ncv=  10382)=0.96 , max dt/dtG(ncv=  20141)=9.8    , dtG=0.00100194
Flow alg-view 0 in phys-view 0 isn't Neumann (not Multi Phase treating)
Face Momentum (sd=  0): max value of div(mf) (cv=12943) = 1.973674e-04
Flow alg-view 0 is not Neumann (not for Phase Change + Nested Iters)
+----+----+--------------+--------------+--------------+--------------+--------------+------+----+-+-+--+------+
|Name|view| Initial res  | Initial resL1| Target res   | Final res    | Final res L1 |Visits|Iter|R|F|CL|Status|
| BG |   0|  1.748872e-07|  2.314281e-02|  1.397762e-09|  7.770378e-10|  2.256773e-03|     6|  18|0|n|30|  OK  |
log10(resTarget_Lim / resTarget_Orig): 2.1 
Face Momentum (sd=  0): max value of div(mf) (cv=10392) = 2.817650e-06
	norm_L2 of div(momentum) = 2.806282e-05.
Flow alg-view 0 in phys-view 0 isn't Neumann (not Multi Phase treating)
LOG: number of a-faces with weighted approximations in 0 subdomain: 8.87629 percent
LOG: Rate of a-faces corrected to CUp1st in 0 subdomain: 0.167682 %
slv : SolveBL stage
|nsd|Real WF|NormalF|Cycle F|CriticF| EdgeF |CyclBrF|ExtParF|RWFnumSt|StLvlNum|  nfw  |  alp_U_min  |  nfw  |  alp_U_max  |  nfw  |  alp_T_min  |  nfw  |  alp_T_max  |  nfw  |  BL_s_min   |  nfw  |   BL_s_max  |
|  0|   2054|   1728|     60|     12|    204|     50|      0|    1994|      66|   3991|0            |  12947|19.5894      |   3903|0            |   4757|8497.59      |  12935|-22233.9     |   3903|0            |
Face Momentum (sd=  0): max value of div(mf) (cv=10392) = 2.817650e-06
	norm_L2 of div(momentum) = 2.806282e-05.
nsd = 0 BC: AP Inlet occurs on 2828 w-faces
+----+----+----+--------------+--------------+--------------+--------------+--------------+------+----+-+-+--+------+
|Name|view| n_y| Initial res  | Initial resL1| Target res   | Final res    | Final res L1 |Visits|Iter|R|F|CL|Status|
+----+----+----+--------------+--------------+--------------+--------------+--------------+------+----+-+-+--+------+
| 3M |   0|   0|  1.129447e+01|  2.979752e+02|  2.117713e-03|  1.347791e-04|  1.440789e-01|     2|   6|0|n|29|  OK  |
Velocity (predicted):
        (local) sd   0: min(  21335)=0.91527605751658     , max(  66536)=213.85813953258      
Flow alg-view 0 is not Neumann (not for Phase Change + Nested Iters)
+----+----+--------------+--------------+--------------+--------------+--------------+------+----+-+-+--+------+
|Name|view| Initial res  | Initial resL1| Target res   | Final res    | Final res L1 |Visits|Iter|R|F|CL|Status|
|DVGR|   0|  2.285417e-03|  2.859581e+00|  1.428386e-07|  1.149959e-07|  2.357719e-02|     3|   9|0|n|30|  OK  |
PRESSURE SOLVER(geom_index=  0): sum_C_dp=-0.000139982
Face Momentum (sd=  0): max value of div(mf) (cv=20166) = 5.922001e-05
	norm_L2 of div(momentum) = 3.411827e-04.
nsd = 0 min_dtHy = 0.0009576 (nCV =	10382 ) max_dtHy = 0.00981777 (nCV =	20141 ) 
+----+----+--------------+--------------+--------------+--------------+--------------+------+----+-+-+--+------+
|Name|view| Initial res  | Initial resL1| Target res   | Final res    | Final res L1 |Visits|Iter|R|F|CL|Status|
|CHT |   0|  4.499341e+02|  5.140520e+02|  2.812088e-02|  1.158296e-04|  2.542145e-01|     2|  18|0|n|30|  OK  |
nsd = 0 min_dtke = 0.000154737 (nCV =	21358 ) max_dtke = 0.0019458 (nCV =	77934 ) 
+----+----+----+--------------+--------------+--------------+--------------+--------------+------+----+-+-+--+------+
|Name|view| n_y| Initial res  | Initial resL1| Target res   | Final res    | Final res L1 |Visits|Iter|R|F|CL|Status|
+----+----+----+--------------+--------------+--------------+--------------+--------------+------+----+-+-+--+------+
|turb|   0|   0|  6.848733e+02|  2.169405e+02|  1.062610e-04|  4.468688e-05|  2.028123e-01|     5|  30|0|n|30|  OK  |
|turb|   0|   1|  2.068731e+09|  2.468566e+05|  2.439809e-01|  2.609803e-02|  3.844769e+00|     8|  48|0|n|30|  OK  |
Filter: K,E,momentum: sd =   0 isolating K from zero=      0 E from zero=    336 E from infinity=      0
slv : Fluid subdom(new) 0
slv : P static (new)                 : min(  20038) = 92868.131225646      , max(  21343) = 240812.35533014      
slv : Density (new)                  : min(  20038) = 1.0429807091692      , max(  21343) = 2.6765320192916      
slv : Velocity (new)                 : min(  21335) = 0.23789502062113     , max(  66536) = 213.88734233444      
slv : Mach number (new)              : min(  21335) = 0.00067015164438823  , max(  66536) = 0.62545407273668     
slv : Turbulent k (new)              : min(      0) = 0.047885418352752    , max(  20150) = 1260.2871508441      
slv : Turbulent e (new)              : min(  10369) = 0.24794269335061     , max(  20150) = 1565533.9737485      
slv : Temperature (new)              : min(  66536) = 291.14766097753      , max(  20162) = 313.88104055461      
slv : Total enthalpy, Y-shifted (new): min(  20136) = 19979.135315651      , max(  21351) = 21916.56883737       
slv : MASS FLUXES AT OPENINGS: MF=-314.857, AP=314.858
slv : DvGr statistics: min alpha=0.0757111(nfa=208855, geom_slice=0)
slv : +----------------------------------+------------+-------+------------+------------+
slv : |          Collector name          | Total Time | Count |  Avg Time  |  Max Time  |
slv : +----------------------------------+------------+-------+------------+------------+
slv : | Calculate_inc                    |      27.651|     61|       0.453|       0.652|
slv : | CollectEMT_Results               |       0.000|     62|       0.000|       0.000|
slv : | HeatPathCalculator_Dynamic       |       0.021|      1|       0.021|       0.021|
slv : | LiSy_make_portrait               |       0.663|    271|       0.002|       0.017|
slv : | Results_processing               |       3.232|     61|       0.053|       0.067|
slv : | build_sl_ordering_CHT            |       0.016|     62|       0.000|       0.006|
slv : | build_sl_ordering_MDS            |       0.120|     62|       0.002|       0.019|
slv : | build_sl_ordering_fluid          |       0.118|     62|       0.002|       0.019|
slv : | calc_Convolutions_MDS            |       0.840|     62|       0.014|       0.027|
slv : | calc_wall_dist                   |       0.372|      1|       0.372|       0.372|
slv : | create_Gr_operators_MDS          |       0.898|     62|       0.014|       0.027|
slv : | create_Gr_operators_portrait_MDS |       0.469|     62|       0.008|       0.012|
slv : | init_Hy_group_MDS                |       0.860|     62|       0.014|       0.019|
slv : | perform_stage_total              |      23.797|   1682|       0.014|       0.372|
slv : | precalc_at_start_MDS             |       0.666|      2|       0.333|       0.637|
slv : | solve_3M_MDS                     |       2.643|     62|       0.043|       0.069|
slv : | solve_3M_alg_MDS                 |       0.967|     62|       0.016|       0.041|
slv : | solve_BG_MDS                     |       1.976|     62|       0.032|       0.042|
slv : | solve_BG_alg_MDS                 |       1.363|     62|       0.022|       0.033|
slv : | solve_BL_MDS                     |       0.933|     62|       0.015|       0.019|
slv : | solve_CHT                        |       1.978|     62|       0.032|       0.080|
slv : | solve_CHT_MDS                    |       1.493|     62|       0.024|       0.073|
slv : | solve_CHT_alg_MDS                |       0.551|     62|       0.009|       0.056|
slv : | solve_DvGr_MDS                   |       5.715|     62|       0.092|       0.303|
slv : | solve_DvGr_alg_MDS               |       2.660|     62|       0.043|       0.255|
slv : | solve_INPR_MDS                   |       0.000|      1|       0.000|       0.000|
slv : | solve_PS+QJ                      |       0.000|      0|       0.000|       0.000|
slv : | solve_YLMA_MDS                   |       0.001|     62|       0.000|       0.000|
slv : | solve_YNOx_MDS                   |       0.000|     62|       0.000|       0.000|
slv : | solve_YTd_MDS                    |       0.001|     62|       0.000|       0.000|
slv : | solve_YTurb_MDS                  |       8.268|     62|       0.133|       0.164|
slv : | solve_YTurb_alg_MDS              |       4.541|    124|       0.037|       0.059|
slv : | update_BC_MDS                    |       0.000|     63|       0.000|       0.000|
slv : | update_Mf_after_DvGr             |       0.740|     62|       0.012|       0.023|
slv : | update_VelPressure_MDS           |       0.115|     62|       0.002|       0.003|
slv : +----------------------------------+------------+-------+------------+------------+
-----------------------------------------------------------------------
Memory Working Set Current = 439.96 Mb, Memory Working Set Peak = 443.07 Mb
Memory Private Bytes Current = 623.22 Mb, Memory Private Bytes Peak = 628.28 Mb
Process Threads Number: 16
-----------------------------------------------------------------------
Algebra Pool      : mem_usage = 441.75 Mb, allocated count = 1569

================== Tstep=62 ===================
<Dynamic P> on nsd = 0 {openings (inlet / outlet)}:
  (SP = Static Pressure, EP = Environment Pressure, TP = Total Pressure, E = External)
  {#0, E, (3.660821e-02 / 2.734106e+04)}
  {#1, E, (4.457677e-02 / 2.734105e+04)}
  {#2, E, (0.000000e+00 / 2.710060e+04)}
  {#3, E, (2.733222e+04 / 0.000000e+00)}
  {#4, E, (4.574556e-03 / 2.734037e+04)}
  {#5, E, (1.079509e-02 / 2.734067e+04)}
  MWS[  0]=7.03911
tau_viscous_averaged = 73.1387 
dt(mass,momentum; nsd=  0): min dt/dtG(ncv=  21474)=0.96 , max dt/dtG(ncv=  20141)=10.0   , dtG=0.00100103
Flow alg-view 0 in phys-view 0 isn't Neumann (not Multi Phase treating)
Face Momentum (sd=  0): max value of div(mf) (cv=23908) = 1.862504e-04
Flow alg-view 0 is not Neumann (not for Phase Change + Nested Iters)
+----+----+--------------+--------------+--------------+--------------+--------------+------+----+-+-+--+------+
|Name|view| Initial res  | Initial resL1| Target res   | Final res    | Final res L1 |Visits|Iter|R|F|CL|Status|
| BG |   0|  1.742071e-07|  2.441431e-02|  1.428386e-09|  7.734317e-10|  2.263004e-03|     6|  18|0|n|30|  OK  |
log10(resTarget_Lim / resTarget_Orig): 2.1 
Face Momentum (sd=  0): max value of div(mf) (cv=10392) = 2.857826e-06
	norm_L2 of div(momentum) = 2.801274e-05.
Flow alg-view 0 in phys-view 0 isn't Neumann (not Multi Phase treating)
LOG: number of a-faces with weighted approximations in 0 subdomain: 8.77539 percent
LOG: Rate of a-faces corrected to CUp1st in 0 subdomain: 0.170388 %
slv : SolveBL stage
|nsd|Real WF|NormalF|Cycle F|CriticF| EdgeF |CyclBrF|ExtParF|RWFnumSt|StLvlNum|  nfw  |  alp_U_min  |  nfw  |  alp_U_max  |  nfw  |  alp_T_min  |  nfw  |  alp_T_max  |  nfw  |  BL_s_min   |  nfw  |   BL_s_max  |
|  0|   2054|   1756|     43|     12|    207|     36|      0|    2011|      66|   3991|0            |  12947|19.5894      |   3903|0            |   4045|8077.67      |  12935|-22234.1     |   3903|0            |
Face Momentum (sd=  0): max value of div(mf) (cv=10392) = 2.857826e-06
	norm_L2 of div(momentum) = 2.801274e-05.
nsd = 0 BC: AP Inlet occurs on 2830 w-faces
+----+----+----+--------------+--------------+--------------+--------------+--------------+------+----+-+-+--+------+
|Name|view| n_y| Initial res  | Initial resL1| Target res   | Final res    | Final res L1 |Visits|Iter|R|F|CL|Status|
+----+----+----+--------------+--------------+--------------+--------------+--------------+------+----+-+-+--+------+
| 3M |   0|   0|  1.298960e+01|  2.966352e+02|  2.435550e-03|  1.509384e-04|  1.476744e-01|     2|   6|0|n|29|  OK  |
Velocity (predicted):
        (local) sd   0: min(  21335)=0.5847911991576      , max(  66536)=213.85766297915      
Flow alg-view 0 is not Neumann (not for Phase Change + Nested Iters)
+----+----+--------------+--------------+--------------+--------------+--------------+------+----+-+-+--+------+
|Name|view| Initial res  | Initial resL1| Target res   | Final res    | Final res L1 |Visits|Iter|R|F|CL|Status|
|DVGR|   0|  2.244596e-03|  2.860242e+00|  1.402872e-07|  9.670357e-08|  2.211639e-02|     3|   9|0|n|30|  OK  |
PRESSURE SOLVER(geom_index=  0): sum_C_dp=-0.000115829
Face Momentum (sd=  0): max value of div(mf) (cv=20166) = 5.864059e-05
	norm_L2 of div(momentum) = 3.131863e-04.
nsd = 0 min_dtHy = 0.000958629 (nCV =	21474 ) max_dtHy = 0.0099618 (nCV =	20141 ) 
+----+----+--------------+--------------+--------------+--------------+--------------+------+----+-+-+--+------+
|Name|view| Initial res  | Initial resL1| Target res   | Final res    | Final res L1 |Visits|Iter|R|F|CL|Status|
|CHT |   0|  4.464505e+02|  5.076673e+02|  2.790316e-02|  2.349533e-02|  3.459286e+00|     1|   9|0|n|30|  OK  |
nsd = 0 min_dtke = 0.000148162 (nCV =	21358 ) max_dtke = 0.00194577 (nCV =	77934 ) 
+----+----+----+--------------+--------------+--------------+--------------+--------------+------+----+-+-+--+------+
|Name|view| n_y| Initial res  | Initial resL1| Target res   | Final res    | Final res L1 |Visits|Iter|R|F|CL|Status|
+----+----+----+--------------+--------------+--------------+--------------+--------------+------+----+-+-+--+------+
|turb|   0|   0|  6.456071e+02|  2.185551e+02|  1.063277e-04|  5.521814e-05|  2.192164e-01|     5|  30|0|n|30|  OK  |
|turb|   0|   1|  2.097896e+09|  2.548367e+05|  2.442130e-01|  3.047170e-02|  4.115020e+00|     8|  48|0|n|30|  OK  |
Filter: K,E,momentum: sd =   0 isolating K from zero=      0 E from zero=    335 E from infinity=      0
slv : Fluid subdom(new) 0
slv : P static (new)                 : min(  20038) = 92877.007772372      , max(  21343) = 239122.17189379      
slv : Density (new)                  : min(  20038) = 1.0430477612018      , max(  21343) = 2.6583970250667      
slv : Velocity (new)                 : min(  21335) = 0.87623714671803     , max(  66536) = 213.88334367096      
slv : Mach number (new)              : min(  21335) = 0.0024684222221071   , max(  66536) = 0.62544147027432     
slv : Turbulent k (new)              : min(      0) = 0.047885429934145    , max(  20150) = 1273.4531487123      
slv : Turbulent e (new)              : min(  10370) = 0.2938119549512      , max(  20150) = 1588890.0164432      
slv : Temperature (new)              : min(  66536) = 291.14851183192      , max(  20162) = 313.87933804585      
slv : Total enthalpy, Y-shifted (new): min(  20136) = 20013.954611454      , max(  21351) = 21924.342741876      
slv : MASS FLUXES AT OPENINGS: MF=-314.857, AP=314.858
slv : DvGr statistics: min alpha=0.0757113(nfa=208855, geom_slice=0)
slv : +----------------------------------+------------+-------+------------+------------+
slv : |          Collector name          | Total Time | Count |  Avg Time  |  Max Time  |
slv : +----------------------------------+------------+-------+------------+------------+
slv : | Calculate_inc                    |      28.159|     62|       0.454|       0.652|
slv : | CollectEMT_Results               |       0.000|     63|       0.000|       0.000|
slv : | HeatPathCalculator_Dynamic       |       0.021|      1|       0.021|       0.021|
slv : | LiSy_make_portrait               |       0.672|    275|       0.002|       0.017|
slv : | Results_processing               |       3.299|     62|       0.053|       0.068|
slv : | build_sl_ordering_CHT            |       0.016|     63|       0.000|       0.006|
slv : | build_sl_ordering_MDS            |       0.120|     63|       0.002|       0.019|
slv : | build_sl_ordering_fluid          |       0.118|     63|       0.002|       0.019|
slv : | calc_Convolutions_MDS            |       0.854|     63|       0.014|       0.027|
slv : | calc_wall_dist                   |       0.372|      1|       0.372|       0.372|
slv : | create_Gr_operators_MDS          |       0.911|     63|       0.014|       0.027|
slv : | create_Gr_operators_portrait_MDS |       0.477|     63|       0.008|       0.012|
slv : | init_Hy_group_MDS                |       0.874|     63|       0.014|       0.019|
slv : | perform_stage_total              |      24.156|   1709|       0.014|       0.372|
slv : | precalc_at_start_MDS             |       0.666|      2|       0.333|       0.637|
slv : | solve_3M_MDS                     |       2.690|     63|       0.043|       0.069|
slv : | solve_3M_alg_MDS                 |       0.988|     63|       0.016|       0.041|
slv : | solve_BG_MDS                     |       2.007|     63|       0.032|       0.042|
slv : | solve_BG_alg_MDS                 |       1.382|     63|       0.022|       0.033|
slv : | solve_BL_MDS                     |       0.949|     63|       0.015|       0.019|
slv : | solve_CHT                        |       2.006|     63|       0.032|       0.080|
slv : | solve_CHT_MDS                    |       1.513|     63|       0.024|       0.073|
slv : | solve_CHT_alg_MDS                |       0.555|     63|       0.009|       0.056|
slv : | solve_DvGr_MDS                   |       5.785|     63|       0.092|       0.303|
slv : | solve_DvGr_alg_MDS               |       2.680|     63|       0.043|       0.255|
slv : | solve_INPR_MDS                   |       0.000|      1|       0.000|       0.000|
slv : | solve_PS+QJ                      |       0.000|      0|       0.000|       0.000|
slv : | solve_YLMA_MDS                   |       0.001|     63|       0.000|       0.000|
slv : | solve_YNOx_MDS                   |       0.000|     63|       0.000|       0.000|
slv : | solve_YTd_MDS                    |       0.001|     63|       0.000|       0.000|
slv : | solve_YTurb_MDS                  |       8.406|     63|       0.133|       0.164|
slv : | solve_YTurb_alg_MDS              |       4.618|    126|       0.037|       0.059|
slv : | update_BC_MDS                    |       0.000|     64|       0.000|       0.000|
slv : | update_Mf_after_DvGr             |       0.751|     63|       0.012|       0.023|
slv : | update_VelPressure_MDS           |       0.117|     63|       0.002|       0.003|
slv : +----------------------------------+------------+-------+------------+------------+
-----------------------------------------------------------------------
Memory Working Set Current = 440.18 Mb, Memory Working Set Peak = 443.07 Mb
Memory Private Bytes Current = 623.97 Mb, Memory Private Bytes Peak = 628.28 Mb
Process Threads Number: 16
-----------------------------------------------------------------------
Algebra Pool      : mem_usage = 441.75 Mb, allocated count = 1576

================== Tstep=63 ===================
<Dynamic P> on nsd = 0 {openings (inlet / outlet)}:
  (SP = Static Pressure, EP = Environment Pressure, TP = Total Pressure, E = External)
  {#0, E, (3.664866e-02 / 2.734106e+04)}
  {#1, E, (4.464673e-02 / 2.734104e+04)}
  {#2, E, (0.000000e+00 / 2.710069e+04)}
  {#3, E, (2.733225e+04 / 0.000000e+00)}
  {#4, E, (4.569562e-03 / 2.734037e+04)}
  {#5, E, (1.074821e-02 / 2.734067e+04)}
  MWS[  0]=7.03915
tau_viscous_averaged = 73.1905 
dt(mass,momentum; nsd=  0): min dt/dtG(ncv=  10382)=0.96 , max dt/dtG(ncv=  20141)=10.1   , dtG=0.00100236
Flow alg-view 0 in phys-view 0 isn't Neumann (not Multi Phase treating)
Face Momentum (sd=  0): max value of div(mf) (cv=23914) = 1.077143e-04
Flow alg-view 0 is not Neumann (not for Phase Change + Nested Iters)
+----+----+--------------+--------------+--------------+--------------+--------------+------+----+-+-+--+------+
|Name|view| Initial res  | Initial resL1| Target res   | Final res    | Final res L1 |Visits|Iter|R|F|CL|Status|
| BG |   0|  1.137290e-07|  2.260294e-02|  1.402872e-09|  7.213159e-10|  2.106064e-03|     6|  18|0|n|30|  OK  |
log10(resTarget_Lim / resTarget_Orig): 2.3 
Face Momentum (sd=  0): max value of div(mf) (cv=10392) = 2.827146e-06
	norm_L2 of div(momentum) = 2.706586e-05.
Flow alg-view 0 in phys-view 0 isn't Neumann (not Multi Phase treating)
LOG: number of a-faces with weighted approximations in 0 subdomain: 8.82626 percent
LOG: Rate of a-faces corrected to CUp1st in 0 subdomain: 0.1705 %
slv : SolveBL stage
|nsd|Real WF|NormalF|Cycle F|CriticF| EdgeF |CyclBrF|ExtParF|RWFnumSt|StLvlNum|  nfw  |  alp_U_min  |  nfw  |  alp_U_max  |  nfw  |  alp_T_min  |  nfw  |  alp_T_max  |  nfw  |  BL_s_min   |  nfw  |   BL_s_max  |
|  0|   2054|   1779|     31|     12|    206|     26|      0|    2023|      66|   3991|0            |  12947|19.5894      |   3903|0            |   4069|6696.53      |  12935|-22234.1     |   3903|0            |
Face Momentum (sd=  0): max value of div(mf) (cv=10392) = 2.827146e-06
	norm_L2 of div(momentum) = 2.706586e-05.
nsd = 0 BC: AP Inlet occurs on 2830 w-faces
+----+----+----+--------------+--------------+--------------+--------------+--------------+------+----+-+-+--+------+
|Name|view| n_y| Initial res  | Initial resL1| Target res   | Final res    | Final res L1 |Visits|Iter|R|F|CL|Status|
+----+----+----+--------------+--------------+--------------+--------------+--------------+------+----+-+-+--+------+
| 3M |   0|   0|  1.093735e+01|  2.928840e+02|  2.050754e-03|  8.621241e-05|  1.276730e-01|     2|   6|0|n|29|  OK  |
Velocity (predicted):
        (local) sd   0: min(  20141)=1.0541798630675      , max(  66536)=213.85979761165      
Flow alg-view 0 is not Neumann (not for Phase Change + Nested Iters)
+----+----+--------------+--------------+--------------+--------------+--------------+------+----+-+-+--+------+
|Name|view| Initial res  | Initial resL1| Target res   | Final res    | Final res L1 |Visits|Iter|R|F|CL|Status|
|DVGR|   0|  1.981915e-03|  2.776978e+00|  1.238697e-07|  9.836468e-08|  2.240292e-02|     3|   9|0|n|30|  OK  |
PRESSURE SOLVER(geom_index=  0): sum_C_dp=-0.000124009
Face Momentum (sd=  0): max value of div(mf) (cv=20166) = 5.662550e-05
	norm_L2 of div(momentum) = 3.157084e-04.
nsd = 0 min_dtHy = 0.000958324 (nCV =	10382 ) max_dtHy = 0.0100984 (nCV =	20141 ) 
+----+----+--------------+--------------+--------------+--------------+--------------+------+----+-+-+--+------+
|Name|view| Initial res  | Initial resL1| Target res   | Final res    | Final res L1 |Visits|Iter|R|F|CL|Status|
|CHT |   0|  4.222358e+02|  4.990327e+02|  2.638974e-02|  2.307604e-02|  3.444896e+00|     1|   9|0|n|30|  OK  |
nsd = 0 min_dtke = 0.000142774 (nCV =	21358 ) max_dtke = 0.00194577 (nCV =	77934 ) 
+----+----+----+--------------+--------------+--------------+--------------+--------------+------+----+-+-+--+------+
|Name|view| n_y| Initial res  | Initial resL1| Target res   | Final res    | Final res L1 |Visits|Iter|R|F|CL|Status|
+----+----+----+--------------+--------------+--------------+--------------+--------------+------+----+-+-+--+------+
|turb|   0|   0|  5.926122e+02|  2.122562e+02|  1.063279e-04|  3.822875e-05|  1.944651e-01|     5|  30|0|n|30|  OK  |
|turb|   0|   1|  2.061455e+09|  2.476693e+05|  2.442160e-01|  2.899623e-02|  3.750161e+00|     8|  48|0|n|30|  OK  |
Filter: K,E,momentum: sd =   0 isolating K from zero=      0 E from zero=    336 E from infinity=      0
slv : Fluid subdom(new) 0
slv : P static (new)                 : min(  20038) = 92889.806626449      , max(  21343) = 237377.54860601      
slv : Density (new)                  : min(  20038) = 1.0432244049873      , max(  21343) = 2.6397018827107      
slv : Velocity (new)                 : min(  20141) = 1.121698945194       , max(  66536) = 213.89065339645      
slv : Mach number (new)              : min(  20141) = 0.0031611990690893   , max(  66536) = 0.62546450426955     
slv : Turbulent k (new)              : min(      0) = 0.047885421724231    , max(  20150) = 1276.5468193699      
slv : Turbulent e (new)              : min(  21823) = 0.53609927125901     , max(  21343) = 1723367.4389652      
slv : Temperature (new)              : min(  66536) = 291.14696005108      , max(  20162) = 313.87771282172      
slv : Total enthalpy, Y-shifted (new): min(  20156) = 20014.617095232      , max(  21351) = 21932.717543748      
slv : MASS FLUXES AT OPENINGS: MF=-314.857, AP=314.858
slv : DvGr statistics: min alpha=0.0757111(nfa=208855, geom_slice=0)
slv : +----------------------------------+------------+-------+------------+------------+
slv : |          Collector name          | Total Time | Count |  Avg Time  |  Max Time  |
slv : +----------------------------------+------------+-------+------------+------------+
slv : | Calculate_inc                    |      28.588|     63|       0.454|       0.652|
slv : | CollectEMT_Results               |       0.000|     64|       0.000|       0.000|
slv : | HeatPathCalculator_Dynamic       |       0.021|      1|       0.021|       0.021|
slv : | LiSy_make_portrait               |       0.681|    279|       0.002|       0.017|
slv : | Results_processing               |       3.351|     63|       0.053|       0.068|
slv : | build_sl_ordering_CHT            |       0.016|     64|       0.000|       0.006|
slv : | build_sl_ordering_MDS            |       0.120|     64|       0.002|       0.019|
slv : | build_sl_ordering_fluid          |       0.119|     64|       0.002|       0.019|
slv : | calc_Convolutions_MDS            |       0.867|     64|       0.014|       0.027|
slv : | calc_wall_dist                   |       0.372|      1|       0.372|       0.372|
slv : | create_Gr_operators_MDS          |       0.925|     64|       0.014|       0.027|
slv : | create_Gr_operators_portrait_MDS |       0.485|     64|       0.008|       0.012|
slv : | init_Hy_group_MDS                |       0.887|     64|       0.014|       0.019|
slv : | perform_stage_total              |      24.514|   1736|       0.014|       0.372|
slv : | precalc_at_start_MDS             |       0.666|      2|       0.333|       0.637|
slv : | solve_3M_MDS                     |       2.738|     64|       0.043|       0.069|
slv : | solve_3M_alg_MDS                 |       1.010|     64|       0.016|       0.041|
slv : | solve_BG_MDS                     |       2.037|     64|       0.032|       0.042|
slv : | solve_BG_alg_MDS                 |       1.401|     64|       0.022|       0.033|
slv : | solve_BL_MDS                     |       0.963|     64|       0.015|       0.019|
slv : | solve_CHT                        |       2.033|     64|       0.032|       0.080|
slv : | solve_CHT_MDS                    |       1.533|     64|       0.024|       0.073|
slv : | solve_CHT_alg_MDS                |       0.559|     64|       0.009|       0.056|
slv : | solve_DvGr_MDS                   |       5.850|     64|       0.091|       0.303|
slv : | solve_DvGr_alg_MDS               |       2.699|     64|       0.042|       0.255|
slv : | solve_INPR_MDS                   |       0.000|      1|       0.000|       0.000|
slv : | solve_PS+QJ                      |       0.000|      0|       0.000|       0.000|
slv : | solve_YLMA_MDS                   |       0.001|     64|       0.000|       0.000|
slv : | solve_YNOx_MDS                   |       0.000|     64|       0.000|       0.000|
slv : | solve_YTd_MDS                    |       0.001|     64|       0.000|       0.000|
slv : | solve_YTurb_MDS                  |       8.547|     64|       0.134|       0.164|
slv : | solve_YTurb_alg_MDS              |       4.699|    128|       0.037|       0.059|
slv : | update_BC_MDS                    |       0.000|     65|       0.000|       0.000|
slv : | update_Mf_after_DvGr             |       0.763|     64|       0.012|       0.023|
slv : | update_VelPressure_MDS           |       0.119|     64|       0.002|       0.003|
slv : +----------------------------------+------------+-------+------------+------------+
-----------------------------------------------------------------------
Memory Working Set Current = 440.27 Mb, Memory Working Set Peak = 443.07 Mb
Memory Private Bytes Current = 623.28 Mb, Memory Private Bytes Peak = 628.28 Mb
Process Threads Number: 16
-----------------------------------------------------------------------
Algebra Pool      : mem_usage = 441.75 Mb, allocated count = 1580

================== Tstep=64 ===================
<Dynamic P> on nsd = 0 {openings (inlet / outlet)}:
  (SP = Static Pressure, EP = Environment Pressure, TP = Total Pressure, E = External)
  {#0, E, (3.669216e-02 / 2.734106e+04)}
  {#1, E, (4.481073e-02 / 2.734104e+04)}
  {#2, E, (0.000000e+00 / 2.710094e+04)}
  {#3, E, (2.733222e+04 / 0.000000e+00)}
  {#4, E, (4.580577e-03 / 2.734036e+04)}
  {#5, E, (1.074261e-02 / 2.734067e+04)}
  MWS[  0]=7.03995
tau_viscous_averaged = 73.2422 
dt(mass,momentum; nsd=  0): min dt/dtG(ncv=  21474)=0.96 , max dt/dtG(ncv=  20141)=10.2   , dtG=0.00100107
Flow alg-view 0 in phys-view 0 isn't Neumann (not Multi Phase treating)
Face Momentum (sd=  0): max value of div(mf) (cv=23913) = 8.917405e-05
Flow alg-view 0 is not Neumann (not for Phase Change + Nested Iters)
+----+----+--------------+--------------+--------------+--------------+--------------+------+----+-+-+--+------+
|Name|view| Initial res  | Initial resL1| Target res   | Final res    | Final res L1 |Visits|Iter|R|F|CL|Status|
| BG |   0|  1.189117e-07|  2.301422e-02|  1.238697e-09|  6.748012e-10|  2.066034e-03|     6|  18|0|n|30|  OK  |
log10(resTarget_Lim / resTarget_Orig): 2.2 
Face Momentum (sd=  0): max value of div(mf) (cv=10392) = 2.720520e-06
	norm_L2 of div(momentum) = 2.617272e-05.
Flow alg-view 0 in phys-view 0 isn't Neumann (not Multi Phase treating)
LOG: number of a-faces with weighted approximations in 0 subdomain: 8.7695 percent
LOG: Rate of a-faces corrected to CUp1st in 0 subdomain: 0.171372 %
slv : SolveBL stage
|nsd|Real WF|NormalF|Cycle F|CriticF| EdgeF |CyclBrF|ExtParF|RWFnumSt|StLvlNum|  nfw  |  alp_U_min  |  nfw  |  alp_U_max  |  nfw  |  alp_T_min  |  nfw  |  alp_T_max  |  nfw  |  BL_s_min   |  nfw  |   BL_s_max  |
|  0|   2054|   1804|     19|     14|    204|     13|      0|    2035|      65|   3991|0            |  12947|19.5894      |   1807|0            |   4963|5756.23      |  12935|-22234.3     |   1807|0            |
Face Momentum (sd=  0): max value of div(mf) (cv=10392) = 2.720520e-06
	norm_L2 of div(momentum) = 2.617272e-05.
nsd = 0 BC: AP Inlet occurs on 2834 w-faces
+----+----+----+--------------+--------------+--------------+--------------+--------------+------+----+-+-+--+------+
|Name|view| n_y| Initial res  | Initial resL1| Target res   | Final res    | Final res L1 |Visits|Iter|R|F|CL|Status|
+----+----+----+--------------+--------------+--------------+--------------+--------------+------+----+-+-+--+------+
| 3M |   0|   0|  1.104855e+01|  2.875693e+02|  2.071602e-03|  1.474317e-04|  1.391787e-01|     2|   6|0|n|29|  OK  |
Velocity (predicted):
        (local) sd   0: min(  20141)=0.95073819629349     , max(  66536)=213.85926797676      
Flow alg-view 0 is not Neumann (not for Phase Change + Nested Iters)
+----+----+--------------+--------------+--------------+--------------+--------------+------+----+-+-+--+------+
|Name|view| Initial res  | Initial resL1| Target res   | Final res    | Final res L1 |Visits|Iter|R|F|CL|Status|
|DVGR|   0|  1.826439e-03|  2.764107e+00|  1.141524e-07|  8.602090e-08|  2.150382e-02|     3|   9|0|n|30|  OK  |
PRESSURE SOLVER(geom_index=  0): sum_C_dp=-9.46133e-05
Face Momentum (sd=  0): max value of div(mf) (cv=20166) = 5.340316e-05
	norm_L2 of div(momentum) = 2.952865e-04.
nsd = 0 min_dtHy = 0.000958603 (nCV =	21474 ) max_dtHy = 0.0102201 (nCV =	20141 ) 
+----+----+--------------+--------------+--------------+--------------+--------------+------+----+-+-+--+------+
|Name|view| Initial res  | Initial resL1| Target res   | Final res    | Final res L1 |Visits|Iter|R|F|CL|Status|
|CHT |   0|  4.263829e+02|  4.968494e+02|  2.664893e-02|  1.654193e-04|  3.059681e-01|     2|  18|0|n|30|  OK  |
nsd = 0 min_dtke = 0.000138193 (nCV =	21343 ) max_dtke = 0.00194578 (nCV =	77934 ) 
+----+----+----+--------------+--------------+--------------+--------------+--------------+------+----+-+-+--+------+
|Name|view| n_y| Initial res  | Initial resL1| Target res   | Final res    | Final res L1 |Visits|Iter|R|F|CL|Status|
+----+----+----+--------------+--------------+--------------+--------------+--------------+------+----+-+-+--+------+
|turb|   0|   0|  5.444459e+02|  2.077926e+02|  1.063740e-04|  4.104533e-05|  1.982690e-01|     5|  30|0|n|30|  OK  |
|turb|   0|   1|  2.004313e+09|  2.459769e+05|  2.443768e-01|  2.895282e-02|  3.881012e+00|     8|  48|0|n|30|  OK  |
Filter: K,E,momentum: sd =   0 isolating K from zero=      0 E from zero=    331 E from infinity=      0
slv : Fluid subdom(new) 0
slv : P static (new)                 : min(  20038) = 92897.249248911      , max(  21343) = 235609.20338762      
slv : Density (new)                  : min(  20038) = 1.0432923670716      , max(  21343) = 2.6207581451921      
slv : Velocity (new)                 : min(  20141) = 0.98285724602405     , max(  66536) = 213.88578688965      
slv : Mach number (new)              : min(  20141) = 0.0027699080530399   , max(  66536) = 0.62544916669933     
slv : Turbulent k (new)              : min(      0) = 0.047885412123594    , max(  21343) = 1299.3161878009      
slv : Turbulent e (new)              : min(  10370) = 0.11074051684597     , max(  21343) = 1876457.9278487      
slv : Temperature (new)              : min(  66536) = 291.1479954945       , max(  20162) = 313.87616840528      
slv : Total enthalpy, Y-shifted (new): min(  20156) = 20016.931491769      , max(  21351) = 21941.604497425      
slv : MASS FLUXES AT OPENINGS: MF=-314.857, AP=314.858
slv : DvGr statistics: min alpha=0.0757112(nfa=208855, geom_slice=0)
slv : +----------------------------------+------------+-------+------------+------------+
slv : |          Collector name          | Total Time | Count |  Avg Time  |  Max Time  |
slv : +----------------------------------+------------+-------+------------+------------+
slv : | Calculate_inc                    |      29.016|     64|       0.453|       0.652|
slv : | CollectEMT_Results               |       0.000|     65|       0.000|       0.000|
slv : | HeatPathCalculator_Dynamic       |       0.021|      1|       0.021|       0.021|
slv : | LiSy_make_portrait               |       0.693|    283|       0.002|       0.017|
slv : | Results_processing               |       3.407|     64|       0.053|       0.068|
slv : | build_sl_ordering_CHT            |       0.016|     65|       0.000|       0.006|
slv : | build_sl_ordering_MDS            |       0.121|     65|       0.002|       0.019|
slv : | build_sl_ordering_fluid          |       0.119|     65|       0.002|       0.019|
slv : | calc_Convolutions_MDS            |       0.880|     65|       0.014|       0.027|
slv : | calc_wall_dist                   |       0.372|      1|       0.372|       0.372|
slv : | create_Gr_operators_MDS          |       0.938|     65|       0.014|       0.027|
slv : | create_Gr_operators_portrait_MDS |       0.493|     65|       0.008|       0.012|
slv : | init_Hy_group_MDS                |       0.906|     65|       0.014|       0.019|
slv : | perform_stage_total              |      24.924|   1763|       0.014|       0.372|
slv : | precalc_at_start_MDS             |       0.666|      2|       0.333|       0.637|
slv : | solve_3M_MDS                     |       2.784|     65|       0.043|       0.069|
slv : | solve_3M_alg_MDS                 |       1.031|     65|       0.016|       0.041|
slv : | solve_BG_MDS                     |       2.064|     65|       0.032|       0.042|
slv : | solve_BG_alg_MDS                 |       1.420|     65|       0.022|       0.033|
slv : | solve_BL_MDS                     |       0.978|     65|       0.015|       0.019|
slv : | solve_CHT                        |       2.069|     65|       0.032|       0.080|
slv : | solve_CHT_MDS                    |       1.559|     65|       0.024|       0.073|
slv : | solve_CHT_alg_MDS                |       0.570|     65|       0.009|       0.056|
slv : | solve_DvGr_MDS                   |       5.947|     65|       0.091|       0.303|
slv : | solve_DvGr_alg_MDS               |       2.721|     65|       0.042|       0.255|
slv : | solve_INPR_MDS                   |       0.000|      1|       0.000|       0.000|
slv : | solve_PS+QJ                      |       0.000|      0|       0.000|       0.000|
slv : | solve_YLMA_MDS                   |       0.001|     65|       0.000|       0.000|
slv : | solve_YNOx_MDS                   |       0.000|     65|       0.000|       0.000|
slv : | solve_YTd_MDS                    |       0.001|     65|       0.000|       0.000|
slv : | solve_YTurb_MDS                  |       8.709|     65|       0.134|       0.164|
slv : | solve_YTurb_alg_MDS              |       4.792|    130|       0.037|       0.059|
slv : | update_BC_MDS                    |       0.000|     66|       0.000|       0.000|
slv : | update_Mf_after_DvGr             |       0.779|     65|       0.012|       0.023|
slv : | update_VelPressure_MDS           |       0.121|     65|       0.002|       0.003|
slv : +----------------------------------+------------+-------+------------+------------+
Interpolator cache: total calls 6984, optimised calls 2659 (38.1 %)
-----------------------------------------------------------------------
Memory Working Set Current = 440.64 Mb, Memory Working Set Peak = 443.07 Mb
Memory Private Bytes Current = 624.36 Mb, Memory Private Bytes Peak = 628.28 Mb
Process Threads Number: 16
-----------------------------------------------------------------------
Iteration : time = 2.6411 , count = 5 , time/count = 0.528219
Calculate_inc() : time = 2.31286 , count = 5 , time/count = 0.462572
TreatFlowEvolution() : time = 0.289676 , count = 5 , time/count = 0.0579352
SolverPreview : time = 0 , count = 5 , time/count = 0
TreatGoals : time = 0.283976 , count = 5 , time/count = 0.0567952
Algebra Pool      : mem_usage = 441.75 Mb, allocated count = 1578

================== Tstep=65 ===================
<Dynamic P> on nsd = 0 {openings (inlet / outlet)}:
  (SP = Static Pressure, EP = Environment Pressure, TP = Total Pressure, E = External)
  {#0, E, (3.666444e-02 / 2.734106e+04)}
  {#1, E, (4.495675e-02 / 2.734104e+04)}
  {#2, E, (0.000000e+00 / 2.710106e+04)}
  {#3, E, (2.733225e+04 / 0.000000e+00)}
  {#4, E, (4.595409e-03 / 2.734036e+04)}
  {#5, E, (1.077403e-02 / 2.734067e+04)}
  MWS[  0]=7.04004
tau_viscous_averaged = 73.2829 
dt(mass,momentum; nsd=  0): min dt/dtG(ncv=  10382)=0.96 , max dt/dtG(ncv=  20141)=10.3   , dtG=0.00100231
Flow alg-view 0 in phys-view 0 isn't Neumann (not Multi Phase treating)
Face Momentum (sd=  0): max value of div(mf) (cv=26328) = 6.901057e-05
Flow alg-view 0 is not Neumann (not for Phase Change + Nested Iters)
+----+----+--------------+--------------+--------------+--------------+--------------+------+----+-+-+--+------+
|Name|view| Initial res  | Initial resL1| Target res   | Final res    | Final res L1 |Visits|Iter|R|F|CL|Status|
| BG |   0|  9.681489e-08|  2.199862e-02|  1.141524e-09|  5.958047e-10|  1.911362e-03|     6|  18|0|n|30|  OK  |
log10(resTarget_Lim / resTarget_Orig): 2.3 
Face Momentum (sd=  0): max value of div(mf) (cv=10392) = 2.562806e-06
	norm_L2 of div(momentum) = 2.458599e-05.
Flow alg-view 0 in phys-view 0 isn't Neumann (not Multi Phase treating)
LOG: number of a-faces with weighted approximations in 0 subdomain: 8.91245 percent
LOG: Rate of a-faces corrected to CUp1st in 0 subdomain: 0.168306 %
slv : SolveBL stage
|nsd|Real WF|NormalF|Cycle F|CriticF| EdgeF |CyclBrF|ExtParF|RWFnumSt|StLvlNum|  nfw  |  alp_U_min  |  nfw  |  alp_U_max  |  nfw  |  alp_T_min  |  nfw  |  alp_T_max  |  nfw  |  BL_s_min   |  nfw  |   BL_s_max  |
|  0|   2054|   1801|     20|     12|    208|     13|      0|    2034|      65|   3991|0            |  12947|19.5894      |   3903|0            |   4069|21271.6      |  12935|-22234.4     |   3903|0            |
Face Momentum (sd=  0): max value of div(mf) (cv=10392) = 2.562806e-06
	norm_L2 of div(momentum) = 2.458599e-05.
nsd = 0 BC: AP Inlet occurs on 2834 w-faces
+----+----+----+--------------+--------------+--------------+--------------+--------------+------+----+-+-+--+------+
|Name|view| n_y| Initial res  | Initial resL1| Target res   | Final res    | Final res L1 |Visits|Iter|R|F|CL|Status|
+----+----+----+--------------+--------------+--------------+--------------+--------------+------+----+-+-+--+------+
| 3M |   0|   0|  1.050733e+01|  2.836564e+02|  1.970124e-03|  1.193286e-04|  1.376714e-01|     2|   6|0|n|29|  OK  |
Velocity (predicted):
        (local) sd   0: min(  20141)=0.82861070892453     , max(  66536)=213.86110433603      
Flow alg-view 0 is not Neumann (not for Phase Change + Nested Iters)
+----+----+--------------+--------------+--------------+--------------+--------------+------+----+-+-+--+------+
|Name|view| Initial res  | Initial resL1| Target res   | Final res    | Final res L1 |Visits|Iter|R|F|CL|Status|
|DVGR|   0|  1.847777e-03|  2.718432e+00|  1.154861e-07|  8.236755e-08|  2.160610e-02|     3|   9|0|n|30|  OK  |
PRESSURE SOLVER(geom_index=  0): sum_C_dp=-9.11952e-05
Face Momentum (sd=  0): max value of div(mf) (cv=20166) = 4.925440e-05
	norm_L2 of div(momentum) = 2.888914e-04.
nsd = 0 min_dtHy = 0.000958567 (nCV =	10382 ) max_dtHy = 0.0103373 (nCV =	20141 ) 
+----+----+--------------+--------------+--------------+--------------+--------------+------+----+-+-+--+------+
|Name|view| Initial res  | Initial resL1| Target res   | Final res    | Final res L1 |Visits|Iter|R|F|CL|Status|
|CHT |   0|  4.182970e+02|  4.857406e+02|  2.614356e-02|  1.472429e-04|  2.877640e-01|     2|  18|0|n|30|  OK  |
nsd = 0 min_dtke = 0.000134302 (nCV =	21343 ) max_dtke = 0.00194574 (nCV =	77934 ) 
+----+----+----+--------------+--------------+--------------+--------------+--------------+------+----+-+-+--+------+
|Name|view| n_y| Initial res  | Initial resL1| Target res   | Final res    | Final res L1 |Visits|Iter|R|F|CL|Status|
+----+----+----+--------------+--------------+--------------+--------------+--------------+------+----+-+-+--+------+
|turb|   0|   0|  1.089272e+02|  1.567264e+02|  1.063784e-04|  2.930024e-05|  1.716443e-01|     5|  30|0|n|30|  OK  |
|turb|   0|   1|  1.950010e+08|  1.536671e+05|  2.443931e-01|  3.134343e-02|  3.635529e+00|     8|  48|0|n|30|  OK  |
Filter: K,E,momentum: sd =   0 isolating K from zero=      0 E from zero=    320 E from infinity=      0
slv : Fluid subdom(new) 0
slv : P static (new)                 : min(  20038) = 92908.244264208      , max(  21343) = 233840.10128276      
slv : Density (new)                  : min(   9467) = 1.0433564291759      , max(  10511) = 2.600553452083       
slv : Velocity (new)                 : min(  20141) = 0.88910319348648     , max(  66536) = 213.89205340843      
slv : Mach number (new)              : min(  20141) = 0.002505684609238    , max(  66536) = 0.62546891371541     
slv : Turbulent k (new)              : min(      0) = 0.047885399135888    , max(  20150) = 1287.7151672508      
slv : Turbulent e (new)              : min(      0) = 0.62109981112721     , max(  20150) = 1616072.8656825      
slv : Temperature (new)              : min(  66536) = 291.14666490776      , max(  21358) = 314.40015281026      
slv : Total enthalpy, Y-shifted (new): min(  20129) = 20012.24617929       , max(  21351) = 21950.161951995      
slv : MASS FLUXES AT OPENINGS: MF=-314.857, AP=314.858
slv : DvGr statistics: min alpha=0.075711(nfa=208855, geom_slice=0)
slv : +----------------------------------+------------+-------+------------+------------+
slv : |          Collector name          | Total Time | Count |  Avg Time  |  Max Time  |
slv : +----------------------------------+------------+-------+------------+------------+
slv : | Calculate_inc                    |      29.511|     65|       0.454|       0.652|
slv : | CollectEMT_Results               |       0.000|     66|       0.000|       0.000|
slv : | HeatPathCalculator_Dynamic       |       0.021|      1|       0.021|       0.021|
slv : | LiSy_make_portrait               |       0.702|    287|       0.002|       0.017|
slv : | Results_processing               |       3.476|     65|       0.053|       0.069|
slv : | build_sl_ordering_CHT            |       0.016|     66|       0.000|       0.006|
slv : | build_sl_ordering_MDS            |       0.121|     66|       0.002|       0.019|
slv : | build_sl_ordering_fluid          |       0.119|     66|       0.002|       0.019|
slv : | calc_Convolutions_MDS            |       0.892|     66|       0.014|       0.027|
slv : | calc_wall_dist                   |       0.372|      1|       0.372|       0.372|
slv : | create_Gr_operators_MDS          |       0.958|     66|       0.015|       0.027|
slv : | create_Gr_operators_portrait_MDS |       0.502|     66|       0.008|       0.012|
slv : | init_Hy_group_MDS                |       0.921|     66|       0.014|       0.019|
slv : | perform_stage_total              |      25.291|   1790|       0.014|       0.372|
slv : | precalc_at_start_MDS             |       0.666|      2|       0.333|       0.637|
slv : | solve_3M_MDS                     |       2.836|     66|       0.043|       0.069|
slv : | solve_3M_alg_MDS                 |       1.051|     66|       0.016|       0.041|
slv : | solve_BG_MDS                     |       2.092|     66|       0.032|       0.042|
slv : | solve_BG_alg_MDS                 |       1.439|     66|       0.022|       0.033|
slv : | solve_BL_MDS                     |       0.993|     66|       0.015|       0.019|
slv : | solve_CHT                        |       2.098|     66|       0.032|       0.080|
slv : | solve_CHT_MDS                    |       1.582|     66|       0.024|       0.073|
slv : | solve_CHT_alg_MDS                |       0.577|     66|       0.009|       0.056|
slv : | solve_DvGr_MDS                   |       6.013|     66|       0.091|       0.303|
slv : | solve_DvGr_alg_MDS               |       2.741|     66|       0.042|       0.255|
slv : | solve_INPR_MDS                   |       0.000|      1|       0.000|       0.000|
slv : | solve_PS+QJ                      |       0.000|      0|       0.000|       0.000|
slv : | solve_YLMA_MDS                   |       0.001|     66|       0.000|       0.000|
slv : | solve_YNOx_MDS                   |       0.000|     66|       0.000|       0.000|
slv : | solve_YTd_MDS                    |       0.001|     66|       0.000|       0.000|
slv : | solve_YTurb_MDS                  |       8.849|     66|       0.134|       0.164|
slv : | solve_YTurb_alg_MDS              |       4.870|    132|       0.037|       0.059|
slv : | update_BC_MDS                    |       0.000|     67|       0.000|       0.000|
slv : | update_Mf_after_DvGr             |       0.790|     66|       0.012|       0.023|
slv : | update_VelPressure_MDS           |       0.123|     66|       0.002|       0.003|
slv : +----------------------------------+------------+-------+------------+------------+
-----------------------------------------------------------------------
Memory Working Set Current = 440.33 Mb, Memory Working Set Peak = 443.26 Mb
Memory Private Bytes Current = 624.05 Mb, Memory Private Bytes Peak = 628.28 Mb
Process Threads Number: 16
-----------------------------------------------------------------------
Algebra Pool      : mem_usage = 441.75 Mb, allocated count = 1578

================== Tstep=66 ===================
<Dynamic P> on nsd = 0 {openings (inlet / outlet)}:
  (SP = Static Pressure, EP = Environment Pressure, TP = Total Pressure, E = External)
  {#0, E, (3.668633e-02 / 2.734106e+04)}
  {#1, E, (4.502391e-02 / 2.734105e+04)}
  {#2, E, (0.000000e+00 / 2.710127e+04)}
  {#3, E, (2.733222e+04 / 0.000000e+00)}
  {#4, E, (4.632208e-03 / 2.734036e+04)}
  {#5, E, (1.078211e-02 / 2.734068e+04)}
  MWS[  0]=7.04048
tau_viscous_averaged = 73.3491 
dt(mass,momentum; nsd=  0): min dt/dtG(ncv=  21474)=0.96 , max dt/dtG(ncv=  20141)=10.4   , dtG=0.00100111
Flow alg-view 0 in phys-view 0 isn't Neumann (not Multi Phase treating)
Face Momentum (sd=  0): max value of div(mf) (cv=11796) = 8.679876e-05
Flow alg-view 0 is not Neumann (not for Phase Change + Nested Iters)
+----+----+--------------+--------------+--------------+--------------+--------------+------+----+-+-+--+------+
|Name|view| Initial res  | Initial resL1| Target res   | Final res    | Final res L1 |Visits|Iter|R|F|CL|Status|
| BG |   0|  1.102866e-07|  2.237003e-02|  1.154861e-09|  5.214441e-10|  1.883522e-03|     6|  18|0|n|30|  OK  |
log10(resTarget_Lim / resTarget_Orig): 2.2 
Face Momentum (sd=  0): max value of div(mf) (cv=10392) = 2.360694e-06
	norm_L2 of div(momentum) = 2.298509e-05.
Flow alg-view 0 in phys-view 0 isn't Neumann (not Multi Phase treating)
LOG: number of a-faces with weighted approximations in 0 subdomain: 8.78632 percent
LOG: Rate of a-faces corrected to CUp1st in 0 subdomain: 0.167221 %
slv : SolveBL stage
|nsd|Real WF|NormalF|Cycle F|CriticF| EdgeF |CyclBrF|ExtParF|RWFnumSt|StLvlNum|  nfw  |  alp_U_min  |  nfw  |  alp_U_max  |  nfw  |  alp_T_min  |  nfw  |  alp_T_max  |  nfw  |  BL_s_min   |  nfw  |   BL_s_max  |
|  0|   2054|   1821|     10|     13|    209|      1|      0|    2044|      65|   3991|0            |  12947|19.5894      |   1780|0            |   3984|5993.32      |  12935|-22234.5     |   1780|0            |
Face Momentum (sd=  0): max value of div(mf) (cv=10392) = 2.360694e-06
	norm_L2 of div(momentum) = 2.298509e-05.
nsd = 0 BC: AP Inlet occurs on 2833 w-faces
+----+----+----+--------------+--------------+--------------+--------------+--------------+------+----+-+-+--+------+
|Name|view| n_y| Initial res  | Initial resL1| Target res   | Final res    | Final res L1 |Visits|Iter|R|F|CL|Status|
+----+----+----+--------------+--------------+--------------+--------------+--------------+------+----+-+-+--+------+
| 3M |   0|   0|  1.044563e+01|  2.814001e+02|  1.958556e-03|  1.924596e-04|  1.536051e-01|     2|   6|0|n|29|  OK  |
Velocity (predicted):
        (local) sd   0: min(  20141)=0.77818632555156     , max(  66536)=213.8607369446       
Flow alg-view 0 is not Neumann (not for Phase Change + Nested Iters)
+----+----+--------------+--------------+--------------+--------------+--------------+------+----+-+-+--+------+
|Name|view| Initial res  | Initial resL1| Target res   | Final res    | Final res L1 |Visits|Iter|R|F|CL|Status|
|DVGR|   0|  1.713726e-03|  2.699316e+00|  1.071079e-07|  7.125429e-08|  2.006110e-02|     3|   9|0|n|30|  OK  |
PRESSURE SOLVER(geom_index=  0): sum_C_dp=-8.37044e-05
Face Momentum (sd=  0): max value of div(mf) (cv=20166) = 4.426482e-05
	norm_L2 of div(momentum) = 2.685991e-04.
nsd = 0 min_dtHy = 0.00095844 (nCV =	21474 ) max_dtHy = 0.0104358 (nCV =	20141 ) 
+----+----+--------------+--------------+--------------+--------------+--------------+------+----+-+-+--+------+
|Name|view| Initial res  | Initial resL1| Target res   | Final res    | Final res L1 |Visits|Iter|R|F|CL|Status|
|CHT |   0|  3.959983e+02|  4.749511e+02|  2.474990e-02|  1.667233e-04|  3.033774e-01|     2|  18|0|n|30|  OK  |
nsd = 0 min_dtke = 0.00015352 (nCV =	20150 ) max_dtke = 0.00194574 (nCV =	77999 ) 
+----+----+----+--------------+--------------+--------------+--------------+--------------+------+----+-+-+--+------+
|Name|view| n_y| Initial res  | Initial resL1| Target res   | Final res    | Final res L1 |Visits|Iter|R|F|CL|Status|
+----+----+----+--------------+--------------+--------------+--------------+--------------+------+----+-+-+--+------+
|turb|   0|   0|  1.465262e+02|  1.678172e+02|  1.064004e-04|  3.504970e-05|  1.797361e-01|     5|  30|0|n|30|  OK  |
|turb|   0|   1|  2.209981e+08|  1.626011e+05|  2.444735e-01|  2.585041e-02|  3.540724e+00|     8|  48|0|n|30|  OK  |
Filter: K,E,momentum: sd =   0 isolating K from zero=      0 E from zero=    314 E from infinity=      0
slv : Fluid subdom(new) 0
slv : P static (new)                 : min(  20038) = 92915.526489338      , max(  21343) = 232257.13467561      
slv : Density (new)                  : min(  20038) = 1.0434345555207      , max(  10511) = 2.585619147292       
slv : Velocity (new)                 : min(  20141) = 0.84344465584211     , max(  66536) = 213.88670914204      
slv : Mach number (new)              : min(  20141) = 0.0023770051276725   , max(  66536) = 0.62545207096711     
slv : Turbulent k (new)              : min(      0) = 0.047885393269743    , max(  20150) = 1275.2962947827      
slv : Turbulent e (new)              : min(  21134) = 0.51898570549681     , max(  20150) = 1590345.6301872      
slv : Temperature (new)              : min(  66536) = 291.14780146875      , max(  21358) = 314.39207851532      
slv : Total enthalpy, Y-shifted (new): min(  20156) = 20015.627829771      , max(  21351) = 21958.388284796      
slv : MASS FLUXES AT OPENINGS: MF=-314.857, AP=314.858
slv : DvGr statistics: min alpha=0.075711(nfa=208855, geom_slice=0)
slv : +----------------------------------+------------+-------+------------+------------+
slv : |          Collector name          | Total Time | Count |  Avg Time  |  Max Time  |
slv : +----------------------------------+------------+-------+------------+------------+
slv : | Calculate_inc                    |      29.950|     66|       0.454|       0.652|
slv : | CollectEMT_Results               |       0.000|     67|       0.000|       0.000|
slv : | HeatPathCalculator_Dynamic       |       0.021|      1|       0.021|       0.021|
slv : | LiSy_make_portrait               |       0.711|    291|       0.002|       0.017|
slv : | Results_processing               |       3.529|     66|       0.053|       0.069|
slv : | build_sl_ordering_CHT            |       0.016|     67|       0.000|       0.006|
slv : | build_sl_ordering_MDS            |       0.121|     67|       0.002|       0.019|
slv : | build_sl_ordering_fluid          |       0.120|     67|       0.002|       0.019|
slv : | calc_Convolutions_MDS            |       0.904|     67|       0.013|       0.027|
slv : | calc_wall_dist                   |       0.372|      1|       0.372|       0.372|
slv : | create_Gr_operators_MDS          |       0.975|     67|       0.015|       0.027|
slv : | create_Gr_operators_portrait_MDS |       0.511|     67|       0.008|       0.012|
slv : | init_Hy_group_MDS                |       0.934|     67|       0.014|       0.019|
slv : | perform_stage_total              |      25.648|   1817|       0.014|       0.372|
slv : | precalc_at_start_MDS             |       0.666|      2|       0.333|       0.637|
slv : | solve_3M_MDS                     |       2.886|     67|       0.043|       0.069|
slv : | solve_3M_alg_MDS                 |       1.075|     67|       0.016|       0.041|
slv : | solve_BG_MDS                     |       2.119|     67|       0.032|       0.042|
slv : | solve_BG_alg_MDS                 |       1.458|     67|       0.022|       0.033|
slv : | solve_BL_MDS                     |       1.007|     67|       0.015|       0.019|
slv : | solve_CHT                        |       2.129|     67|       0.032|       0.080|
slv : | solve_CHT_MDS                    |       1.605|     67|       0.024|       0.073|
slv : | solve_CHT_alg_MDS                |       0.584|     67|       0.009|       0.056|
slv : | solve_DvGr_MDS                   |       6.081|     67|       0.091|       0.303|
slv : | solve_DvGr_alg_MDS               |       2.762|     67|       0.041|       0.255|
slv : | solve_INPR_MDS                   |       0.000|      1|       0.000|       0.000|
slv : | solve_PS+QJ                      |       0.000|      0|       0.000|       0.000|
slv : | solve_YLMA_MDS                   |       0.001|     67|       0.000|       0.000|
slv : | solve_YNOx_MDS                   |       0.000|     67|       0.000|       0.000|
slv : | solve_YTd_MDS                    |       0.001|     67|       0.000|       0.000|
slv : | solve_YTurb_MDS                  |       8.985|     67|       0.134|       0.164|
slv : | solve_YTurb_alg_MDS              |       4.947|    134|       0.037|       0.059|
slv : | update_BC_MDS                    |       0.000|     68|       0.000|       0.000|
slv : | update_Mf_after_DvGr             |       0.802|     67|       0.012|       0.023|
slv : | update_VelPressure_MDS           |       0.124|     67|       0.002|       0.003|
slv : +----------------------------------+------------+-------+------------+------------+
-----------------------------------------------------------------------
Memory Working Set Current = 440.36 Mb, Memory Working Set Peak = 443.34 Mb
Memory Private Bytes Current = 623.25 Mb, Memory Private Bytes Peak = 628.28 Mb
Process Threads Number: 16
-----------------------------------------------------------------------
Algebra Pool      : mem_usage = 441.75 Mb, allocated count = 1585

================== Tstep=67 ===================
<Dynamic P> on nsd = 0 {openings (inlet / outlet)}:
  (SP = Static Pressure, EP = Environment Pressure, TP = Total Pressure, E = External)
  {#0, E, (3.669609e-02 / 2.734106e+04)}
  {#1, E, (4.507733e-02 / 2.734105e+04)}
  {#2, E, (0.000000e+00 / 2.710140e+04)}
  {#3, E, (2.733225e+04 / 0.000000e+00)}
  {#4, E, (4.638379e-03 / 2.734036e+04)}
  {#5, E, (1.072887e-02 / 2.734068e+04)}
  MWS[  0]=7.04057
tau_viscous_averaged = 73.3985 
dt(mass,momentum; nsd=  0): min dt/dtG(ncv=  10382)=0.96 , max dt/dtG(ncv=  20141)=10.5   , dtG=0.00100228
Flow alg-view 0 in phys-view 0 isn't Neumann (not Multi Phase treating)
Face Momentum (sd=  0): max value of div(mf) (cv=26328) = 6.963053e-05
Flow alg-view 0 is not Neumann (not for Phase Change + Nested Iters)
+----+----+--------------+--------------+--------------+--------------+--------------+------+----+-+-+--+------+
|Name|view| Initial res  | Initial resL1| Target res   | Final res    | Final res L1 |Visits|Iter|R|F|CL|Status|
| BG |   0|  9.239254e-08|  2.068094e-02|  1.071079e-09|  4.590890e-10|  1.726073e-03|     6|  18|0|n|30|  OK  |
log10(resTarget_Lim / resTarget_Orig): 2.3 
Face Momentum (sd=  0): max value of div(mf) (cv=8703) = 2.215716e-06
	norm_L2 of div(momentum) = 2.155554e-05.
Flow alg-view 0 in phys-view 0 isn't Neumann (not Multi Phase treating)
LOG: number of a-faces with weighted approximations in 0 subdomain: 9.00116 percent
LOG: Rate of a-faces corrected to CUp1st in 0 subdomain: 0.16907 %
slv : SolveBL stage
|nsd|Real WF|NormalF|Cycle F|CriticF| EdgeF |CyclBrF|ExtParF|RWFnumSt|StLvlNum|  nfw  |  alp_U_min  |  nfw  |  alp_U_max  |  nfw  |  alp_T_min  |  nfw  |  alp_T_max  |  nfw  |  BL_s_min   |  nfw  |   BL_s_max  |
|  0|   2054|   1799|     21|     12|    209|     13|      0|    2033|      66|   3996|0            |  12947|19.5894      |   1780|0            |   4007|21960.7      |  12935|-22234.4     |   1780|0            |
Face Momentum (sd=  0): max value of div(mf) (cv=8703) = 2.215716e-06
	norm_L2 of div(momentum) = 2.155554e-05.
nsd = 0 BC: AP Inlet occurs on 2832 w-faces
+----+----+----+--------------+--------------+--------------+--------------+--------------+------+----+-+-+--+------+
|Name|view| n_y| Initial res  | Initial resL1| Target res   | Final res    | Final res L1 |Visits|Iter|R|F|CL|Status|
+----+----+----+--------------+--------------+--------------+--------------+--------------+------+----+-+-+--+------+
| 3M |   0|   0|  1.030064e+01|  2.818375e+02|  1.931369e-03|  7.954866e-05|  1.248618e-01|     2|   6|0|n|29|  OK  |
Velocity (predicted):
        (local) sd   0: min(  20141)=0.77943140808599     , max(  66536)=213.86279474794      
Flow alg-view 0 is not Neumann (not for Phase Change + Nested Iters)
+----+----+--------------+--------------+--------------+--------------+--------------+------+----+-+-+--+------+
|Name|view| Initial res  | Initial resL1| Target res   | Final res    | Final res L1 |Visits|Iter|R|F|CL|Status|
|DVGR|   0|  1.809912e-03|  2.632922e+00|  1.131195e-07|  7.475550e-08|  2.059121e-02|     3|   9|0|n|30|  OK  |
PRESSURE SOLVER(geom_index=  0): sum_C_dp=-5.67143e-05
Face Momentum (sd=  0): max value of div(mf) (cv=20166) = 3.962519e-05
	norm_L2 of div(momentum) = 2.749283e-04.
nsd = 0 min_dtHy = 0.000959461 (nCV =	10382 ) max_dtHy = 0.0105175 (nCV =	20141 ) 
+----+----+--------------+--------------+--------------+--------------+--------------+------+----+-+-+--+------+
|Name|view| Initial res  | Initial resL1| Target res   | Final res    | Final res L1 |Visits|Iter|R|F|CL|Status|
|CHT |   0|  3.607516e+02|  4.537368e+02|  2.254698e-02|  2.097005e-02|  3.362259e+00|     1|   9|0|n|30|  OK  |
nsd = 0 min_dtke = 0.000154591 (nCV =	20150 ) max_dtke = 0.00194576 (nCV =	77934 ) 
+----+----+----+--------------+--------------+--------------+--------------+--------------+------+----+-+-+--+------+
|Name|view| n_y| Initial res  | Initial resL1| Target res   | Final res    | Final res L1 |Visits|Iter|R|F|CL|Status|
+----+----+----+--------------+--------------+--------------+--------------+--------------+------+----+-+-+--+------+
|turb|   0|   0|  1.156053e+02|  1.598218e+02|  1.064041e-04|  3.356893e-05|  1.759134e-01|     5|  30|0|n|30|  OK  |
|turb|   0|   1|  2.224433e+08|  1.569151e+05|  2.444881e-01|  2.670683e-02|  3.684971e+00|     8|  48|0|n|30|  OK  |
Filter: K,E,momentum: sd =   0 isolating K from zero=      0 E from zero=    320 E from infinity=      0
slv : Fluid subdom(new) 0
slv : P static (new)                 : min(  20038) = 92923.924282253      , max(  21343) = 230867.02826965      
slv : Density (new)                  : min(  20038) = 1.0435954172834      , max(  21384) = 2.5714566918793      
slv : Velocity (new)                 : min(  20141) = 0.78102079081627     , max(  66536) = 213.89262403527      
slv : Mach number (new)              : min(  20141) = 0.0022010776234059   , max(  66536) = 0.62547071001353     
slv : Turbulent k (new)              : min(      0) = 0.047885385877887    , max(  20150) = 1238.4823482969      
slv : Turbulent e (new)              : min(  21823) = 0.43708130423586     , max(  20150) = 1518213.1180313      
slv : Temperature (new)              : min(  66536) = 291.14654548724      , max(  21358) = 314.38146378716      
slv : Total enthalpy, Y-shifted (new): min(  20156) = 19992.826614502      , max(  21351) = 21966.127539443      
slv : MASS FLUXES AT OPENINGS: MF=-314.857, AP=314.858
slv : DvGr statistics: min alpha=0.0757108(nfa=208855, geom_slice=0)
slv : +----------------------------------+------------+-------+------------+------------+
slv : |          Collector name          | Total Time | Count |  Avg Time  |  Max Time  |
slv : +----------------------------------+------------+-------+------------+------------+
slv : | Calculate_inc                    |      30.383|     67|       0.453|       0.652|
slv : | CollectEMT_Results               |       0.000|     68|       0.000|       0.000|
slv : | HeatPathCalculator_Dynamic       |       0.021|      1|       0.021|       0.021|
slv : | LiSy_make_portrait               |       0.719|    295|       0.002|       0.017|
slv : | Results_processing               |       3.581|     67|       0.053|       0.069|
slv : | build_sl_ordering_CHT            |       0.016|     68|       0.000|       0.006|
slv : | build_sl_ordering_MDS            |       0.121|     68|       0.002|       0.019|
slv : | build_sl_ordering_fluid          |       0.120|     68|       0.002|       0.019|
slv : | calc_Convolutions_MDS            |       0.917|     68|       0.013|       0.027|
slv : | calc_wall_dist                   |       0.372|      1|       0.372|       0.372|
slv : | create_Gr_operators_MDS          |       0.988|     68|       0.015|       0.027|
slv : | create_Gr_operators_portrait_MDS |       0.517|     68|       0.008|       0.012|
slv : | init_Hy_group_MDS                |       0.947|     68|       0.014|       0.019|
slv : | perform_stage_total              |      25.995|   1844|       0.014|       0.372|
slv : | precalc_at_start_MDS             |       0.666|      2|       0.333|       0.637|
slv : | solve_3M_MDS                     |       2.933|     68|       0.043|       0.069|
slv : | solve_3M_alg_MDS                 |       1.096|     68|       0.016|       0.041|
slv : | solve_BG_MDS                     |       2.151|     68|       0.032|       0.042|
slv : | solve_BG_alg_MDS                 |       1.478|     68|       0.022|       0.033|
slv : | solve_BL_MDS                     |       1.022|     68|       0.015|       0.019|
slv : | solve_CHT                        |       2.151|     68|       0.032|       0.080|
slv : | solve_CHT_MDS                    |       1.620|     68|       0.024|       0.073|
slv : | solve_CHT_alg_MDS                |       0.588|     68|       0.009|       0.056|
slv : | solve_DvGr_MDS                   |       6.147|     68|       0.090|       0.303|
slv : | solve_DvGr_alg_MDS               |       2.782|     68|       0.041|       0.255|
slv : | solve_INPR_MDS                   |       0.000|      1|       0.000|       0.000|
slv : | solve_PS+QJ                      |       0.000|      0|       0.000|       0.000|
slv : | solve_YLMA_MDS                   |       0.001|     68|       0.000|       0.000|
slv : | solve_YNOx_MDS                   |       0.000|     68|       0.000|       0.000|
slv : | solve_YTd_MDS                    |       0.001|     68|       0.000|       0.000|
slv : | solve_YTurb_MDS                  |       9.115|     68|       0.134|       0.164|
slv : | solve_YTurb_alg_MDS              |       5.025|    136|       0.037|       0.059|
slv : | update_BC_MDS                    |       0.000|     69|       0.000|       0.000|
slv : | update_Mf_after_DvGr             |       0.813|     68|       0.012|       0.023|
slv : | update_VelPressure_MDS           |       0.126|     68|       0.002|       0.003|
slv : +----------------------------------+------------+-------+------------+------------+
-----------------------------------------------------------------------
Memory Working Set Current = 442.80 Mb, Memory Working Set Peak = 443.34 Mb
Memory Private Bytes Current = 626.75 Mb, Memory Private Bytes Peak = 628.28 Mb
Process Threads Number: 16
-----------------------------------------------------------------------
Algebra Pool      : mem_usage = 441.75 Mb, allocated count = 1582

================== Tstep=68 ===================
<Dynamic P> on nsd = 0 {openings (inlet / outlet)}:
  (SP = Static Pressure, EP = Environment Pressure, TP = Total Pressure, E = External)
  {#0, E, (3.676933e-02 / 2.734107e+04)}
  {#1, E, (4.504009e-02 / 2.734106e+04)}
  {#2, E, (0.000000e+00 / 2.710158e+04)}
  {#3, E, (2.733222e+04 / 0.000000e+00)}
  {#4, E, (4.636974e-03 / 2.734036e+04)}
  {#5, E, (1.069663e-02 / 2.734068e+04)}
  MWS[  0]=7.04132
tau_viscous_averaged = 73.454 
dt(mass,momentum; nsd=  0): min dt/dtG(ncv=  21474)=0.96 , max dt/dtG(ncv=  20141)=10.6   , dtG=0.00100125
Flow alg-view 0 in phys-view 0 isn't Neumann (not Multi Phase treating)
Face Momentum (sd=  0): max value of div(mf) (cv=7962) = 5.199049e-05
Flow alg-view 0 is not Neumann (not for Phase Change + Nested Iters)
+----+----+--------------+--------------+--------------+--------------+--------------+------+----+-+-+--+------+
|Name|view| Initial res  | Initial resL1| Target res   | Final res    | Final res L1 |Visits|Iter|R|F|CL|Status|
| BG |   0|  8.116950e-08|  2.101060e-02|  1.131195e-09|  3.834143e-10|  1.554281e-03|     6|  18|0|n|30|  OK  |
log10(resTarget_Lim / resTarget_Orig): 2.3 
Face Momentum (sd=  0): max value of div(mf) (cv=10392) = 2.047314e-06
	norm_L2 of div(momentum) = 1.968772e-05.
Flow alg-view 0 in phys-view 0 isn't Neumann (not Multi Phase treating)
LOG: number of a-faces with weighted approximations in 0 subdomain: 8.81197 percent
LOG: Rate of a-faces corrected to CUp1st in 0 subdomain: 0.172606 %
slv : SolveBL stage
|nsd|Real WF|NormalF|Cycle F|CriticF| EdgeF |CyclBrF|ExtParF|RWFnumSt|StLvlNum|  nfw  |  alp_U_min  |  nfw  |  alp_U_max  |  nfw  |  alp_T_min  |  nfw  |  alp_T_max  |  nfw  |  BL_s_min   |  nfw  |   BL_s_max  |
|  0|   2054|   1800|     20|     12|    209|     13|      0|    2034|      66|   3991|0            |  12947|19.5894      |   1780|0            |   4487|44139.1      |  12935|-22234.5     |   1780|0            |
Face Momentum (sd=  0): max value of div(mf) (cv=10392) = 2.047314e-06
	norm_L2 of div(momentum) = 1.968772e-05.
nsd = 0 BC: AP Inlet occurs on 2836 w-faces
+----+----+----+--------------+--------------+--------------+--------------+--------------+------+----+-+-+--+------+
|Name|view| n_y| Initial res  | Initial resL1| Target res   | Final res    | Final res L1 |Visits|Iter|R|F|CL|Status|
+----+----+----+--------------+--------------+--------------+--------------+--------------+------+----+-+-+--+------+
| 3M |   0|   0|  1.075975e+01|  2.822762e+02|  2.017454e-03|  1.032270e-04|  1.334267e-01|     2|   6|0|n|29|  OK  |
Velocity (predicted):
        (local) sd   0: min(  20141)=0.71166852819262     , max(  66536)=213.86194344036      
Flow alg-view 0 is not Neumann (not for Phase Change + Nested Iters)
+----+----+--------------+--------------+--------------+--------------+--------------+------+----+-+-+--+------+
|Name|view| Initial res  | Initial resL1| Target res   | Final res    | Final res L1 |Visits|Iter|R|F|CL|Status|
|DVGR|   0|  1.803004e-03|  2.638427e+00|  1.126878e-07|  6.783022e-08|  1.893335e-02|     3|   9|0|n|30|  OK  |
PRESSURE SOLVER(geom_index=  0): sum_C_dp=-3.51953e-05
Face Momentum (sd=  0): max value of div(mf) (cv=20108) = 3.702300e-05
	norm_L2 of div(momentum) = 2.616320e-04.
nsd = 0 min_dtHy = 0.000958472 (nCV =	21474 ) max_dtHy = 0.0105982 (nCV =	20141 ) 
+----+----+--------------+--------------+--------------+--------------+--------------+------+----+-+-+--+------+
|Name|view| Initial res  | Initial resL1| Target res   | Final res    | Final res L1 |Visits|Iter|R|F|CL|Status|
|CHT |   0|  3.504061e+02|  4.455531e+02|  2.190038e-02|  2.082599e-02|  3.284975e+00|     1|   9|0|n|30|  OK  |
nsd = 0 min_dtke = 0.000156963 (nCV =	20150 ) max_dtke = 0.00194573 (nCV =	77999 ) 
+----+----+----+--------------+--------------+--------------+--------------+--------------+------+----+-+-+--+------+
|Name|view| n_y| Initial res  | Initial resL1| Target res   | Final res    | Final res L1 |Visits|Iter|R|F|CL|Status|
+----+----+----+--------------+--------------+--------------+--------------+--------------+------+----+-+-+--+------+
|turb|   0|   0|  1.042914e+02|  1.549343e+02|  1.064465e-04|  3.644906e-05|  1.725239e-01|     5|  30|0|n|30|  OK  |
|turb|   0|   1|  1.891728e+08|  1.525124e+05|  2.446367e-01|  2.578362e-02|  3.639600e+00|     8|  48|0|n|30|  OK  |
Filter: K,E,momentum: sd =   0 isolating K from zero=      0 E from zero=    314 E from infinity=      0
slv : Fluid subdom(new) 0
slv : P static (new)                 : min(  20038) = 92922.915446655      , max(  21343) = 229612.06021856      
slv : Density (new)                  : min(  20038) = 1.0435881173134      , max(  21384) = 2.5574412716388      
slv : Velocity (new)                 : min(  20141) = 0.68325794514038     , max(  66536) = 213.88605199245      
slv : Mach number (new)              : min(  20141) = 0.0019255581320971   , max(  66536) = 0.62544999888088     
slv : Turbulent k (new)              : min(      0) = 0.047885389672803    , max(  20150) = 1225.3820527764      
slv : Turbulent e (new)              : min(  10370) = 0.45485046083972     , max(  20150) = 1492129.1779533      
slv : Temperature (new)              : min(  66536) = 291.14794220464      , max(  21358) = 314.37055867425      
slv : Total enthalpy, Y-shifted (new): min(  20149) = 19995.54387602       , max(  21351) = 21973.429008938      
slv : MASS FLUXES AT OPENINGS: MF=-314.857, AP=314.857
slv : DvGr statistics: min alpha=0.0757109(nfa=208855, geom_slice=0)
slv : +----------------------------------+------------+-------+------------+------------+
slv : |          Collector name          | Total Time | Count |  Avg Time  |  Max Time  |
slv : +----------------------------------+------------+-------+------------+------------+
slv : | Calculate_inc                    |      30.795|     68|       0.453|       0.652|
slv : | CollectEMT_Results               |       0.000|     69|       0.000|       0.000|
slv : | HeatPathCalculator_Dynamic       |       0.021|      1|       0.021|       0.021|
slv : | LiSy_make_portrait               |       0.728|    299|       0.002|       0.017|
slv : | Results_processing               |       3.629|     68|       0.053|       0.069|
slv : | build_sl_ordering_CHT            |       0.016|     69|       0.000|       0.006|
slv : | build_sl_ordering_MDS            |       0.122|     69|       0.002|       0.019|
slv : | build_sl_ordering_fluid          |       0.120|     69|       0.002|       0.019|
slv : | calc_Convolutions_MDS            |       0.930|     69|       0.013|       0.027|
slv : | calc_wall_dist                   |       0.372|      1|       0.372|       0.372|
slv : | create_Gr_operators_MDS          |       1.002|     69|       0.015|       0.027|
slv : | create_Gr_operators_portrait_MDS |       0.523|     69|       0.008|       0.012|
slv : | init_Hy_group_MDS                |       0.960|     69|       0.014|       0.019|
slv : | perform_stage_total              |      26.346|   1871|       0.014|       0.372|
slv : | precalc_at_start_MDS             |       0.666|      2|       0.333|       0.637|
slv : | solve_3M_MDS                     |       2.979|     69|       0.043|       0.069|
slv : | solve_3M_alg_MDS                 |       1.116|     69|       0.016|       0.041|
slv : | solve_BG_MDS                     |       2.180|     69|       0.032|       0.042|
slv : | solve_BG_alg_MDS                 |       1.498|     69|       0.022|       0.033|
slv : | solve_BL_MDS                     |       1.039|     69|       0.015|       0.019|
slv : | solve_CHT                        |       2.175|     69|       0.032|       0.080|
slv : | solve_CHT_MDS                    |       1.636|     69|       0.024|       0.073|
slv : | solve_CHT_alg_MDS                |       0.593|     69|       0.009|       0.056|
slv : | solve_DvGr_MDS                   |       6.215|     69|       0.090|       0.303|
slv : | solve_DvGr_alg_MDS               |       2.803|     69|       0.041|       0.255|
slv : | solve_INPR_MDS                   |       0.000|      1|       0.000|       0.000|
slv : | solve_PS+QJ                      |       0.000|      0|       0.000|       0.000|
slv : | solve_YLMA_MDS                   |       0.001|     69|       0.000|       0.000|
slv : | solve_YNOx_MDS                   |       0.000|     69|       0.000|       0.000|
slv : | solve_YTd_MDS                    |       0.001|     69|       0.000|       0.000|
slv : | solve_YTurb_MDS                  |       9.246|     69|       0.134|       0.164|
slv : | solve_YTurb_alg_MDS              |       5.104|    138|       0.037|       0.059|
slv : | update_BC_MDS                    |       0.000|     70|       0.000|       0.000|
slv : | update_Mf_after_DvGr             |       0.824|     69|       0.012|       0.023|
slv : | update_VelPressure_MDS           |       0.127|     69|       0.002|       0.003|
slv : +----------------------------------+------------+-------+------------+------------+
-----------------------------------------------------------------------
Memory Working Set Current = 440.27 Mb, Memory Working Set Peak = 443.61 Mb
Memory Private Bytes Current = 623.96 Mb, Memory Private Bytes Peak = 628.28 Mb
Process Threads Number: 16
-----------------------------------------------------------------------
Algebra Pool      : mem_usage = 441.75 Mb, allocated count = 1584

================== Tstep=69 ===================
<Dynamic P> on nsd = 0 {openings (inlet / outlet)}:
  (SP = Static Pressure, EP = Environment Pressure, TP = Total Pressure, E = External)
  {#0, E, (3.676332e-02 / 2.734107e+04)}
  {#1, E, (4.516000e-02 / 2.734106e+04)}
  {#2, E, (0.000000e+00 / 2.710159e+04)}
  {#3, E, (2.733225e+04 / 0.000000e+00)}
  {#4, E, (4.648526e-03 / 2.734036e+04)}
  {#5, E, (1.066658e-02 / 2.734067e+04)}
  MWS[  0]=7.04109
tau_viscous_averaged = 73.5194 
dt(mass,momentum; nsd=  0): min dt/dtG(ncv=  10382)=0.96 , max dt/dtG(ncv=  20141)=10.7   , dtG=0.00100199
Flow alg-view 0 in phys-view 0 isn't Neumann (not Multi Phase treating)
Face Momentum (sd=  0): max value of div(mf) (cv=7955) = 5.433776e-05
Flow alg-view 0 is not Neumann (not for Phase Change + Nested Iters)
+----+----+--------------+--------------+--------------+--------------+--------------+------+----+-+-+--+------+
|Name|view| Initial res  | Initial resL1| Target res   | Final res    | Final res L1 |Visits|Iter|R|F|CL|Status|
| BG |   0|  7.617020e-08|  1.932641e-02|  1.126878e-09|  3.204668e-10|  1.442032e-03|     6|  18|0|n|30|  OK  |
log10(resTarget_Lim / resTarget_Orig): 2.4 
Face Momentum (sd=  0): max value of div(mf) (cv=8703) = 1.866656e-06
	norm_L2 of div(momentum) = 1.798612e-05.
Flow alg-view 0 in phys-view 0 isn't Neumann (not Multi Phase treating)
LOG: number of a-faces with weighted approximations in 0 subdomain: 8.86242 percent
LOG: Rate of a-faces corrected to CUp1st in 0 subdomain: 0.169944 %
slv : SolveBL stage
|nsd|Real WF|NormalF|Cycle F|CriticF| EdgeF |CyclBrF|ExtParF|RWFnumSt|StLvlNum|  nfw  |  alp_U_min  |  nfw  |  alp_U_max  |  nfw  |  alp_T_min  |  nfw  |  alp_T_max  |  nfw  |  BL_s_min   |  nfw  |   BL_s_max  |
|  0|   2054|   1809|     17|     12|    207|      9|      0|    2037|      66|   3996|0            |   4073|31.4616      |   3978|0            |   3984|10840.1      |  12935|-22234.5     |   3978|0            |
Face Momentum (sd=  0): max value of div(mf) (cv=8703) = 1.866656e-06
	norm_L2 of div(momentum) = 1.798612e-05.
nsd = 0 BC: AP Inlet occurs on 2836 w-faces
+----+----+----+--------------+--------------+--------------+--------------+--------------+------+----+-+-+--+------+
|Name|view| n_y| Initial res  | Initial resL1| Target res   | Final res    | Final res L1 |Visits|Iter|R|F|CL|Status|
+----+----+----+--------------+--------------+--------------+--------------+--------------+------+----+-+-+--+------+
| 3M |   0|   0|  1.127723e+01|  2.822270e+02|  2.114481e-03|  6.103219e-05|  1.149964e-01|     2|   6|0|n|29|  OK  |
Velocity (predicted):
        (local) sd   0: min(  20141)=0.58779446326931     , max(  66536)=213.86340848527      
Flow alg-view 0 is not Neumann (not for Phase Change + Nested Iters)
+----+----+--------------+--------------+--------------+--------------+--------------+------+----+-+-+--+------+
|Name|view| Initial res  | Initial resL1| Target res   | Final res    | Final res L1 |Visits|Iter|R|F|CL|Status|
|DVGR|   0|  1.952604e-03|  2.647374e+00|  1.220377e-07|  5.542938e-08|  1.968530e-02|     3|   9|0|n|30|  OK  |
PRESSURE SOLVER(geom_index=  0): sum_C_dp=-1.80404e-05
Face Momentum (sd=  0): max value of div(mf) (cv=20166) = 3.351785e-05
	norm_L2 of div(momentum) = 2.369504e-04.
nsd = 0 min_dtHy = 0.000960154 (nCV =	10382 ) max_dtHy = 0.010687 (nCV =	20141 ) 
+----+----+--------------+--------------+--------------+--------------+--------------+------+----+-+-+--+------+
|Name|view| Initial res  | Initial resL1| Target res   | Final res    | Final res L1 |Visits|Iter|R|F|CL|Status|
|CHT |   0|  3.465149e+02|  4.394601e+02|  2.165718e-02|  1.985636e-02|  3.151473e+00|     1|   9|0|n|30|  OK  |
nsd = 0 min_dtke = 0.000157908 (nCV =	20150 ) max_dtke = 0.00194572 (nCV =	77999 ) 
+----+----+----+--------------+--------------+--------------+--------------+--------------+------+----+-+-+--+------+
|Name|view| n_y| Initial res  | Initial resL1| Target res   | Final res    | Final res L1 |Visits|Iter|R|F|CL|Status|
+----+----+----+--------------+--------------+--------------+--------------+--------------+------+----+-+-+--+------+
|turb|   0|   0|  1.092105e+02|  1.566002e+02|  1.064312e-04|  3.019611e-05|  1.670942e-01|     5|  30|0|n|30|  OK  |
|turb|   0|   1|  1.850687e+08|  1.525350e+05|  2.445850e-01|  2.467704e-02|  3.435356e+00|     8|  48|0|n|30|  OK  |
Filter: K,E,momentum: sd =   0 isolating K from zero=      0 E from zero=    317 E from infinity=      0
slv : Fluid subdom(new) 0
slv : P static (new)                 : min(  20038) = 92926.061060579      , max(  21343) = 228440.56109643      
slv : Density (new)                  : min(  20038) = 1.0437269186516      , max(  21384) = 2.5433859136493      
slv : Velocity (new)                 : min(  20141) = 0.58462127023178     , max(  66536) = 213.89075972705      
slv : Mach number (new)              : min(  20141) = 0.0016475769471265   , max(  66536) = 0.62546483406699     
slv : Turbulent k (new)              : min(      0) = 0.047885400050904    , max(  20150) = 1232.8663154796      
slv : Turbulent e (new)              : min(  24646) = 0.16306234393235     , max(  20150) = 1509309.6808327      
slv : Temperature (new)              : min(  66536) = 291.14694240496      , max(  21358) = 314.34433167608      
slv : Total enthalpy, Y-shifted (new): min(  20129) = 20009.865719533      , max(  21351) = 21979.949482583      
slv : MASS FLUXES AT OPENINGS: MF=-314.857, AP=314.857
slv : DvGr statistics: min alpha=0.0757107(nfa=208855, geom_slice=0)
slv : +----------------------------------+------------+-------+------------+------------+
slv : |          Collector name          | Total Time | Count |  Avg Time  |  Max Time  |
slv : +----------------------------------+------------+-------+------------+------------+
slv : | Calculate_inc                    |      31.212|     69|       0.452|       0.652|
slv : | CollectEMT_Results               |       0.000|     70|       0.000|       0.000|
slv : | HeatPathCalculator_Dynamic       |       0.021|      1|       0.021|       0.021|
slv : | LiSy_make_portrait               |       0.736|    303|       0.002|       0.017|
slv : | Results_processing               |       3.679|     69|       0.053|       0.069|
slv : | build_sl_ordering_CHT            |       0.016|     70|       0.000|       0.006|
slv : | build_sl_ordering_MDS            |       0.122|     70|       0.002|       0.019|
slv : | build_sl_ordering_fluid          |       0.120|     70|       0.002|       0.019|
slv : | calc_Convolutions_MDS            |       0.944|     70|       0.013|       0.027|
slv : | calc_wall_dist                   |       0.372|      1|       0.372|       0.372|
slv : | create_Gr_operators_MDS          |       1.015|     70|       0.015|       0.027|
slv : | create_Gr_operators_portrait_MDS |       0.530|     70|       0.008|       0.012|
slv : | init_Hy_group_MDS                |       0.974|     70|       0.014|       0.019|
slv : | perform_stage_total              |      26.701|   1898|       0.014|       0.372|
slv : | precalc_at_start_MDS             |       0.666|      2|       0.333|       0.637|
slv : | solve_3M_MDS                     |       3.025|     70|       0.043|       0.069|
slv : | solve_3M_alg_MDS                 |       1.137|     70|       0.016|       0.041|
slv : | solve_BG_MDS                     |       2.207|     70|       0.032|       0.042|
slv : | solve_BG_alg_MDS                 |       1.517|     70|       0.022|       0.033|
slv : | solve_BL_MDS                     |       1.056|     70|       0.015|       0.019|
slv : | solve_CHT                        |       2.200|     70|       0.031|       0.080|
slv : | solve_CHT_MDS                    |       1.654|     70|       0.024|       0.073|
slv : | solve_CHT_alg_MDS                |       0.597|     70|       0.009|       0.056|
slv : | solve_DvGr_MDS                   |       6.282|     70|       0.090|       0.303|
slv : | solve_DvGr_alg_MDS               |       2.823|     70|       0.040|       0.255|
slv : | solve_INPR_MDS                   |       0.000|      1|       0.000|       0.000|
slv : | solve_PS+QJ                      |       0.000|      0|       0.000|       0.000|
slv : | solve_YLMA_MDS                   |       0.001|     70|       0.000|       0.000|
slv : | solve_YNOx_MDS                   |       0.000|     70|       0.000|       0.000|
slv : | solve_YTd_MDS                    |       0.001|     70|       0.000|       0.000|
slv : | solve_YTurb_MDS                  |       9.385|     70|       0.134|       0.164|
slv : | solve_YTurb_alg_MDS              |       5.181|    140|       0.037|       0.059|
slv : | update_BC_MDS                    |       0.000|     71|       0.000|       0.000|
slv : | update_Mf_after_DvGr             |       0.835|     70|       0.012|       0.023|
slv : | update_VelPressure_MDS           |       0.129|     70|       0.002|       0.003|
slv : +----------------------------------+------------+-------+------------+------------+
Interpolator cache: total calls 6978, optimised calls 2683 (38.4 %)
-----------------------------------------------------------------------
Memory Working Set Current = 440.12 Mb, Memory Working Set Peak = 443.61 Mb
Memory Private Bytes Current = 623.97 Mb, Memory Private Bytes Peak = 628.28 Mb
Process Threads Number: 16
-----------------------------------------------------------------------
Iteration : time = 2.40459 , count = 5 , time/count = 0.480918
Calculate_inc() : time = 2.12455 , count = 5 , time/count = 0.42491
TreatFlowEvolution() : time = 0.248185 , count = 5 , time/count = 0.049637
SolverPreview : time = 0 , count = 5 , time/count = 0
TreatGoals : time = 0.24218 , count = 5 , time/count = 0.048436
Algebra Pool      : mem_usage = 441.75 Mb, allocated count = 1578

================== Tstep=70 ===================
<Dynamic P> on nsd = 0 {openings (inlet / outlet)}:
  (SP = Static Pressure, EP = Environment Pressure, TP = Total Pressure, E = External)
  {#0, E, (3.662715e-02 / 2.734107e+04)}
  {#1, E, (4.533972e-02 / 2.734107e+04)}
  {#2, E, (0.000000e+00 / 2.710164e+04)}
  {#3, E, (2.733222e+04 / 0.000000e+00)}
  {#4, E, (4.638469e-03 / 2.734036e+04)}
  {#5, E, (1.072392e-02 / 2.734067e+04)}
  MWS[  0]=7.04172
tau_viscous_averaged = 73.5572 
dt(mass,momentum; nsd=  0): min dt/dtG(ncv=  21474)=0.96 , max dt/dtG(ncv=  20141)=10.8   , dtG=0.00100089
Flow alg-view 0 in phys-view 0 isn't Neumann (not Multi Phase treating)
Face Momentum (sd=  0): max value of div(mf) (cv=23908) = 1.241755e-04
Flow alg-view 0 is not Neumann (not for Phase Change + Nested Iters)
+----+----+--------------+--------------+--------------+--------------+--------------+------+----+-+-+--+------+
|Name|view| Initial res  | Initial resL1| Target res   | Final res    | Final res L1 |Visits|Iter|R|F|CL|Status|
| BG |   0|  7.548232e-08|  2.015758e-02|  1.220377e-09|  9.483899e-10|  2.520123e-03|     5|  15|0|n|30|  OK  |
log10(resTarget_Lim / resTarget_Orig): 2.4 
Face Momentum (sd=  0): max value of div(mf) (cv=10423) = 3.277181e-06
	norm_L2 of div(momentum) = 3.082872e-05.
Flow alg-view 0 in phys-view 0 isn't Neumann (not Multi Phase treating)
LOG: number of a-faces with weighted approximations in 0 subdomain: 8.69509 percent
LOG: Rate of a-faces corrected to CUp1st in 0 subdomain: 0.171745 %
slv : SolveBL stage
|nsd|Real WF|NormalF|Cycle F|CriticF| EdgeF |CyclBrF|ExtParF|RWFnumSt|StLvlNum|  nfw  |  alp_U_min  |  nfw  |  alp_U_max  |  nfw  |  alp_T_min  |  nfw  |  alp_T_max  |  nfw  |  BL_s_min   |  nfw  |   BL_s_max  |
|  0|   2054|   1801|     17|     12|    215|      9|      0|    2037|      66|   4019|0            |   4073|162.345      |   3978|0            |   4045|20587.3      |  12935|-22234.6     |   3978|0            |
Face Momentum (sd=  0): max value of div(mf) (cv=10423) = 3.277181e-06
	norm_L2 of div(momentum) = 3.082872e-05.
nsd = 0 BC: AP Inlet occurs on 2837 w-faces
+----+----+----+--------------+--------------+--------------+--------------+--------------+------+----+-+-+--+------+
|Name|view| n_y| Initial res  | Initial resL1| Target res   | Final res    | Final res L1 |Visits|Iter|R|F|CL|Status|
+----+----+----+--------------+--------------+--------------+--------------+--------------+------+----+-+-+--+------+
| 3M |   0|   0|  1.175892e+01|  2.841968e+02|  2.204798e-03|  8.321565e-05|  1.248819e-01|     2|   6|0|n|29|  OK  |
Velocity (predicted):
        (local) sd   0: min(  20141)=0.48774990327154     , max(  66536)=213.86262976735      
Flow alg-view 0 is not Neumann (not for Phase Change + Nested Iters)
+----+----+--------------+--------------+--------------+--------------+--------------+------+----+-+-+--+------+
|Name|view| Initial res  | Initial resL1| Target res   | Final res    | Final res L1 |Visits|Iter|R|F|CL|Status|
|DVGR|   0|  1.834917e-03|  2.587444e+00|  1.146823e-07|  4.736956e-08|  1.859749e-02|     3|   9|0|n|30|  OK  |
PRESSURE SOLVER(geom_index=  0): sum_C_dp=7.93715e-07
Face Momentum (sd=  0): max value of div(mf) (cv=20166) = 3.038437e-05
	norm_L2 of div(momentum) = 2.191581e-04.
nsd = 0 min_dtHy = 0.000958218 (nCV =	21474 ) max_dtHy = 0.0107704 (nCV =	20141 ) 
+----+----+--------------+--------------+--------------+--------------+--------------+------+----+-+-+--+------+
|Name|view| Initial res  | Initial resL1| Target res   | Final res    | Final res L1 |Visits|Iter|R|F|CL|Status|
|CHT |   0|  3.772852e+02|  4.581071e+02|  2.358033e-02|  1.432885e-04|  2.733857e-01|     2|  18|0|n|30|  OK  |
nsd = 0 min_dtke = 0.000157011 (nCV =	20150 ) max_dtke = 0.00194574 (nCV =	77934 ) 
+----+----+----+--------------+--------------+--------------+--------------+--------------+------+----+-+-+--+------+
|Name|view| n_y| Initial res  | Initial resL1| Target res   | Final res    | Final res L1 |Visits|Iter|R|F|CL|Status|
+----+----+----+--------------+--------------+--------------+--------------+--------------+------+----+-+-+--+------+
|turb|   0|   0|  1.176759e+02|  1.599106e+02|  1.064666e-04|  4.835584e-05|  1.819813e-01|     5|  30|0|n|30|  OK  |
|turb|   0|   1|  1.939243e+08|  1.565567e+05|  2.447100e-01|  2.685098e-02|  3.605216e+00|     8|  48|0|n|30|  OK  |
Filter: K,E,momentum: sd =   0 isolating K from zero=      0 E from zero=    323 E from infinity=      0
slv : Fluid subdom(new) 0
slv : P static (new)                 : min(  20038) = 92918.587404223      , max(  21343) = 227335.48451911      
slv : Density (new)                  : min(  20038) = 1.043617147172       , max(  21384) = 2.529471306787       
slv : Velocity (new)                 : min(  20141) = 0.51056487369137     , max(  66536) = 213.88359084165      
slv : Mach number (new)              : min(  20141) = 0.0014388686952457   , max(  66536) = 0.62544224158738     
slv : Turbulent k (new)              : min(      0) = 0.04788541885509     , max(  20150) = 1252.0119294476      
slv : Turbulent e (new)              : min(  24650) = 0.59773880321453     , max(  20150) = 1544110.4378757      
slv : Temperature (new)              : min(  66536) = 291.14846642827      , max(  21358) = 314.30949260311      
slv : Total enthalpy, Y-shifted (new): min(  20129) = 19999.44131599       , max(  21351) = 21986.063967977      
slv : MASS FLUXES AT OPENINGS: MF=-314.857, AP=314.857
slv : DvGr statistics: min alpha=0.0757109(nfa=208855, geom_slice=0)
slv : +----------------------------------+------------+-------+------------+------------+
slv : |          Collector name          | Total Time | Count |  Avg Time  |  Max Time  |
slv : +----------------------------------+------------+-------+------------+------------+
slv : | Calculate_inc                    |      31.636|     70|       0.452|       0.652|
slv : | CollectEMT_Results               |       0.000|     71|       0.000|       0.000|
slv : | HeatPathCalculator_Dynamic       |       0.021|      1|       0.021|       0.021|
slv : | LiSy_make_portrait               |       0.745|    307|       0.002|       0.017|
slv : | Results_processing               |       3.733|     70|       0.053|       0.069|
slv : | build_sl_ordering_CHT            |       0.016|     71|       0.000|       0.006|
slv : | build_sl_ordering_MDS            |       0.122|     71|       0.002|       0.019|
slv : | build_sl_ordering_fluid          |       0.121|     71|       0.002|       0.019|
slv : | calc_Convolutions_MDS            |       0.957|     71|       0.013|       0.027|
slv : | calc_wall_dist                   |       0.372|      1|       0.372|       0.372|
slv : | create_Gr_operators_MDS          |       1.028|     71|       0.014|       0.027|
slv : | create_Gr_operators_portrait_MDS |       0.540|     71|       0.008|       0.012|
slv : | init_Hy_group_MDS                |       0.988|     71|       0.014|       0.019|
slv : | perform_stage_total              |      27.059|   1925|       0.014|       0.372|
slv : | precalc_at_start_MDS             |       0.666|      2|       0.333|       0.637|
slv : | solve_3M_MDS                     |       3.071|     71|       0.043|       0.069|
slv : | solve_3M_alg_MDS                 |       1.157|     71|       0.016|       0.041|
slv : | solve_BG_MDS                     |       2.233|     71|       0.031|       0.042|
slv : | solve_BG_alg_MDS                 |       1.535|     71|       0.022|       0.033|
slv : | solve_BL_MDS                     |       1.072|     71|       0.015|       0.019|
slv : | solve_CHT                        |       2.228|     71|       0.031|       0.080|
slv : | solve_CHT_MDS                    |       1.675|     71|       0.024|       0.073|
slv : | solve_CHT_alg_MDS                |       0.605|     71|       0.009|       0.056|
slv : | solve_DvGr_MDS                   |       6.350|     71|       0.089|       0.303|
slv : | solve_DvGr_alg_MDS               |       2.844|     71|       0.040|       0.255|
slv : | solve_INPR_MDS                   |       0.000|      1|       0.000|       0.000|
slv : | solve_PS+QJ                      |       0.000|      0|       0.000|       0.000|
slv : | solve_YLMA_MDS                   |       0.001|     71|       0.000|       0.000|
slv : | solve_YNOx_MDS                   |       0.000|     71|       0.000|       0.000|
slv : | solve_YTd_MDS                    |       0.001|     71|       0.000|       0.000|
slv : | solve_YTurb_MDS                  |       9.528|     71|       0.134|       0.164|
slv : | solve_YTurb_alg_MDS              |       5.264|    142|       0.037|       0.059|
slv : | update_BC_MDS                    |       0.000|     72|       0.000|       0.000|
slv : | update_Mf_after_DvGr             |       0.846|     71|       0.012|       0.023|
slv : | update_VelPressure_MDS           |       0.131|     71|       0.002|       0.003|
slv : +----------------------------------+------------+-------+------------+------------+
-----------------------------------------------------------------------
Memory Working Set Current = 441.44 Mb, Memory Working Set Peak = 443.61 Mb
Memory Private Bytes Current = 625.36 Mb, Memory Private Bytes Peak = 628.28 Mb
Process Threads Number: 16
-----------------------------------------------------------------------
Algebra Pool      : mem_usage = 441.75 Mb, allocated count = 1580

================== Tstep=71 ===================
<Dynamic P> on nsd = 0 {openings (inlet / outlet)}:
  (SP = Static Pressure, EP = Environment Pressure, TP = Total Pressure, E = External)
  {#0, E, (3.665615e-02 / 2.734107e+04)}
  {#1, E, (4.539899e-02 / 2.734107e+04)}
  {#2, E, (0.000000e+00 / 2.710160e+04)}
  {#3, E, (2.733225e+04 / 0.000000e+00)}
  {#4, E, (4.641995e-03 / 2.734037e+04)}
  {#5, E, (1.073584e-02 / 2.734067e+04)}
  MWS[  0]=7.04112
tau_viscous_averaged = 73.6101 
dt(mass,momentum; nsd=  0): min dt/dtG(ncv=  10382)=0.96 , max dt/dtG(ncv=  20141)=10.8   , dtG=0.00100165
Flow alg-view 0 in phys-view 0 isn't Neumann (not Multi Phase treating)
Face Momentum (sd=  0): max value of div(mf) (cv=23908) = 1.398005e-04
Flow alg-view 0 is not Neumann (not for Phase Change + Nested Iters)
+----+----+--------------+--------------+--------------+--------------+--------------+------+----+-+-+--+------+
|Name|view| Initial res  | Initial resL1| Target res   | Final res    | Final res L1 |Visits|Iter|R|F|CL|Status|
| BG |   0|  7.376950e-08|  1.913995e-02|  1.146823e-09|  7.913792e-10|  2.425897e-03|     5|  15|0|n|30|  OK  |
log10(resTarget_Lim / resTarget_Orig): 2.4 
Face Momentum (sd=  0): max value of div(mf) (cv=10423) = 2.905405e-06
	norm_L2 of div(momentum) = 2.815706e-05.
Flow alg-view 0 in phys-view 0 isn't Neumann (not Multi Phase treating)
LOG: number of a-faces with weighted approximations in 0 subdomain: 8.85527 percent
LOG: Rate of a-faces corrected to CUp1st in 0 subdomain: 0.16994 %
slv : SolveBL stage
|nsd|Real WF|NormalF|Cycle F|CriticF| EdgeF |CyclBrF|ExtParF|RWFnumSt|StLvlNum|  nfw  |  alp_U_min  |  nfw  |  alp_U_max  |  nfw  |  alp_T_min  |  nfw  |  alp_T_max  |  nfw  |  BL_s_min   |  nfw  |   BL_s_max  |
|  0|   2054|   1803|     17|     10|    215|      9|      0|    2037|      66|   3991|0            |   4073|96.8064      |   3978|0            |   3984|14046.4      |  12935|-22234.6     |   3978|0            |
Face Momentum (sd=  0): max value of div(mf) (cv=10423) = 2.905405e-06
	norm_L2 of div(momentum) = 2.815706e-05.
nsd = 0 BC: AP Inlet occurs on 2835 w-faces
+----+----+----+--------------+--------------+--------------+--------------+--------------+------+----+-+-+--+------+
|Name|view| n_y| Initial res  | Initial resL1| Target res   | Final res    | Final res L1 |Visits|Iter|R|F|CL|Status|
+----+----+----+--------------+--------------+--------------+--------------+--------------+------+----+-+-+--+------+
| 3M |   0|   0|  1.046913e+01|  2.791812e+02|  1.962962e-03|  4.512787e-05|  1.108622e-01|     2|   6|0|n|29|  OK  |
Velocity (predicted):
        (local) sd   0: min(  20141)=0.43502906407173     , max(  66536)=213.8641604637       
Flow alg-view 0 is not Neumann (not for Phase Change + Nested Iters)
+----+----+--------------+--------------+--------------+--------------+--------------+------+----+-+-+--+------+
|Name|view| Initial res  | Initial resL1| Target res   | Final res    | Final res L1 |Visits|Iter|R|F|CL|Status|
|DVGR|   0|  1.794522e-03|  2.577806e+00|  1.121576e-07|  4.039255e-08|  1.749062e-02|     3|   9|0|n|30|  OK  |
PRESSURE SOLVER(geom_index=  0): sum_C_dp=-2.57846e-05
Face Momentum (sd=  0): max value of div(mf) (cv=20166) = 2.682196e-05
	norm_L2 of div(momentum) = 2.023074e-04.
nsd = 0 min_dtHy = 0.000960868 (nCV =	10382 ) max_dtHy = 0.0108422 (nCV =	20141 ) 
+----+----+--------------+--------------+--------------+--------------+--------------+------+----+-+-+--+------+
|Name|view| Initial res  | Initial resL1| Target res   | Final res    | Final res L1 |Visits|Iter|R|F|CL|Status|
|CHT |   0|  3.917896e+02|  4.539669e+02|  2.448685e-02|  1.364275e-04|  2.672654e-01|     2|  18|0|n|30|  OK  |
nsd = 0 min_dtke = 0.000156074 (nCV =	20150 ) max_dtke = 0.00194573 (nCV =	77934 ) 
+----+----+----+--------------+--------------+--------------+--------------+--------------+------+----+-+-+--+------+
|Name|view| n_y| Initial res  | Initial resL1| Target res   | Final res    | Final res L1 |Visits|Iter|R|F|CL|Status|
+----+----+----+--------------+--------------+--------------+--------------+--------------+------+----+-+-+--+------+
|turb|   0|   0|  1.359133e+02|  1.637487e+02|  1.064284e-04|  2.985547e-05|  1.673339e-01|     5|  30|0|n|30|  OK  |
|turb|   0|   1|  2.018224e+08|  1.602637e+05|  2.445799e-01|  2.567684e-02|  3.502845e+00|     8|  48|0|n|30|  OK  |
Filter: K,E,momentum: sd =   0 isolating K from zero=      0 E from zero=    324 E from infinity=      0
slv : Fluid subdom(new) 0
slv : P static (new)                 : min(  20038) = 92925.01263143       , max(  21343) = 226283.29505284      
slv : Density (new)                  : min(  20038) = 1.0436918167298      , max(  21384) = 2.5159900315329      
slv : Velocity (new)                 : min(  20141) = 0.46293164825977     , max(  66536) = 213.88809063592      
slv : Mach number (new)              : min(  20141) = 0.0013046266078939   , max(  66536) = 0.62545642126873     
slv : Turbulent k (new)              : min(      0) = 0.047885429992365    , max(  20150) = 1227.4294964557      
slv : Turbulent e (new)              : min(  24646) = 0.14103423636745     , max(  20150) = 1501046.2450035      
slv : Temperature (new)              : min(  66536) = 291.14751098439      , max(  21358) = 314.26567713348      
slv : Total enthalpy, Y-shifted (new): min(  20136) = 19970.004500636      , max(  21351) = 21991.005135493      
slv : MASS FLUXES AT OPENINGS: MF=-314.857, AP=314.857
slv : DvGr statistics: min alpha=0.0757108(nfa=208855, geom_slice=0)
slv : +----------------------------------+------------+-------+------------+------------+
slv : |          Collector name          | Total Time | Count |  Avg Time  |  Max Time  |
slv : +----------------------------------+------------+-------+------------+------------+
slv : | Calculate_inc                    |      32.065|     71|       0.452|       0.652|
slv : | CollectEMT_Results               |       0.000|     72|       0.000|       0.000|
slv : | HeatPathCalculator_Dynamic       |       0.021|      1|       0.021|       0.021|
slv : | LiSy_make_portrait               |       0.753|    311|       0.002|       0.017|
slv : | Results_processing               |       3.781|     71|       0.053|       0.069|
slv : | build_sl_ordering_CHT            |       0.016|     72|       0.000|       0.006|
slv : | build_sl_ordering_MDS            |       0.123|     72|       0.002|       0.019|
slv : | build_sl_ordering_fluid          |       0.121|     72|       0.002|       0.019|
slv : | calc_Convolutions_MDS            |       0.970|     72|       0.013|       0.027|
slv : | calc_wall_dist                   |       0.372|      1|       0.372|       0.372|
slv : | create_Gr_operators_MDS          |       1.046|     72|       0.015|       0.027|
slv : | create_Gr_operators_portrait_MDS |       0.548|     72|       0.008|       0.012|
slv : | init_Hy_group_MDS                |       1.001|     72|       0.014|       0.019|
slv : | perform_stage_total              |      27.457|   1952|       0.014|       0.372|
slv : | precalc_at_start_MDS             |       0.666|      2|       0.333|       0.637|
slv : | solve_3M_MDS                     |       3.124|     72|       0.043|       0.069|
slv : | solve_3M_alg_MDS                 |       1.178|     72|       0.016|       0.041|
slv : | solve_BG_MDS                     |       2.262|     72|       0.031|       0.042|
slv : | solve_BG_alg_MDS                 |       1.552|     72|       0.022|       0.033|
slv : | solve_BL_MDS                     |       1.087|     72|       0.015|       0.019|
slv : | solve_CHT                        |       2.272|     72|       0.032|       0.080|
slv : | solve_CHT_MDS                    |       1.711|     72|       0.024|       0.073|
slv : | solve_CHT_alg_MDS                |       0.621|     72|       0.009|       0.056|
slv : | solve_DvGr_MDS                   |       6.417|     72|       0.089|       0.303|
slv : | solve_DvGr_alg_MDS               |       2.864|     72|       0.040|       0.255|
slv : | solve_INPR_MDS                   |       0.000|      1|       0.000|       0.000|
slv : | solve_PS+QJ                      |       0.000|      0|       0.000|       0.000|
slv : | solve_YLMA_MDS                   |       0.001|     72|       0.000|       0.000|
slv : | solve_YNOx_MDS                   |       0.000|     72|       0.000|       0.000|
slv : | solve_YTd_MDS                    |       0.001|     72|       0.000|       0.000|
slv : | solve_YTurb_MDS                  |       9.699|     72|       0.135|       0.171|
slv : | solve_YTurb_alg_MDS              |       5.364|    144|       0.037|       0.059|
slv : | update_BC_MDS                    |       0.000|     73|       0.000|       0.000|
slv : | update_Mf_after_DvGr             |       0.858|     72|       0.012|       0.023|
slv : | update_VelPressure_MDS           |       0.133|     72|       0.002|       0.003|
slv : +----------------------------------+------------+-------+------------+------------+
-----------------------------------------------------------------------
Memory Working Set Current = 440.28 Mb, Memory Working Set Peak = 443.61 Mb
Memory Private Bytes Current = 623.23 Mb, Memory Private Bytes Peak = 628.28 Mb
Process Threads Number: 16
-----------------------------------------------------------------------
Algebra Pool      : mem_usage = 441.75 Mb, allocated count = 1577

================== Tstep=72 ===================
<Dynamic P> on nsd = 0 {openings (inlet / outlet)}:
  (SP = Static Pressure, EP = Environment Pressure, TP = Total Pressure, E = External)
  {#0, E, (3.653481e-02 / 2.734108e+04)}
  {#1, E, (4.520956e-02 / 2.734107e+04)}
  {#2, E, (0.000000e+00 / 2.710161e+04)}
  {#3, E, (2.733222e+04 / 0.000000e+00)}
  {#4, E, (4.636868e-03 / 2.734037e+04)}
  {#5, E, (1.074907e-02 / 2.734068e+04)}
  MWS[  0]=7.04152
tau_viscous_averaged = 73.645 
dt(mass,momentum; nsd=  0): min dt/dtG(ncv=  21474)=0.96 , max dt/dtG(ncv=  20141)=10.9   , dtG=0.00100085
Flow alg-view 0 in phys-view 0 isn't Neumann (not Multi Phase treating)
Face Momentum (sd=  0): max value of div(mf) (cv=7962) = 3.897225e-05
Flow alg-view 0 is not Neumann (not for Phase Change + Nested Iters)
+----+----+--------------+--------------+--------------+--------------+--------------+------+----+-+-+--+------+
|Name|view| Initial res  | Initial resL1| Target res   | Final res    | Final res L1 |Visits|Iter|R|F|CL|Status|
| BG |   0|  4.410055e-08|  1.782661e-02|  1.121576e-09|  5.709699e-10|  2.055210e-03|     5|  15|0|n|30|  OK  |
log10(resTarget_Lim / resTarget_Orig): 2.6 
Face Momentum (sd=  0): max value of div(mf) (cv=10423) = 2.551644e-06
	norm_L2 of div(momentum) = 2.391545e-05.
Flow alg-view 0 in phys-view 0 isn't Neumann (not Multi Phase treating)
LOG: number of a-faces with weighted approximations in 0 subdomain: 8.78254 percent
LOG: Rate of a-faces corrected to CUp1st in 0 subdomain: 0.17349 %
slv : SolveBL stage
|nsd|Real WF|NormalF|Cycle F|CriticF| EdgeF |CyclBrF|ExtParF|RWFnumSt|StLvlNum|  nfw  |  alp_U_min  |  nfw  |  alp_U_max  |  nfw  |  alp_T_min  |  nfw  |  alp_T_max  |  nfw  |  BL_s_min   |  nfw  |   BL_s_max  |
|  0|   2054|   1822|     10|     12|    210|      0|      0|    2044|      66|   3991|0            |   4073|44.6333      |   1780|0            |   4064|25063.9      |  12935|-22234.8     |   1780|0            |
Face Momentum (sd=  0): max value of div(mf) (cv=10423) = 2.551644e-06
	norm_L2 of div(momentum) = 2.391545e-05.
nsd = 0 BC: AP Inlet occurs on 2838 w-faces
+----+----+----+--------------+--------------+--------------+--------------+--------------+------+----+-+-+--+------+
|Name|view| n_y| Initial res  | Initial resL1| Target res   | Final res    | Final res L1 |Visits|Iter|R|F|CL|Status|
+----+----+----+--------------+--------------+--------------+--------------+--------------+------+----+-+-+--+------+
| 3M |   0|   0|  1.093220e+01|  2.780804e+02|  2.049788e-03|  8.318417e-05|  1.250721e-01|     2|   6|0|n|29|  OK  |
Velocity (predicted):
        (local) sd   0: min(  20141)=0.41245170564713     , max(  66536)=213.86258676729      
Flow alg-view 0 is not Neumann (not for Phase Change + Nested Iters)
+----+----+--------------+--------------+--------------+--------------+--------------+------+----+-+-+--+------+
|Name|view| Initial res  | Initial resL1| Target res   | Final res    | Final res L1 |Visits|Iter|R|F|CL|Status|
|DVGR|   0|  1.986516e-03|  2.594599e+00|  1.241572e-07|  4.596127e-08|  1.844603e-02|     3|   9|0|n|30|  OK  |
PRESSURE SOLVER(geom_index=  0): sum_C_dp=-2.99914e-06
Face Momentum (sd=  0): max value of div(mf) (cv=20108) = 2.421398e-05
	norm_L2 of div(momentum) = 2.158011e-04.
nsd = 0 min_dtHy = 0.0009581 (nCV =	21474 ) max_dtHy = 0.0109052 (nCV =	20141 ) 
+----+----+--------------+--------------+--------------+--------------+--------------+------+----+-+-+--+------+
|Name|view| Initial res  | Initial resL1| Target res   | Final res    | Final res L1 |Visits|Iter|R|F|CL|Status|
|CHT |   0|  3.682569e+02|  4.371566e+02|  2.301605e-02|  1.915638e-02|  3.151588e+00|     1|   9|0|n|30|  OK  |
nsd = 0 min_dtke = 0.00015745 (nCV =	20150 ) max_dtke = 0.00194572 (nCV =	77934 ) 
+----+----+----+--------------+--------------+--------------+--------------+--------------+------+----+-+-+--+------+
|Name|view| n_y| Initial res  | Initial resL1| Target res   | Final res    | Final res L1 |Visits|Iter|R|F|CL|Status|
+----+----+----+--------------+--------------+--------------+--------------+--------------+------+----+-+-+--+------+
|turb|   0|   0|  1.830369e+02|  1.731281e+02|  1.064497e-04|  5.934565e-05|  1.799662e-01|     5|  30|0|n|30|  OK  |
|turb|   0|   1|  2.454605e+08|  1.732899e+05|  2.446562e-01|  2.812705e-02|  3.449607e+00|     8|  48|0|n|30|  OK  |
Filter: K,E,momentum: sd =   0 isolating K from zero=      0 E from zero=    322 E from infinity=      0
slv : Fluid subdom(new) 0
slv : P static (new)                 : min(  20038) = 92923.007753946      , max(  21343) = 225268.83035264      
slv : Density (new)                  : min(  20038) = 1.0436331352456      , max(  21384) = 2.5031376041476      
slv : Velocity (new)                 : min(  20141) = 0.42758571070715     , max(  66536) = 213.88061985775      
slv : Mach number (new)              : min(  20141) = 0.0012050128044967   , max(  66536) = 0.62543287822983     
slv : Turbulent k (new)              : min(      0) = 0.047885436468174    , max(  20131) = 1256.5787351253      
slv : Turbulent e (new)              : min(      0) = 0.62110074835783     , max(  20131) = 1530056.7681825      
slv : Temperature (new)              : min(  66536) = 291.14909844326      , max(  21358) = 314.21337944844      
slv : Total enthalpy, Y-shifted (new): min(  20136) = 20048.85741675       , max(  21351) = 21995.55550098       
slv : MASS FLUXES AT OPENINGS: MF=-314.857, AP=314.857
slv : DvGr statistics: min alpha=0.075711(nfa=208855, geom_slice=0)
slv : +----------------------------------+------------+-------+------------+------------+
slv : |          Collector name          | Total Time | Count |  Avg Time  |  Max Time  |
slv : +----------------------------------+------------+-------+------------+------------+
slv : | Calculate_inc                    |      32.555|     72|       0.452|       0.652|
slv : | CollectEMT_Results               |       0.000|     73|       0.000|       0.000|
slv : | HeatPathCalculator_Dynamic       |       0.021|      1|       0.021|       0.021|
slv : | LiSy_make_portrait               |       0.763|    315|       0.002|       0.017|
slv : | Results_processing               |       3.836|     72|       0.053|       0.069|
slv : | build_sl_ordering_CHT            |       0.016|     73|       0.000|       0.006|
slv : | build_sl_ordering_MDS            |       0.123|     73|       0.002|       0.019|
slv : | build_sl_ordering_fluid          |       0.121|     73|       0.002|       0.019|
slv : | calc_Convolutions_MDS            |       0.984|     73|       0.013|       0.027|
slv : | calc_wall_dist                   |       0.372|      1|       0.372|       0.372|
slv : | create_Gr_operators_MDS          |       1.060|     73|       0.015|       0.027|
slv : | create_Gr_operators_portrait_MDS |       0.557|     73|       0.008|       0.012|
slv : | init_Hy_group_MDS                |       1.014|     73|       0.014|       0.019|
slv : | perform_stage_total              |      27.811|   1979|       0.014|       0.372|
slv : | precalc_at_start_MDS             |       0.666|      2|       0.333|       0.637|
slv : | solve_3M_MDS                     |       3.173|     73|       0.043|       0.069|
slv : | solve_3M_alg_MDS                 |       1.201|     73|       0.016|       0.041|
slv : | solve_BG_MDS                     |       2.289|     73|       0.031|       0.042|
slv : | solve_BG_alg_MDS                 |       1.569|     73|       0.021|       0.033|
slv : | solve_BL_MDS                     |       1.102|     73|       0.015|       0.019|
slv : | solve_CHT                        |       2.301|     73|       0.032|       0.080|
slv : | solve_CHT_MDS                    |       1.731|     73|       0.024|       0.073|
slv : | solve_CHT_alg_MDS                |       0.625|     73|       0.009|       0.056|
slv : | solve_DvGr_MDS                   |       6.485|     73|       0.089|       0.303|
slv : | solve_DvGr_alg_MDS               |       2.883|     73|       0.039|       0.255|
slv : | solve_INPR_MDS                   |       0.000|      1|       0.000|       0.000|
slv : | solve_PS+QJ                      |       0.000|      0|       0.000|       0.000|
slv : | solve_YLMA_MDS                   |       0.001|     73|       0.000|       0.000|
slv : | solve_YNOx_MDS                   |       0.000|     73|       0.000|       0.000|
slv : | solve_YTd_MDS                    |       0.001|     73|       0.000|       0.000|
slv : | solve_YTurb_MDS                  |       9.835|     73|       0.135|       0.171|
slv : | solve_YTurb_alg_MDS              |       5.438|    146|       0.037|       0.059|
slv : | update_BC_MDS                    |       0.000|     74|       0.000|       0.000|
slv : | update_Mf_after_DvGr             |       0.870|     73|       0.012|       0.023|
slv : | update_VelPressure_MDS           |       0.135|     73|       0.002|       0.003|
slv : +----------------------------------+------------+-------+------------+------------+
-----------------------------------------------------------------------
Memory Working Set Current = 441.02 Mb, Memory Working Set Peak = 443.78 Mb
Memory Private Bytes Current = 624.59 Mb, Memory Private Bytes Peak = 628.28 Mb
Process Threads Number: 16
-----------------------------------------------------------------------
Algebra Pool      : mem_usage = 441.75 Mb, allocated count = 1585

================== Tstep=73 ===================
<Dynamic P> on nsd = 0 {openings (inlet / outlet)}:
  (SP = Static Pressure, EP = Environment Pressure, TP = Total Pressure, E = External)
  {#0, E, (3.644363e-02 / 2.734108e+04)}
  {#1, E, (4.523330e-02 / 2.734107e+04)}
  {#2, E, (0.000000e+00 / 2.710152e+04)}
  {#3, E, (2.733226e+04 / 0.000000e+00)}
  {#4, E, (4.610546e-03 / 2.734037e+04)}
  {#5, E, (1.074559e-02 / 2.734067e+04)}
  MWS[  0]=7.04108
tau_viscous_averaged = 73.6921 
dt(mass,momentum; nsd=  0): min dt/dtG(ncv=  10382)=0.96 , max dt/dtG(ncv=  20141)=10.9   , dtG=0.0010014
Flow alg-view 0 in phys-view 0 isn't Neumann (not Multi Phase treating)
Face Momentum (sd=  0): max value of div(mf) (cv=23908) = 1.291487e-04
Flow alg-view 0 is not Neumann (not for Phase Change + Nested Iters)
+----+----+--------------+--------------+--------------+--------------+--------------+------+----+-+-+--+------+
|Name|view| Initial res  | Initial resL1| Target res   | Final res    | Final res L1 |Visits|Iter|R|F|CL|Status|
| BG |   0|  7.433446e-08|  1.900343e-02|  1.241572e-09|  5.191073e-10|  2.118247e-03|     5|  15|0|n|30|  OK  |
log10(resTarget_Lim / resTarget_Orig): 2.4 
Face Momentum (sd=  0): max value of div(mf) (cv=10423) = 2.260039e-06
	norm_L2 of div(momentum) = 2.279978e-05.
Flow alg-view 0 in phys-view 0 isn't Neumann (not Multi Phase treating)
LOG: number of a-faces with weighted approximations in 0 subdomain: 8.90068 percent
LOG: Rate of a-faces corrected to CUp1st in 0 subdomain: 0.17081 %
slv : SolveBL stage
|nsd|Real WF|NormalF|Cycle F|CriticF| EdgeF |CyclBrF|ExtParF|RWFnumSt|StLvlNum|  nfw  |  alp_U_min  |  nfw  |  alp_U_max  |  nfw  |  alp_T_min  |  nfw  |  alp_T_max  |  nfw  |  BL_s_min   |  nfw  |   BL_s_max  |
|  0|   2054|   1823|     10|     10|    211|      0|      0|    2044|      66|   3991|0            |   4073|60.2223      |   1780|0            |   4045|29643.3      |  12935|-22234.8     |   1780|0            |
Face Momentum (sd=  0): max value of div(mf) (cv=10423) = 2.260039e-06
	norm_L2 of div(momentum) = 2.279978e-05.
nsd = 0 BC: AP Inlet occurs on 2838 w-faces
+----+----+----+--------------+--------------+--------------+--------------+--------------+------+----+-+-+--+------+
|Name|view| n_y| Initial res  | Initial resL1| Target res   | Final res    | Final res L1 |Visits|Iter|R|F|CL|Status|
+----+----+----+--------------+--------------+--------------+--------------+--------------+------+----+-+-+--+------+
| 3M |   0|   0|  1.279405e+01|  2.818957e+02|  2.398885e-03|  7.819675e-05|  1.254709e-01|     2|   6|0|n|29|  OK  |
Velocity (predicted):
        (local) sd   0: min(  20141)=0.3909664340351      , max(  66536)=213.8634904033       
Flow alg-view 0 is not Neumann (not for Phase Change + Nested Iters)
+----+----+--------------+--------------+--------------+--------------+--------------+------+----+-+-+--+------+
|Name|view| Initial res  | Initial resL1| Target res   | Final res    | Final res L1 |Visits|Iter|R|F|CL|Status|
|DVGR|   0|  2.485301e-03|  2.575970e+00|  1.553313e-07|  6.051219e-08|  1.833989e-02|     3|   9|0|n|30|  OK  |
PRESSURE SOLVER(geom_index=  0): sum_C_dp=3.82347e-06
Face Momentum (sd=  0): max value of div(mf) (cv=20108) = 3.525260e-05
	norm_L2 of div(momentum) = 2.472367e-04.
nsd = 0 min_dtHy = 0.000960554 (nCV =	10382 ) max_dtHy = 0.010964 (nCV =	20141 ) 
+----+----+--------------+--------------+--------------+--------------+--------------+------+----+-+-+--+------+
|Name|view| Initial res  | Initial resL1| Target res   | Final res    | Final res L1 |Visits|Iter|R|F|CL|Status|
|CHT |   0|  4.022089e+02|  4.513399e+02|  2.513806e-02|  1.786066e-02|  3.036013e+00|     1|   9|0|n|30|  OK  |
nsd = 0 min_dtke = 0.000157308 (nCV =	20159 ) max_dtke = 0.00194575 (nCV =	77934 ) 
+----+----+----+--------------+--------------+--------------+--------------+--------------+------+----+-+-+--+------+
|Name|view| n_y| Initial res  | Initial resL1| Target res   | Final res    | Final res L1 |Visits|Iter|R|F|CL|Status|
+----+----+----+--------------+--------------+--------------+--------------+--------------+------+----+-+-+--+------+
|turb|   0|   0|  1.996164e+02|  1.779947e+02|  1.064208e-04|  5.838708e-05|  1.875148e-01|     5|  30|0|n|30|  OK  |
|turb|   0|   1|  2.785088e+08|  1.799520e+05|  2.445585e-01|  3.264124e-02|  3.731608e+00|     8|  48|0|n|30|  OK  |
Filter: K,E,momentum: sd =   0 isolating K from zero=      0 E from zero=    323 E from infinity=      0
slv : Fluid subdom(new) 0
slv : P static (new)                 : min(  20038) = 92936.760799286      , max(  21343) = 224305.16559118      
slv : Density (new)                  : min(  20038) = 1.0437866463125      , max(  10511) = 2.4910225477459      
slv : Velocity (new)                 : min(  20141) = 0.39051159868686     , max(  66536) = 213.88481468121      
slv : Mach number (new)              : min(  20141) = 0.0011005290889408   , max(  66536) = 0.62544609714193     
slv : Turbulent k (new)              : min(      0) = 0.047885454285856    , max(  20131) = 1291.8346375223      
slv : Turbulent e (new)              : min(  10370) = 0.23591766586298     , max(  20131) = 1594678.0723284      
slv : Temperature (new)              : min(  66536) = 291.14820749104      , max(  21358) = 314.15340555661      
slv : Total enthalpy, Y-shifted (new): min(  20136) = 20014.525700328      , max(  21351) = 21999.50534027       
slv : MASS FLUXES AT OPENINGS: MF=-314.857, AP=314.857
slv : DvGr statistics: min alpha=0.0757109(nfa=208855, geom_slice=0)
slv : +----------------------------------+------------+-------+------------+------------+
slv : |          Collector name          | Total Time | Count |  Avg Time  |  Max Time  |
slv : +----------------------------------+------------+-------+------------+------------+
slv : | Calculate_inc                    |      32.982|     73|       0.452|       0.652|
slv : | CollectEMT_Results               |       0.000|     74|       0.000|       0.000|
slv : | HeatPathCalculator_Dynamic       |       0.021|      1|       0.021|       0.021|
slv : | LiSy_make_portrait               |       0.780|    319|       0.002|       0.017|
slv : | Results_processing               |       3.891|     73|       0.053|       0.069|
slv : | build_sl_ordering_CHT            |       0.016|     74|       0.000|       0.006|
slv : | build_sl_ordering_MDS            |       0.123|     74|       0.002|       0.019|
slv : | build_sl_ordering_fluid          |       0.122|     74|       0.002|       0.019|
slv : | calc_Convolutions_MDS            |       0.997|     74|       0.013|       0.027|
slv : | calc_wall_dist                   |       0.372|      1|       0.372|       0.372|
slv : | create_Gr_operators_MDS          |       1.073|     74|       0.015|       0.027|
slv : | create_Gr_operators_portrait_MDS |       0.563|     74|       0.008|       0.012|
slv : | init_Hy_group_MDS                |       1.039|     74|       0.014|       0.024|
slv : | perform_stage_total              |      28.221|   2006|       0.014|       0.372|
slv : | precalc_at_start_MDS             |       0.666|      2|       0.333|       0.637|
slv : | solve_3M_MDS                     |       3.240|     74|       0.044|       0.069|
slv : | solve_3M_alg_MDS                 |       1.230|     74|       0.017|       0.041|
slv : | solve_BG_MDS                     |       2.315|     74|       0.031|       0.042|
slv : | solve_BG_alg_MDS                 |       1.586|     74|       0.021|       0.033|
slv : | solve_BL_MDS                     |       1.118|     74|       0.015|       0.019|
slv : | solve_CHT                        |       2.326|     74|       0.031|       0.080|
slv : | solve_CHT_MDS                    |       1.748|     74|       0.024|       0.073|
slv : | solve_CHT_alg_MDS                |       0.630|     74|       0.009|       0.056|
slv : | solve_DvGr_MDS                   |       6.576|     74|       0.089|       0.303|
slv : | solve_DvGr_alg_MDS               |       2.908|     74|       0.039|       0.255|
slv : | solve_INPR_MDS                   |       0.000|      1|       0.000|       0.000|
slv : | solve_PS+QJ                      |       0.000|      0|       0.000|       0.000|
slv : | solve_YLMA_MDS                   |       0.001|     74|       0.000|       0.000|
slv : | solve_YNOx_MDS                   |       0.000|     74|       0.000|       0.000|
slv : | solve_YTd_MDS                    |       0.002|     74|       0.000|       0.000|
slv : | solve_YTurb_MDS                  |       9.976|     74|       0.135|       0.171|
slv : | solve_YTurb_alg_MDS              |       5.520|    148|       0.037|       0.059|
slv : | update_BC_MDS                    |       0.000|     75|       0.000|       0.000|
slv : | update_Mf_after_DvGr             |       0.894|     74|       0.012|       0.024|
slv : | update_VelPressure_MDS           |       0.137|     74|       0.002|       0.003|
slv : +----------------------------------+------------+-------+------------+------------+
-----------------------------------------------------------------------
Memory Working Set Current = 440.08 Mb, Memory Working Set Peak = 443.78 Mb
Memory Private Bytes Current = 623.24 Mb, Memory Private Bytes Peak = 628.28 Mb
Process Threads Number: 16
-----------------------------------------------------------------------
Algebra Pool      : mem_usage = 441.75 Mb, allocated count = 1573

================== Tstep=74 ===================
<Dynamic P> on nsd = 0 {openings (inlet / outlet)}:
  (SP = Static Pressure, EP = Environment Pressure, TP = Total Pressure, E = External)
  {#0, E, (3.654522e-02 / 2.734108e+04)}
  {#1, E, (4.506749e-02 / 2.734107e+04)}
  {#2, E, (0.000000e+00 / 2.710148e+04)}
  {#3, E, (2.733221e+04 / 0.000000e+00)}
  {#4, E, (4.600634e-03 / 2.734037e+04)}
  {#5, E, (1.077489e-02 / 2.734067e+04)}
  MWS[  0]=7.04174
tau_viscous_averaged = 73.7181 
dt(mass,momentum; nsd=  0): min dt/dtG(ncv=  21474)=0.96 , max dt/dtG(ncv=  20141)=11.0   , dtG=0.00100072
Flow alg-view 0 in phys-view 0 isn't Neumann (not Multi Phase treating)
Face Momentum (sd=  0): max value of div(mf) (cv=23913) = 1.288885e-04
Flow alg-view 0 is not Neumann (not for Phase Change + Nested Iters)
+----+----+--------------+--------------+--------------+--------------+--------------+------+----+-+-+--+------+
|Name|view| Initial res  | Initial resL1| Target res   | Final res    | Final res L1 |Visits|Iter|R|F|CL|Status|
| BG |   0|  1.101726e-07|  1.910342e-02|  1.553313e-09|  5.319932e-10|  2.286161e-03|     5|  15|0|n|30|  OK  |
log10(resTarget_Lim / resTarget_Orig): 2.4 
Face Momentum (sd=  0): max value of div(mf) (cv=10423) = 2.009668e-06
	norm_L2 of div(momentum) = 2.307799e-05.
Flow alg-view 0 in phys-view 0 isn't Neumann (not Multi Phase treating)
LOG: number of a-faces with weighted approximations in 0 subdomain: 8.74007 percent
LOG: Rate of a-faces corrected to CUp1st in 0 subdomain: 0.172584 %
slv : SolveBL stage
|nsd|Real WF|NormalF|Cycle F|CriticF| EdgeF |CyclBrF|ExtParF|RWFnumSt|StLvlNum|  nfw  |  alp_U_min  |  nfw  |  alp_U_max  |  nfw  |  alp_T_min  |  nfw  |  alp_T_max  |  nfw  |  BL_s_min   |  nfw  |   BL_s_max  |
|  0|   2054|   1823|     12|      6|    213|      0|      0|    2042|      66|  12944|0            |   4073|24.3737      |   3978|0            |   3983|33014.2      |  12935|-22234.8     |   3978|0            |
Face Momentum (sd=  0): max value of div(mf) (cv=10423) = 2.009668e-06
	norm_L2 of div(momentum) = 2.307799e-05.
nsd = 0 BC: AP Inlet occurs on 2839 w-faces
+----+----+----+--------------+--------------+--------------+--------------+--------------+------+----+-+-+--+------+
|Name|view| n_y| Initial res  | Initial resL1| Target res   | Final res    | Final res L1 |Visits|Iter|R|F|CL|Status|
+----+----+----+--------------+--------------+--------------+--------------+--------------+------+----+-+-+--+------+
| 3M |   0|   0|  1.287388e+01|  2.821073e+02|  2.413853e-03|  7.074703e-05|  1.193754e-01|     2|   6|0|n|29|  OK  |
Velocity (predicted):
        (local) sd   0: min(  20141)=0.35499885304957     , max(  66536)=213.86188970152      
Flow alg-view 0 is not Neumann (not for Phase Change + Nested Iters)
+----+----+--------------+--------------+--------------+--------------+--------------+------+----+-+-+--+------+
|Name|view| Initial res  | Initial resL1| Target res   | Final res    | Final res L1 |Visits|Iter|R|F|CL|Status|
|DVGR|   0|  2.074277e-03|  2.549244e+00|  1.296423e-07|  5.768411e-08|  1.936143e-02|     3|   9|0|n|30|  OK  |
PRESSURE SOLVER(geom_index=  0): sum_C_dp=-1.43718e-05
Face Momentum (sd=  0): max value of div(mf) (cv=20019) = 2.415101e-05
	norm_L2 of div(momentum) = 2.415667e-04.
nsd = 0 min_dtHy = 0.000957983 (nCV =	21474 ) max_dtHy = 0.011018 (nCV =	20141 ) 
+----+----+--------------+--------------+--------------+--------------+--------------+------+----+-+-+--+------+
|Name|view| Initial res  | Initial resL1| Target res   | Final res    | Final res L1 |Visits|Iter|R|F|CL|Status|
|CHT |   0|  4.651520e+02|  4.790542e+02|  2.907200e-02|  2.896075e-02|  3.418495e+00|     1|   9|0|n|30|  OK  |
nsd = 0 min_dtke = 0.00015576 (nCV =	20150 ) max_dtke = 0.00194573 (nCV =	77934 ) 
+----+----+----+--------------+--------------+--------------+--------------+--------------+------+----+-+-+--+------+
|Name|view| n_y| Initial res  | Initial resL1| Target res   | Final res    | Final res L1 |Visits|Iter|R|F|CL|Status|
+----+----+----+--------------+--------------+--------------+--------------+--------------+------+----+-+-+--+------+
|turb|   0|   0|  2.228691e+02|  1.809464e+02|  1.064581e-04|  4.284528e-05|  1.691134e-01|     5|  30|0|n|30|  OK  |
|turb|   0|   1|  2.932785e+08|  1.821814e+05|  2.446895e-01|  3.120139e-02|  3.429555e+00|     8|  48|0|n|30|  OK  |
Filter: K,E,momentum: sd =   0 isolating K from zero=      0 E from zero=    325 E from infinity=      0
slv : Fluid subdom(new) 0
slv : P static (new)                 : min(  20038) = 92945.652657432      , max(  21343) = 223397.3913467       
slv : Density (new)                  : min(  20038) = 1.0437536419238      , max(  10511) = 2.480303534253       
slv : Velocity (new)                 : min(  20141) = 0.34469200385828     , max(  66536) = 213.87725659902      
slv : Mach number (new)              : min(  20141) = 0.00097139955589596  , max(  66536) = 0.62542227835593     
slv : Turbulent k (new)              : min(      0) = 0.047885486357568    , max(  20131) = 1281.8812485672      
slv : Turbulent e (new)              : min(  24646) = 0.16193333333583     , max(  20131) = 1588849.7689141      
slv : Temperature (new)              : min(  66536) = 291.14981413824      , max(  21358) = 314.0873837275       
slv : Total enthalpy, Y-shifted (new): min(  20136) = 20041.750100903      , max(  21351) = 22003.119249653      
slv : MASS FLUXES AT OPENINGS: MF=-314.857, AP=314.857
slv : DvGr statistics: min alpha=0.075711(nfa=208855, geom_slice=0)
slv : +----------------------------------+------------+-------+------------+------------+
slv : |          Collector name          | Total Time | Count |  Avg Time  |  Max Time  |
slv : +----------------------------------+------------+-------+------------+------------+
slv : | Calculate_inc                    |      33.474|     74|       0.452|       0.652|
slv : | CollectEMT_Results               |       0.000|     75|       0.000|       0.000|
slv : | HeatPathCalculator_Dynamic       |       0.021|      1|       0.021|       0.021|
slv : | LiSy_make_portrait               |       0.792|    323|       0.002|       0.017|
slv : | Results_processing               |       3.946|     74|       0.053|       0.069|
slv : | build_sl_ordering_CHT            |       0.016|     75|       0.000|       0.006|
slv : | build_sl_ordering_MDS            |       0.124|     75|       0.002|       0.019|
slv : | build_sl_ordering_fluid          |       0.122|     75|       0.002|       0.019|
slv : | calc_Convolutions_MDS            |       1.015|     75|       0.014|       0.027|
slv : | calc_wall_dist                   |       0.372|      1|       0.372|       0.372|
slv : | create_Gr_operators_MDS          |       1.093|     75|       0.015|       0.027|
slv : | create_Gr_operators_portrait_MDS |       0.576|     75|       0.008|       0.013|
slv : | init_Hy_group_MDS                |       1.060|     75|       0.014|       0.024|
slv : | perform_stage_total              |      28.717|   2033|       0.014|       0.372|
slv : | precalc_at_start_MDS             |       0.666|      2|       0.333|       0.637|
slv : | solve_3M_MDS                     |       3.305|     75|       0.044|       0.069|
slv : | solve_3M_alg_MDS                 |       1.260|     75|       0.017|       0.041|
slv : | solve_BG_MDS                     |       2.349|     75|       0.031|       0.042|
slv : | solve_BG_alg_MDS                 |       1.608|     75|       0.021|       0.033|
slv : | solve_BL_MDS                     |       1.180|     75|       0.016|       0.062|
slv : | solve_CHT                        |       2.358|     75|       0.031|       0.080|
slv : | solve_CHT_MDS                    |       1.769|     75|       0.024|       0.073|
slv : | solve_CHT_alg_MDS                |       0.635|     75|       0.008|       0.056|
slv : | solve_DvGr_MDS                   |       6.680|     75|       0.089|       0.303|
slv : | solve_DvGr_alg_MDS               |       2.938|     75|       0.039|       0.255|
slv : | solve_INPR_MDS                   |       0.000|      1|       0.000|       0.000|
slv : | solve_PS+QJ                      |       0.000|      0|       0.000|       0.000|
slv : | solve_YLMA_MDS                   |       0.001|     75|       0.000|       0.000|
slv : | solve_YNOx_MDS                   |       0.000|     75|       0.000|       0.000|
slv : | solve_YTd_MDS                    |       0.002|     75|       0.000|       0.000|
slv : | solve_YTurb_MDS                  |      10.123|     75|       0.135|       0.171|
slv : | solve_YTurb_alg_MDS              |       5.606|    150|       0.037|       0.059|
slv : | update_BC_MDS                    |       0.000|     76|       0.000|       0.000|
slv : | update_Mf_after_DvGr             |       0.913|     75|       0.012|       0.024|
slv : | update_VelPressure_MDS           |       0.140|     75|       0.002|       0.003|
slv : +----------------------------------+------------+-------+------------+------------+
Interpolator cache: total calls 6974, optimised calls 2637 (37.8 %)
-----------------------------------------------------------------------
Memory Working Set Current = 443.64 Mb, Memory Working Set Peak = 443.78 Mb
Memory Private Bytes Current = 628.58 Mb, Memory Private Bytes Peak = 628.58 Mb
Process Threads Number: 16
-----------------------------------------------------------------------
Iteration : time = 2.72531 , count = 5 , time/count = 0.545062
Calculate_inc() : time = 2.42822 , count = 5 , time/count = 0.485644
TreatFlowEvolution() : time = 0.261796 , count = 5 , time/count = 0.0523592
SolverPreview : time = 0 , count = 5 , time/count = 0
TreatGoals : time = 0.258095 , count = 5 , time/count = 0.051619
Algebra Pool      : mem_usage = 441.75 Mb, allocated count = 1577

================== Tstep=75 ===================
<Dynamic P> on nsd = 0 {openings (inlet / outlet)}:
  (SP = Static Pressure, EP = Environment Pressure, TP = Total Pressure, E = External)
  {#0, E, (3.643466e-02 / 2.734108e+04)}
  {#1, E, (4.509982e-02 / 2.734107e+04)}
  {#2, E, (0.000000e+00 / 2.710150e+04)}
  {#3, E, (2.733226e+04 / 0.000000e+00)}
  {#4, E, (4.593672e-03 / 2.734037e+04)}
  {#5, E, (1.079344e-02 / 2.734068e+04)}
  MWS[  0]=7.04138
tau_viscous_averaged = 73.7446 
dt(mass,momentum; nsd=  0): min dt/dtG(ncv=  10382)=0.96 , max dt/dtG(ncv=  20141)=11.1   , dtG=0.00100178
Flow alg-view 0 in phys-view 0 isn't Neumann (not Multi Phase treating)
Face Momentum (sd=  0): max value of div(mf) (cv=23908) = 1.276523e-04
Flow alg-view 0 is not Neumann (not for Phase Change + Nested Iters)
+----+----+--------------+--------------+--------------+--------------+--------------+------+----+-+-+--+------+
|Name|view| Initial res  | Initial resL1| Target res   | Final res    | Final res L1 |Visits|Iter|R|F|CL|Status|
| BG |   0|  8.691582e-08|  1.991695e-02|  1.296423e-09|  4.361373e-10|  2.103437e-03|     5|  15|0|n|30|  OK  |
log10(resTarget_Lim / resTarget_Orig): 2.4 
Face Momentum (sd=  0): max value of div(mf) (cv=10423) = 1.831911e-06
	norm_L2 of div(momentum) = 2.089447e-05.
Flow alg-view 0 in phys-view 0 isn't Neumann (not Multi Phase treating)
LOG: number of a-faces with weighted approximations in 0 subdomain: 8.83089 percent
LOG: Rate of a-faces corrected to CUp1st in 0 subdomain: 0.170462 %
slv : SolveBL stage
|nsd|Real WF|NormalF|Cycle F|CriticF| EdgeF |CyclBrF|ExtParF|RWFnumSt|StLvlNum|  nfw  |  alp_U_min  |  nfw  |  alp_U_max  |  nfw  |  alp_T_min  |  nfw  |  alp_T_max  |  nfw  |  BL_s_min   |  nfw  |   BL_s_max  |
|  0|   2054|   1825|     10|      8|    211|      0|      0|    2044|      66|   4053|0            |  12947|19.5894      |   3978|0            |   3984|23220.9      |  12935|-22234.8     |   3978|0            |
Face Momentum (sd=  0): max value of div(mf) (cv=10423) = 1.831911e-06
	norm_L2 of div(momentum) = 2.089447e-05.
nsd = 0 BC: AP Inlet occurs on 2839 w-faces
+----+----+----+--------------+--------------+--------------+--------------+--------------+------+----+-+-+--+------+
|Name|view| n_y| Initial res  | Initial resL1| Target res   | Final res    | Final res L1 |Visits|Iter|R|F|CL|Status|
+----+----+----+--------------+--------------+--------------+--------------+--------------+------+----+-+-+--+------+
| 3M |   0|   0|  1.375559e+01|  2.840965e+02|  2.579172e-03|  5.844797e-05|  1.183761e-01|     2|   6|0|n|29|  OK  |
Velocity (predicted):
        (local) sd   0: min(  20141)=0.30295102553912     , max(  66536)=213.86280111222      
Flow alg-view 0 is not Neumann (not for Phase Change + Nested Iters)
+----+----+--------------+--------------+--------------+--------------+--------------+------+----+-+-+--+------+
|Name|view| Initial res  | Initial resL1| Target res   | Final res    | Final res L1 |Visits|Iter|R|F|CL|Status|
|DVGR|   0|  2.012591e-03|  2.484692e+00|  1.257869e-07|  4.372071e-08|  1.730873e-02|     3|   9|0|n|30|  OK  |
PRESSURE SOLVER(geom_index=  0): sum_C_dp=-3.73952e-06
Face Momentum (sd=  0): max value of div(mf) (cv=21485) = 2.274617e-05
	norm_L2 of div(momentum) = 2.104267e-04.
nsd = 0 min_dtHy = 0.00096037 (nCV =	10382 ) max_dtHy = 0.011071 (nCV =	20141 ) 
+----+----+--------------+--------------+--------------+--------------+--------------+------+----+-+-+--+------+
|Name|view| Initial res  | Initial resL1| Target res   | Final res    | Final res L1 |Visits|Iter|R|F|CL|Status|
|CHT |   0|  3.993089e+02|  4.606178e+02|  2.495681e-02|  2.371422e-02|  3.414235e+00|     1|   9|0|n|30|  OK  |
nsd = 0 min_dtke = 0.000154641 (nCV =	20159 ) max_dtke = 0.00194573 (nCV =	77934 ) 
+----+----+----+--------------+--------------+--------------+--------------+--------------+------+----+-+-+--+------+
|Name|view| n_y| Initial res  | Initial resL1| Target res   | Final res    | Final res L1 |Visits|Iter|R|F|CL|Status|
+----+----+----+--------------+--------------+--------------+--------------+--------------+------+----+-+-+--+------+
|turb|   0|   0|  2.370614e+02|  1.780887e+02|  1.064352e-04|  1.011667e-04|  2.039169e-01|     5|  30|0|n|30|  OK  |
|turb|   0|   1|  3.498442e+08|  1.852200e+05|  2.446117e-01|  4.017416e-02|  3.624113e+00|     8|  48|0|n|30|  OK  |
Filter: K,E,momentum: sd =   0 isolating K from zero=      0 E from zero=    324 E from infinity=      0
slv : Fluid subdom(new) 0
slv : P static (new)                 : min(  20038) = 92957.573271294      , max(  21343) = 222530.67691801      
slv : Density (new)                  : min(  20038) = 1.0439919854386      , max(  10497) = 2.4705744604941      
slv : Velocity (new)                 : min(  20141) = 0.28963979183102     , max(  66536) = 213.88123265108      
slv : Mach number (new)              : min(  20141) = 0.00081625154664547  , max(  66536) = 0.62543480741999     
slv : Turbulent k (new)              : min(      0) = 0.047885496422603    , max(  20159) = 1301.439530485       
slv : Turbulent e (new)              : min(  10369) = 0.46976017775419     , max(  20159) = 1641001.0996655      
slv : Temperature (new)              : min(  66536) = 291.14897003818      , max(  21354) = 314.01788920244      
slv : Total enthalpy, Y-shifted (new): min(  20129) = 19988.862677875      , max(  21351) = 22006.406627364      
slv : MASS FLUXES AT OPENINGS: MF=-314.857, AP=314.857
slv : DvGr statistics: min alpha=0.0757108(nfa=208855, geom_slice=0)
slv : +----------------------------------+------------+-------+------------+------------+
slv : |          Collector name          | Total Time | Count |  Avg Time  |  Max Time  |
slv : +----------------------------------+------------+-------+------------+------------+
slv : | Calculate_inc                    |      34.063|     75|       0.454|       0.652|
slv : | CollectEMT_Results               |       0.000|     76|       0.000|       0.000|
slv : | HeatPathCalculator_Dynamic       |       0.021|      1|       0.021|       0.021|
slv : | LiSy_make_portrait               |       0.802|    327|       0.002|       0.017|
slv : | Results_processing               |       4.007|     75|       0.053|       0.069|
slv : | build_sl_ordering_CHT            |       0.016|     76|       0.000|       0.006|
slv : | build_sl_ordering_MDS            |       0.124|     76|       0.002|       0.019|
slv : | build_sl_ordering_fluid          |       0.122|     76|       0.002|       0.019|
slv : | calc_Convolutions_MDS            |       1.028|     76|       0.014|       0.027|
slv : | calc_wall_dist                   |       0.372|      1|       0.372|       0.372|
slv : | create_Gr_operators_MDS          |       1.106|     76|       0.015|       0.027|
slv : | create_Gr_operators_portrait_MDS |       0.587|     76|       0.008|       0.013|
slv : | init_Hy_group_MDS                |       1.073|     76|       0.014|       0.024|
slv : | perform_stage_total              |      29.119|   2060|       0.014|       0.372|
slv : | precalc_at_start_MDS             |       0.666|      2|       0.333|       0.637|
slv : | solve_3M_MDS                     |       3.357|     76|       0.044|       0.069|
slv : | solve_3M_alg_MDS                 |       1.285|     76|       0.017|       0.041|
slv : | solve_BG_MDS                     |       2.381|     76|       0.031|       0.042|
slv : | solve_BG_alg_MDS                 |       1.630|     76|       0.021|       0.033|
slv : | solve_BL_MDS                     |       1.197|     76|       0.016|       0.062|
slv : | solve_CHT                        |       2.384|     76|       0.031|       0.080|
slv : | solve_CHT_MDS                    |       1.787|     76|       0.024|       0.073|
slv : | solve_CHT_alg_MDS                |       0.639|     76|       0.008|       0.056|
slv : | solve_DvGr_MDS                   |       6.759|     76|       0.089|       0.303|
slv : | solve_DvGr_alg_MDS               |       2.960|     76|       0.039|       0.255|
slv : | solve_INPR_MDS                   |       0.000|      1|       0.000|       0.000|
slv : | solve_PS+QJ                      |       0.000|      0|       0.000|       0.000|
slv : | solve_YLMA_MDS                   |       0.001|     76|       0.000|       0.000|
slv : | solve_YNOx_MDS                   |       0.000|     76|       0.000|       0.000|
slv : | solve_YTd_MDS                    |       0.002|     76|       0.000|       0.000|
slv : | solve_YTurb_MDS                  |      10.280|     76|       0.135|       0.171|
slv : | solve_YTurb_alg_MDS              |       5.701|    152|       0.038|       0.059|
slv : | update_BC_MDS                    |       0.000|     77|       0.000|       0.000|
slv : | update_Mf_after_DvGr             |       0.923|     76|       0.012|       0.024|
slv : | update_VelPressure_MDS           |       0.142|     76|       0.002|       0.003|
slv : +----------------------------------+------------+-------+------------+------------+
-----------------------------------------------------------------------
Memory Working Set Current = 442.25 Mb, Memory Working Set Peak = 443.78 Mb
Memory Private Bytes Current = 628.18 Mb, Memory Private Bytes Peak = 628.58 Mb
Process Threads Number: 16
-----------------------------------------------------------------------
Algebra Pool      : mem_usage = 441.75 Mb, allocated count = 1580

================== Tstep=76 ===================
<Dynamic P> on nsd = 0 {openings (inlet / outlet)}:
  (SP = Static Pressure, EP = Environment Pressure, TP = Total Pressure, E = External)
  {#0, E, (3.627097e-02 / 2.734108e+04)}
  {#1, E, (4.503558e-02 / 2.734107e+04)}
  {#2, E, (0.000000e+00 / 2.710157e+04)}
  {#3, E, (2.733222e+04 / 0.000000e+00)}
  {#4, E, (4.593239e-03 / 2.734037e+04)}
  {#5, E, (1.078893e-02 / 2.734068e+04)}
  MWS[  0]=7.04232
tau_viscous_averaged = 73.7747 
dt(mass,momentum; nsd=  0): min dt/dtG(ncv=  21474)=0.96 , max dt/dtG(ncv=  20141)=11.1   , dtG=0.00100093
Flow alg-view 0 in phys-view 0 isn't Neumann (not Multi Phase treating)
Face Momentum (sd=  0): max value of div(mf) (cv=8026) = 6.748226e-05
Flow alg-view 0 is not Neumann (not for Phase Change + Nested Iters)
+----+----+--------------+--------------+--------------+--------------+--------------+------+----+-+-+--+------+
|Name|view| Initial res  | Initial resL1| Target res   | Final res    | Final res L1 |Visits|Iter|R|F|CL|Status|
| BG |   0|  5.041033e-08|  1.763518e-02|  1.257869e-09|  1.150965e-09|  3.163441e-03|     4|  12|0|n|30|  OK  |
log10(resTarget_Lim / resTarget_Orig): 2.6 
Face Momentum (sd=  0): max value of div(mf) (cv=10328) = 3.480511e-06
	norm_L2 of div(momentum) = 3.393000e-05.
Flow alg-view 0 in phys-view 0 isn't Neumann (not Multi Phase treating)
LOG: number of a-faces with weighted approximations in 0 subdomain: 8.73292 percent
LOG: Rate of a-faces corrected to CUp1st in 0 subdomain: 0.171725 %
slv : SolveBL stage
|nsd|Real WF|NormalF|Cycle F|CriticF| EdgeF |CyclBrF|ExtParF|RWFnumSt|StLvlNum|  nfw  |  alp_U_min  |  nfw  |  alp_U_max  |  nfw  |  alp_T_min  |  nfw  |  alp_T_max  |  nfw  |  BL_s_min   |  nfw  |   BL_s_max  |
|  0|   2054|   1825|     10|     10|    209|      0|      0|    2044|      66|   3991|0            |  12947|19.5894      |   3978|0            |   3984|23063.8      |  12935|-22234.8     |   3978|0            |
Face Momentum (sd=  0): max value of div(mf) (cv=10328) = 3.480511e-06
	norm_L2 of div(momentum) = 3.393000e-05.
nsd = 0 BC: AP Inlet occurs on 2843 w-faces
+----+----+----+--------------+--------------+--------------+--------------+--------------+------+----+-+-+--+------+
|Name|view| n_y| Initial res  | Initial resL1| Target res   | Final res    | Final res L1 |Visits|Iter|R|F|CL|Status|
+----+----+----+--------------+--------------+--------------+--------------+--------------+------+----+-+-+--+------+
| 3M |   0|   0|  1.041371e+01|  2.710355e+02|  1.952571e-03|  4.320322e-05|  1.030727e-01|     2|   6|0|n|29|  OK  |
Velocity (predicted):
        (local) sd   0: min(  20141)=0.24022519610261     , max(  66536)=213.86078370947      
Flow alg-view 0 is not Neumann (not for Phase Change + Nested Iters)
+----+----+--------------+--------------+--------------+--------------+--------------+------+----+-+-+--+------+
|Name|view| Initial res  | Initial resL1| Target res   | Final res    | Final res L1 |Visits|Iter|R|F|CL|Status|
|DVGR|   0|  1.695291e-03|  2.431879e+00|  1.059557e-07|  4.061598e-08|  1.600149e-02|     3|   9|0|n|30|  OK  |
PRESSURE SOLVER(geom_index=  0): sum_C_dp=2.85935e-05
Face Momentum (sd=  0): max value of div(mf) (cv=9445) = 2.791917e-05
	norm_L2 of div(momentum) = 2.028040e-04.
nsd = 0 min_dtHy = 0.000958031 (nCV =	21474 ) max_dtHy = 0.0111198 (nCV =	20141 ) 
+----+----+--------------+--------------+--------------+--------------+--------------+------+----+-+-+--+------+
|Name|view| Initial res  | Initial resL1| Target res   | Final res    | Final res L1 |Visits|Iter|R|F|CL|Status|
|CHT |   0|  3.679540e+02|  4.540864e+02|  2.299713e-02|  1.012992e-04|  2.261356e-01|     2|  18|0|n|30|  OK  |
nsd = 0 min_dtke = 0.000152609 (nCV =	20159 ) max_dtke = 0.00194572 (nCV =	77934 ) 
+----+----+----+--------------+--------------+--------------+--------------+--------------+------+----+-+-+--+------+
|Name|view| n_y| Initial res  | Initial resL1| Target res   | Final res    | Final res L1 |Visits|Iter|R|F|CL|Status|
+----+----+----+--------------+--------------+--------------+--------------+--------------+------+----+-+-+--+------+
|turb|   0|   0|  2.774241e+02|  1.818221e+02|  1.064895e-04|  6.946617e-05|  1.869440e-01|     5|  30|0|n|30|  OK  |
|turb|   0|   1|  4.368175e+08|  1.967480e+05|  2.448013e-01|  4.438619e-02|  3.733629e+00|     8|  48|0|n|30|  OK  |
Filter: K,E,momentum: sd =   0 isolating K from zero=      0 E from zero=    326 E from infinity=      0
slv : Fluid subdom(new) 0
slv : P static (new)                 : min(  20038) = 92954.827774754      , max(  21343) = 221718.21174105      
slv : Density (new)                  : min(  20038) = 1.0440479095075      , max(  10497) = 2.4617071013873      
slv : Velocity (new)                 : min(  20141) = 0.22795344637207     , max(  66536) = 213.87409588084      
slv : Mach number (new)              : min(  20141) = 0.00064240816232273  , max(  66536) = 0.62541231693386     
slv : Turbulent k (new)              : min(      0) = 0.047885483492687    , max(  20159) = 1306.6491084203      
slv : Turbulent e (new)              : min(  10370) = 0.26611550757575     , max(  20159) = 1650421.6291135      
slv : Temperature (new)              : min(  66536) = 291.1504866518       , max(  21354) = 313.95243504973      
slv : Total enthalpy, Y-shifted (new): min(  20129) = 20049.243702093      , max(  21351) = 22009.858787608      
slv : MASS FLUXES AT OPENINGS: MF=-314.857, AP=314.857
slv : DvGr statistics: min alpha=0.075711(nfa=208855, geom_slice=0)
slv : +----------------------------------+------------+-------+------------+------------+
slv : |          Collector name          | Total Time | Count |  Avg Time  |  Max Time  |
slv : +----------------------------------+------------+-------+------------+------------+
slv : | Calculate_inc                    |      34.535|     76|       0.454|       0.652|
slv : | CollectEMT_Results               |       0.000|     77|       0.000|       0.000|
slv : | HeatPathCalculator_Dynamic       |       0.021|      1|       0.021|       0.021|
slv : | LiSy_make_portrait               |       0.812|    331|       0.002|       0.017|
slv : | Results_processing               |       4.064|     76|       0.053|       0.069|
slv : | build_sl_ordering_CHT            |       0.016|     77|       0.000|       0.006|
slv : | build_sl_ordering_MDS            |       0.124|     77|       0.002|       0.019|
slv : | build_sl_ordering_fluid          |       0.123|     77|       0.002|       0.019|
slv : | calc_Convolutions_MDS            |       1.042|     77|       0.014|       0.027|
slv : | calc_wall_dist                   |       0.372|      1|       0.372|       0.372|
slv : | create_Gr_operators_MDS          |       1.119|     77|       0.015|       0.027|
slv : | create_Gr_operators_portrait_MDS |       0.596|     77|       0.008|       0.013|
slv : | init_Hy_group_MDS                |       1.090|     77|       0.014|       0.024|
slv : | perform_stage_total              |      29.672|   2087|       0.014|       0.372|
slv : | precalc_at_start_MDS             |       0.666|      2|       0.333|       0.637|
slv : | solve_3M_MDS                     |       3.411|     77|       0.044|       0.069|
slv : | solve_3M_alg_MDS                 |       1.310|     77|       0.017|       0.041|
slv : | solve_BG_MDS                     |       2.412|     77|       0.031|       0.042|
slv : | solve_BG_alg_MDS                 |       1.651|     77|       0.021|       0.033|
slv : | solve_BL_MDS                     |       1.232|     77|       0.016|       0.062|
slv : | solve_CHT                        |       2.415|     77|       0.031|       0.080|
slv : | solve_CHT_MDS                    |       1.809|     77|       0.023|       0.073|
slv : | solve_CHT_alg_MDS                |       0.647|     77|       0.008|       0.056|
slv : | solve_DvGr_MDS                   |       6.832|     77|       0.089|       0.303|
slv : | solve_DvGr_alg_MDS               |       2.984|     77|       0.039|       0.255|
slv : | solve_INPR_MDS                   |       0.000|      1|       0.000|       0.000|
slv : | solve_PS+QJ                      |       0.000|      0|       0.000|       0.000|
slv : | solve_YLMA_MDS                   |       0.001|     77|       0.000|       0.000|
slv : | solve_YNOx_MDS                   |       0.000|     77|       0.000|       0.000|
slv : | solve_YTd_MDS                    |       0.002|     77|       0.000|       0.000|
slv : | solve_YTurb_MDS                  |      10.432|     77|       0.135|       0.171|
slv : | solve_YTurb_alg_MDS              |       5.791|    154|       0.038|       0.059|
slv : | update_BC_MDS                    |       0.000|     78|       0.000|       0.000|
slv : | update_Mf_after_DvGr             |       0.937|     77|       0.012|       0.024|
slv : | update_VelPressure_MDS           |       0.144|     77|       0.002|       0.003|
slv : +----------------------------------+------------+-------+------------+------------+
-----------------------------------------------------------------------
Memory Working Set Current = 443.51 Mb, Memory Working Set Peak = 443.78 Mb
Memory Private Bytes Current = 604.04 Mb, Memory Private Bytes Peak = 628.58 Mb
Process Threads Number: 16
-----------------------------------------------------------------------
Algebra Pool      : mem_usage = 441.75 Mb, allocated count = 1567

================== Tstep=77 ===================
<Dynamic P> on nsd = 0 {openings (inlet / outlet)}:
  (SP = Static Pressure, EP = Environment Pressure, TP = Total Pressure, E = External)
  {#0, E, (3.626882e-02 / 2.734108e+04)}
  {#1, E, (4.535954e-02 / 2.734107e+04)}
  {#2, E, (0.000000e+00 / 2.710150e+04)}
  {#3, E, (2.733225e+04 / 0.000000e+00)}
  {#4, E, (4.598619e-03 / 2.734036e+04)}
  {#5, E, (1.083147e-02 / 2.734068e+04)}
  MWS[  0]=7.04228
tau_viscous_averaged = 73.8014 
dt(mass,momentum; nsd=  0): min dt/dtG(ncv=  21474)=0.96 , max dt/dtG(ncv=  20141)=11.2   , dtG=0.00100108
Flow alg-view 0 in phys-view 0 isn't Neumann (not Multi Phase treating)
Face Momentum (sd=  0): max value of div(mf) (cv=23908) = 9.972266e-05
Flow alg-view 0 is not Neumann (not for Phase Change + Nested Iters)
+----+----+--------------+--------------+--------------+--------------+--------------+------+----+-+-+--+------+
|Name|view| Initial res  | Initial resL1| Target res   | Final res    | Final res L1 |Visits|Iter|R|F|CL|Status|
| BG |   0|  5.943643e-08|  1.647515e-02|  1.059557e-09|  3.191492e-10|  1.791384e-03|     5|  15|0|n|30|  OK  |
log10(resTarget_Lim / resTarget_Orig): 2.5 
Face Momentum (sd=  0): max value of div(mf) (cv=10423) = 1.624737e-06
	norm_L2 of div(momentum) = 1.787414e-05.
Flow alg-view 0 in phys-view 0 isn't Neumann (not Multi Phase treating)
LOG: number of a-faces with weighted approximations in 0 subdomain: 8.87083 percent
LOG: Rate of a-faces corrected to CUp1st in 0 subdomain: 0.171094 %
slv : SolveBL stage
|nsd|Real WF|NormalF|Cycle F|CriticF| EdgeF |CyclBrF|ExtParF|RWFnumSt|StLvlNum|  nfw  |  alp_U_min  |  nfw  |  alp_U_max  |  nfw  |  alp_T_min  |  nfw  |  alp_T_max  |  nfw  |  BL_s_min   |  nfw  |   BL_s_max  |
|  0|   2054|   1826|      8|     10|    210|      0|      0|    2046|      66|   3996|0            |  12947|19.5893      |   3978|0            |   4069|28998.4      |  12935|-22234.8     |   3978|0            |
Face Momentum (sd=  0): max value of div(mf) (cv=10423) = 1.624737e-06
	norm_L2 of div(momentum) = 1.787414e-05.
nsd = 0 BC: AP Inlet occurs on 2840 w-faces
+----+----+----+--------------+--------------+--------------+--------------+--------------+------+----+-+-+--+------+
|Name|view| n_y| Initial res  | Initial resL1| Target res   | Final res    | Final res L1 |Visits|Iter|R|F|CL|Status|
+----+----+----+--------------+--------------+--------------+--------------+--------------+------+----+-+-+--+------+
| 3M |   0|   0|  1.112184e+01|  2.703615e+02|  2.085345e-03|  6.078912e-05|  1.107989e-01|     2|   6|0|n|29|  OK  |
Velocity (predicted):
        (local) sd   0: min(  20141)=0.17261736114196     , max(  66536)=213.86158175691      
Flow alg-view 0 is not Neumann (not for Phase Change + Nested Iters)
+----+----+--------------+--------------+--------------+--------------+--------------+------+----+-+-+--+------+
|Name|view| Initial res  | Initial resL1| Target res   | Final res    | Final res L1 |Visits|Iter|R|F|CL|Status|
|DVGR|   0|  1.915268e-03|  2.456348e+00|  1.197043e-07|  2.880732e-08|  1.510659e-02|     3|   9|0|n|30|  OK  |
PRESSURE SOLVER(geom_index=  0): sum_C_dp=1.30433e-05
Face Momentum (sd=  0): max value of div(mf) (cv=21485) = 2.294596e-05
	norm_L2 of div(momentum) = 1.709469e-04.
nsd = 0 min_dtHy = 0.000961126 (nCV =	21474 ) max_dtHy = 0.0111674 (nCV =	20141 ) 
+----+----+--------------+--------------+--------------+--------------+--------------+------+----+-+-+--+------+
|Name|view| Initial res  | Initial resL1| Target res   | Final res    | Final res L1 |Visits|Iter|R|F|CL|Status|
|CHT |   0|  3.748635e+02|  4.495747e+02|  2.342897e-02|  9.402759e-05|  2.167058e-01|     2|  18|0|n|30|  OK  |
nsd = 0 min_dtke = 0.000152599 (nCV =	20159 ) max_dtke = 0.00194571 (nCV =	77934 ) 
+----+----+----+--------------+--------------+--------------+--------------+--------------+------+----+-+-+--+------+
|Name|view| n_y| Initial res  | Initial resL1| Target res   | Final res    | Final res L1 |Visits|Iter|R|F|CL|Status|
+----+----+----+--------------+--------------+--------------+--------------+--------------+------+----+-+-+--+------+
|turb|   0|   0|  2.808869e+02|  1.798880e+02|  1.064852e-04|  6.511805e-05|  1.832198e-01|     5|  30|0|n|30|  OK  |
|turb|   0|   1|  5.054601e+08|  1.965450e+05|  2.447879e-01|  4.149674e-02|  3.584988e+00|     8|  48|0|n|30|  OK  |
Filter: K,E,momentum: sd =   0 isolating K from zero=      0 E from zero=    328 E from infinity=      0
slv : Fluid subdom(new) 0
slv : P static (new)                 : min(  20038) = 92956.303120594      , max(  21343) = 220968.26581505      
slv : Density (new)                  : min(  20038) = 1.0440964875112      , max(  10497) = 2.4537584748345      
slv : Velocity (new)                 : min(  20141) = 0.1629507898646      , max(  66536) = 213.8786758964       
slv : Mach number (new)              : min(  20141) = 0.00045921964236029  , max(  66536) = 0.62542674970172     
slv : Turbulent k (new)              : min(      0) = 0.047885456152256    , max(  20122) = 1351.1442985992      
slv : Turbulent e (new)              : min(  24646) = 0.27018015123663     , max(  20122) = 1713932.9618743      
slv : Temperature (new)              : min(  66536) = 291.14951380284      , max(  21354) = 313.89003821466      
slv : Total enthalpy, Y-shifted (new): min(  20129) = 20026.750345646      , max(  21351) = 22013.488030352      
slv : MASS FLUXES AT OPENINGS: MF=-314.857, AP=314.857
slv : DvGr statistics: min alpha=0.075711(nfa=208855, geom_slice=0)
slv : +----------------------------------+------------+-------+------------+------------+
slv : |          Collector name          | Total Time | Count |  Avg Time  |  Max Time  |
slv : +----------------------------------+------------+-------+------------+------------+
slv : | Calculate_inc                    |      35.172|     77|       0.457|       0.652|
slv : | CollectEMT_Results               |       0.000|     78|       0.000|       0.000|
slv : | HeatPathCalculator_Dynamic       |       0.021|      1|       0.021|       0.021|
slv : | LiSy_make_portrait               |       0.823|    335|       0.002|       0.017|
slv : | Results_processing               |       4.119|     77|       0.053|       0.069|
slv : | build_sl_ordering_CHT            |       0.016|     78|       0.000|       0.006|
slv : | build_sl_ordering_MDS            |       0.125|     78|       0.002|       0.019|
slv : | build_sl_ordering_fluid          |       0.123|     78|       0.002|       0.019|
slv : | calc_Convolutions_MDS            |       1.060|     78|       0.014|       0.027|
slv : | calc_wall_dist                   |       0.372|      1|       0.372|       0.372|
slv : | create_Gr_operators_MDS          |       1.142|     78|       0.015|       0.027|
slv : | create_Gr_operators_portrait_MDS |       0.606|     78|       0.008|       0.013|
slv : | init_Hy_group_MDS                |       1.110|     78|       0.014|       0.024|
slv : | perform_stage_total              |      30.106|   2114|       0.014|       0.372|
slv : | precalc_at_start_MDS             |       0.666|      2|       0.333|       0.637|
slv : | solve_3M_MDS                     |       3.467|     78|       0.044|       0.069|
slv : | solve_3M_alg_MDS                 |       1.332|     78|       0.017|       0.041|
slv : | solve_BG_MDS                     |       2.443|     78|       0.031|       0.042|
slv : | solve_BG_alg_MDS                 |       1.671|     78|       0.021|       0.033|
slv : | solve_BL_MDS                     |       1.252|     78|       0.016|       0.062|
slv : | solve_CHT                        |       2.449|     78|       0.031|       0.080|
slv : | solve_CHT_MDS                    |       1.834|     78|       0.024|       0.073|
slv : | solve_CHT_alg_MDS                |       0.654|     78|       0.008|       0.056|
slv : | solve_DvGr_MDS                   |       6.908|     78|       0.089|       0.303|
slv : | solve_DvGr_alg_MDS               |       3.006|     78|       0.039|       0.255|
slv : | solve_INPR_MDS                   |       0.000|      1|       0.000|       0.000|
slv : | solve_PS+QJ                      |       0.000|      0|       0.000|       0.000|
slv : | solve_YLMA_MDS                   |       0.001|     78|       0.000|       0.000|
slv : | solve_YNOx_MDS                   |       0.000|     78|       0.000|       0.000|
slv : | solve_YTd_MDS                    |       0.002|     78|       0.000|       0.000|
slv : | solve_YTurb_MDS                  |      10.594|     78|       0.136|       0.171|
slv : | solve_YTurb_alg_MDS              |       5.887|    156|       0.038|       0.059|
slv : | update_BC_MDS                    |       0.000|     79|       0.000|       0.000|
slv : | update_Mf_after_DvGr             |       0.948|     78|       0.012|       0.024|
slv : | update_VelPressure_MDS           |       0.146|     78|       0.002|       0.003|
slv : +----------------------------------+------------+-------+------------+------------+
-----------------------------------------------------------------------
Memory Working Set Current = 441.43 Mb, Memory Working Set Peak = 443.78 Mb
Memory Private Bytes Current = 626.62 Mb, Memory Private Bytes Peak = 628.58 Mb
Process Threads Number: 16
-----------------------------------------------------------------------
Algebra Pool      : mem_usage = 441.75 Mb, allocated count = 1585

================== Tstep=78 ===================
<Dynamic P> on nsd = 0 {openings (inlet / outlet)}:
  (SP = Static Pressure, EP = Environment Pressure, TP = Total Pressure, E = External)
  {#0, E, (3.626292e-02 / 2.734108e+04)}
  {#1, E, (4.534327e-02 / 2.734107e+04)}
  {#2, E, (0.000000e+00 / 2.710150e+04)}
  {#3, E, (2.733221e+04 / 0.000000e+00)}
  {#4, E, (4.594990e-03 / 2.734036e+04)}
  {#5, E, (1.078483e-02 / 2.734068e+04)}
  MWS[  0]=7.04259
tau_viscous_averaged = 73.8292 
dt(mass,momentum; nsd=  0): min dt/dtG(ncv=  21474)=0.96 , max dt/dtG(ncv=  20141)=11.2   , dtG=0.00100099
Flow alg-view 0 in phys-view 0 isn't Neumann (not Multi Phase treating)
Face Momentum (sd=  0): max value of div(mf) (cv=23908) = 1.271325e-04
Flow alg-view 0 is not Neumann (not for Phase Change + Nested Iters)
+----+----+--------------+--------------+--------------+--------------+--------------+------+----+-+-+--+------+
|Name|view| Initial res  | Initial resL1| Target res   | Final res    | Final res L1 |Visits|Iter|R|F|CL|Status|
| BG |   0|  5.696653e-08|  1.563079e-02|  1.197043e-09|  1.084961e-09|  3.052654e-03|     4|  12|0|n|30|  OK  |
log10(resTarget_Lim / resTarget_Orig): 2.5 
Face Momentum (sd=  0): max value of div(mf) (cv=10328) = 3.186233e-06
	norm_L2 of div(momentum) = 3.294195e-05.
Flow alg-view 0 in phys-view 0 isn't Neumann (not Multi Phase treating)
LOG: number of a-faces with weighted approximations in 0 subdomain: 8.70265 percent
LOG: Rate of a-faces corrected to CUp1st in 0 subdomain: 0.17053 %
slv : SolveBL stage
|nsd|Real WF|NormalF|Cycle F|CriticF| EdgeF |CyclBrF|ExtParF|RWFnumSt|StLvlNum|  nfw  |  alp_U_min  |  nfw  |  alp_U_max  |  nfw  |  alp_T_min  |  nfw  |  alp_T_max  |  nfw  |  BL_s_min   |  nfw  |   BL_s_max  |
|  0|   2054|   1824|      8|     10|    212|      0|      0|    2046|      66|   4019|0            |  12947|19.5894      |   1780|0            |   4045|42107.6      |  12935|-22234.9     |   1780|0            |
Face Momentum (sd=  0): max value of div(mf) (cv=10328) = 3.186233e-06
	norm_L2 of div(momentum) = 3.294195e-05.
nsd = 0 BC: AP Inlet occurs on 2843 w-faces
+----+----+----+--------------+--------------+--------------+--------------+--------------+------+----+-+-+--+------+
|Name|view| n_y| Initial res  | Initial resL1| Target res   | Final res    | Final res L1 |Visits|Iter|R|F|CL|Status|
+----+----+----+--------------+--------------+--------------+--------------+--------------+------+----+-+-+--+------+
| 3M |   0|   0|  1.081085e+01|  2.705443e+02|  2.027034e-03|  4.495402e-05|  1.031890e-01|     2|   6|0|n|29|  OK  |
Velocity (predicted):
        (local) sd   0: min(  20141)=0.10456280245709     , max(  66536)=213.86017760783      
Flow alg-view 0 is not Neumann (not for Phase Change + Nested Iters)
+----+----+--------------+--------------+--------------+--------------+--------------+------+----+-+-+--+------+
|Name|view| Initial res  | Initial resL1| Target res   | Final res    | Final res L1 |Visits|Iter|R|F|CL|Status|
|DVGR|   0|  1.823646e-03|  2.480073e+00|  1.139778e-07|  5.086718e-08|  1.714399e-02|     3|   9|0|n|30|  OK  |
PRESSURE SOLVER(geom_index=  0): sum_C_dp=2.13264e-05
Face Momentum (sd=  0): max value of div(mf) (cv=9444) = 3.395367e-05
	norm_L2 of div(momentum) = 2.267448e-04.
nsd = 0 min_dtHy = 0.000957921 (nCV =	21474 ) max_dtHy = 0.011209 (nCV =	20141 ) 
+----+----+--------------+--------------+--------------+--------------+--------------+------+----+-+-+--+------+
|Name|view| Initial res  | Initial resL1| Target res   | Final res    | Final res L1 |Visits|Iter|R|F|CL|Status|
|CHT |   0|  3.850051e+02|  4.471101e+02|  2.406282e-02|  9.002118e-05|  2.092161e-01|     2|  18|0|n|30|  OK  |
nsd = 0 min_dtke = 0.000152644 (nCV =	20122 ) max_dtke = 0.0019457 (nCV =	77999 ) 
+----+----+----+--------------+--------------+--------------+--------------+--------------+------+----+-+-+--+------+
|Name|view| n_y| Initial res  | Initial resL1| Target res   | Final res    | Final res L1 |Visits|Iter|R|F|CL|Status|
+----+----+----+--------------+--------------+--------------+--------------+--------------+------+----+-+-+--+------+
|turb|   0|   0|  3.105005e+02|  1.901821e+02|  1.065023e-04|  5.954289e-05|  1.684584e-01|     5|  30|0|n|30|  OK  |
|turb|   0|   1|  5.777248e+08|  2.089755e+05|  2.448491e-01|  4.098877e-02|  3.500869e+00|     8|  48|0|n|30|  OK  |
Filter: K,E,momentum: sd =   0 isolating K from zero=      0 E from zero=    331 E from infinity=      0
slv : Fluid subdom(new) 0
slv : P static (new)                 : min(  20038) = 92950.654993759      , max(  21339) = 220276.06955872      
slv : Density (new)                  : min(  20038) = 1.0440320866789      , max(  10497) = 2.446499609919       
slv : Velocity (new)                 : min(  20141) = 0.098681226488268    , max(  66536) = 213.87089353338      
slv : Mach number (new)              : min(  20141) = 0.00027809784663447  , max(  66536) = 0.62540222480224     
slv : Turbulent k (new)              : min(      0) = 0.047885430006948    , max(  20159) = 1312.2660104724      
slv : Turbulent e (new)              : min(      0) = 0.62110091255204     , max(  20159) = 1655696.1234025      
slv : Temperature (new)              : min(  66536) = 291.1511675865       , max(  20139) = 313.86319521342      
slv : Total enthalpy, Y-shifted (new): min(  20149) = 20007.572894396      , max(  21351) = 22016.957465651      
slv : MASS FLUXES AT OPENINGS: MF=-314.857, AP=314.857
slv : DvGr statistics: min alpha=0.0757113(nfa=208855, geom_slice=0)
slv : +----------------------------------+------------+-------+------------+------------+
slv : |          Collector name          | Total Time | Count |  Avg Time  |  Max Time  |
slv : +----------------------------------+------------+-------+------------+------------+
slv : | Calculate_inc                    |      35.694|     78|       0.458|       0.652|
slv : | CollectEMT_Results               |       0.000|     79|       0.000|       0.000|
slv : | HeatPathCalculator_Dynamic       |       0.021|      1|       0.021|       0.021|
slv : | LiSy_make_portrait               |       0.833|    339|       0.002|       0.017|
slv : | Results_processing               |       4.188|     78|       0.054|       0.070|
slv : | build_sl_ordering_CHT            |       0.016|     79|       0.000|       0.006|
slv : | build_sl_ordering_MDS            |       0.125|     79|       0.002|       0.019|
slv : | build_sl_ordering_fluid          |       0.123|     79|       0.002|       0.019|
slv : | calc_Convolutions_MDS            |       1.077|     79|       0.014|       0.027|
slv : | calc_wall_dist                   |       0.372|      1|       0.372|       0.372|
slv : | create_Gr_operators_MDS          |       1.158|     79|       0.015|       0.027|
slv : | create_Gr_operators_portrait_MDS |       0.615|     79|       0.008|       0.013|
slv : | init_Hy_group_MDS                |       1.124|     79|       0.014|       0.024|
slv : | perform_stage_total              |      30.500|   2141|       0.014|       0.372|
slv : | precalc_at_start_MDS             |       0.666|      2|       0.333|       0.637|
slv : | solve_3M_MDS                     |       3.521|     79|       0.045|       0.069|
slv : | solve_3M_alg_MDS                 |       1.357|     79|       0.017|       0.041|
slv : | solve_BG_MDS                     |       2.470|     79|       0.031|       0.042|
slv : | solve_BG_alg_MDS                 |       1.689|     79|       0.021|       0.033|
slv : | solve_BL_MDS                     |       1.269|     79|       0.016|       0.062|
slv : | solve_CHT                        |       2.481|     79|       0.031|       0.080|
slv : | solve_CHT_MDS                    |       1.858|     79|       0.024|       0.073|
slv : | solve_CHT_alg_MDS                |       0.662|     79|       0.008|       0.056|
slv : | solve_DvGr_MDS                   |       6.981|     79|       0.088|       0.303|
slv : | solve_DvGr_alg_MDS               |       3.030|     79|       0.038|       0.255|
slv : | solve_INPR_MDS                   |       0.000|      1|       0.000|       0.000|
slv : | solve_PS+QJ                      |       0.000|      0|       0.000|       0.000|
slv : | solve_YLMA_MDS                   |       0.001|     79|       0.000|       0.000|
slv : | solve_YNOx_MDS                   |       0.000|     79|       0.000|       0.000|
slv : | solve_YTd_MDS                    |       0.002|     79|       0.000|       0.000|
slv : | solve_YTurb_MDS                  |      10.753|     79|       0.136|       0.171|
slv : | solve_YTurb_alg_MDS              |       5.978|    158|       0.038|       0.059|
slv : | update_BC_MDS                    |       0.000|     80|       0.000|       0.000|
slv : | update_Mf_after_DvGr             |       0.961|     79|       0.012|       0.024|
slv : | update_VelPressure_MDS           |       0.149|     79|       0.002|       0.003|
slv : +----------------------------------+------------+-------+------------+------------+
-----------------------------------------------------------------------
Memory Working Set Current = 441.93 Mb, Memory Working Set Peak = 443.78 Mb
Memory Private Bytes Current = 626.81 Mb, Memory Private Bytes Peak = 628.58 Mb
Process Threads Number: 16
-----------------------------------------------------------------------
Algebra Pool      : mem_usage = 441.75 Mb, allocated count = 1581

================== Tstep=79 ===================
<Dynamic P> on nsd = 0 {openings (inlet / outlet)}:
  (SP = Static Pressure, EP = Environment Pressure, TP = Total Pressure, E = External)
  {#0, E, (3.615239e-02 / 2.734108e+04)}
  {#1, E, (4.526088e-02 / 2.734107e+04)}
  {#2, E, (0.000000e+00 / 2.710144e+04)}
  {#3, E, (2.733225e+04 / 0.000000e+00)}
  {#4, E, (4.557812e-03 / 2.734036e+04)}
  {#5, E, (1.079284e-02 / 2.734069e+04)}
  MWS[  0]=7.04212
tau_viscous_averaged = 73.8691 
dt(mass,momentum; nsd=  0): min dt/dtG(ncv=  21474)=0.96 , max dt/dtG(ncv=  21231)=11.2   , dtG=0.00100154
Flow alg-view 0 in phys-view 0 isn't Neumann (not Multi Phase treating)
Face Momentum (sd=  0): max value of div(mf) (cv=7698) = 7.002603e-05
Flow alg-view 0 is not Neumann (not for Phase Change + Nested Iters)
+----+----+--------------+--------------+--------------+--------------+--------------+------+----+-+-+--+------+
|Name|view| Initial res  | Initial resL1| Target res   | Final res    | Final res L1 |Visits|Iter|R|F|CL|Status|
| BG |   0|  6.087584e-08|  1.750460e-02|  1.139778e-09|  1.086413e-09|  3.195158e-03|     4|  12|0|n|30|  OK  |
log10(resTarget_Lim / resTarget_Orig): 2.5 
Face Momentum (sd=  0): max value of div(mf) (cv=10328) = 3.080156e-06
	norm_L2 of div(momentum) = 3.296477e-05.
Flow alg-view 0 in phys-view 0 isn't Neumann (not Multi Phase treating)
LOG: number of a-faces with weighted approximations in 0 subdomain: 8.94483 percent
LOG: Rate of a-faces corrected to CUp1st in 0 subdomain: 0.171527 %
slv : SolveBL stage
|nsd|Real WF|NormalF|Cycle F|CriticF| EdgeF |CyclBrF|ExtParF|RWFnumSt|StLvlNum|  nfw  |  alp_U_min  |  nfw  |  alp_U_max  |  nfw  |  alp_T_min  |  nfw  |  alp_T_max  |  nfw  |  BL_s_min   |  nfw  |   BL_s_max  |
|  0|   2054|   1820|     10|      4|    219|      1|      0|    2044|      66|  12944|0            |  12947|19.5893      |   1807|0            |   3984|22975        |  12935|-22234.9     |   1807|0            |
Face Momentum (sd=  0): max value of div(mf) (cv=10328) = 3.080156e-06
	norm_L2 of div(momentum) = 3.296477e-05.
nsd = 0 BC: AP Inlet occurs on 2846 w-faces
+----+----+----+--------------+--------------+--------------+--------------+--------------+------+----+-+-+--+------+
|Name|view| n_y| Initial res  | Initial resL1| Target res   | Final res    | Final res L1 |Visits|Iter|R|F|CL|Status|
+----+----+----+--------------+--------------+--------------+--------------+--------------+------+----+-+-+--+------+
| 3M |   0|   0|  1.042456e+01|  2.696109e+02|  1.954605e-03|  1.112105e-04|  1.185089e-01|     2|   6|0|n|29|  OK  |
Velocity (predicted):
        (local) sd   0: min(  20141)=0.041401982091641    , max(  66536)=213.86107564473      
Flow alg-view 0 is not Neumann (not for Phase Change + Nested Iters)
+----+----+--------------+--------------+--------------+--------------+--------------+------+----+-+-+--+------+
|Name|view| Initial res  | Initial resL1| Target res   | Final res    | Final res L1 |Visits|Iter|R|F|CL|Status|
|DVGR|   0|  1.722208e-03|  2.401894e+00|  1.076380e-07|  3.692637e-08|  1.598424e-02|     3|   9|0|n|30|  OK  |
PRESSURE SOLVER(geom_index=  0): sum_C_dp=3.61261e-05
Face Momentum (sd=  0): max value of div(mf) (cv=20108) = 2.801755e-05
	norm_L2 of div(momentum) = 1.932347e-04.
nsd = 0 min_dtHy = 0.000960859 (nCV =	21474 ) max_dtHy = 0.0112672 (nCV =	21231 ) 
+----+----+--------------+--------------+--------------+--------------+--------------+------+----+-+-+--+------+
|Name|view| Initial res  | Initial resL1| Target res   | Final res    | Final res L1 |Visits|Iter|R|F|CL|Status|
|CHT |   0|  3.421610e+02|  4.280859e+02|  2.138506e-02|  9.918008e-05|  2.152204e-01|     2|  18|0|n|30|  OK  |
nsd = 0 min_dtke = 0.000152515 (nCV =	20159 ) max_dtke = 0.00194571 (nCV =	77934 ) 
+----+----+----+--------------+--------------+--------------+--------------+--------------+------+----+-+-+--+------+
|Name|view| n_y| Initial res  | Initial resL1| Target res   | Final res    | Final res L1 |Visits|Iter|R|F|CL|Status|
+----+----+----+--------------+--------------+--------------+--------------+--------------+------+----+-+-+--+------+
|turb|   0|   0|  2.445733e+02|  1.733664e+02|  1.064719e-04|  2.172488e-05|  1.382438e-01|     5|  30|0|n|30|  OK  |
|turb|   0|   1|  4.599338e+08|  1.853926e+05|  2.447459e-01|  3.891367e-02|  3.268560e+00|     8|  48|0|n|30|  OK  |
Filter: K,E,momentum: sd =   0 isolating K from zero=      0 E from zero=    327 E from infinity=      0
slv : Fluid subdom(new) 0
slv : P static (new)                 : min(  20038) = 92943.251388364      , max(  21339) = 219641.01668704      
slv : Density (new)                  : min(  20038) = 1.0440688729951      , max(  10497) = 2.4400193057001      
slv : Velocity (new)                 : min(  20141) = 0.038573155651548    , max(  66536) = 213.87459946776      
slv : Mach number (new)              : min(  20141) = 0.00010870446005201  , max(  66536) = 0.62541390307703     
slv : Turbulent k (new)              : min(      0) = 0.047885416872255    , max(  20159) = 1304.9601596352      
slv : Turbulent e (new)              : min(      0) = 0.62110064614718     , max(  20159) = 1647464.3808206      
slv : Temperature (new)              : min(  66536) = 291.15038041566      , max(  21358) = 314.41439099303      
slv : Total enthalpy, Y-shifted (new): min(  20156) = 19980.270173903      , max(  21351) = 22020.739522583      
slv : MASS FLUXES AT OPENINGS: MF=-314.857, AP=314.857
slv : DvGr statistics: min alpha=0.0757113(nfa=208855, geom_slice=0)
slv : +----------------------------------+------------+-------+------------+------------+
slv : |          Collector name          | Total Time | Count |  Avg Time  |  Max Time  |
slv : +----------------------------------+------------+-------+------------+------------+
slv : | Calculate_inc                    |      36.173|     79|       0.458|       0.652|
slv : | CollectEMT_Results               |       0.000|     80|       0.000|       0.000|
slv : | HeatPathCalculator_Dynamic       |       0.021|      1|       0.021|       0.021|
slv : | LiSy_make_portrait               |       0.844|    343|       0.002|       0.017|
slv : | Results_processing               |       4.241|     79|       0.054|       0.070|
slv : | build_sl_ordering_CHT            |       0.016|     80|       0.000|       0.006|
slv : | build_sl_ordering_MDS            |       0.125|     80|       0.002|       0.019|
slv : | build_sl_ordering_fluid          |       0.124|     80|       0.002|       0.019|
slv : | calc_Convolutions_MDS            |       1.093|     80|       0.014|       0.027|
slv : | calc_wall_dist                   |       0.372|      1|       0.372|       0.372|
slv : | create_Gr_operators_MDS          |       1.172|     80|       0.015|       0.027|
slv : | create_Gr_operators_portrait_MDS |       0.625|     80|       0.008|       0.013|
slv : | init_Hy_group_MDS                |       1.137|     80|       0.014|       0.024|
slv : | perform_stage_total              |      30.885|   2168|       0.014|       0.372|
slv : | precalc_at_start_MDS             |       0.666|      2|       0.333|       0.637|
slv : | solve_3M_MDS                     |       3.572|     80|       0.045|       0.069|
slv : | solve_3M_alg_MDS                 |       1.382|     80|       0.017|       0.041|
slv : | solve_BG_MDS                     |       2.496|     80|       0.031|       0.042|
slv : | solve_BG_alg_MDS                 |       1.705|     80|       0.021|       0.033|
slv : | solve_BL_MDS                     |       1.283|     80|       0.016|       0.062|
slv : | solve_CHT                        |       2.512|     80|       0.031|       0.080|
slv : | solve_CHT_MDS                    |       1.881|     80|       0.024|       0.073|
slv : | solve_CHT_alg_MDS                |       0.671|     80|       0.008|       0.056|
slv : | solve_DvGr_MDS                   |       7.058|     80|       0.088|       0.303|
slv : | solve_DvGr_alg_MDS               |       3.054|     80|       0.038|       0.255|
slv : | solve_INPR_MDS                   |       0.000|      1|       0.000|       0.000|
slv : | solve_PS+QJ                      |       0.000|      0|       0.000|       0.000|
slv : | solve_YLMA_MDS                   |       0.001|     80|       0.000|       0.000|
slv : | solve_YNOx_MDS                   |       0.000|     80|       0.000|       0.000|
slv : | solve_YTd_MDS                    |       0.002|     80|       0.000|       0.000|
slv : | solve_YTurb_MDS                  |      10.905|     80|       0.136|       0.171|
slv : | solve_YTurb_alg_MDS              |       6.069|    160|       0.038|       0.059|
slv : | update_BC_MDS                    |       0.000|     81|       0.000|       0.000|
slv : | update_Mf_after_DvGr             |       0.974|     80|       0.012|       0.024|
slv : | update_VelPressure_MDS           |       0.151|     80|       0.002|       0.003|
slv : +----------------------------------+------------+-------+------------+------------+
Interpolator cache: total calls 6968, optimised calls 2660 (38.2 %)
-----------------------------------------------------------------------
Memory Working Set Current = 442.77 Mb, Memory Working Set Peak = 443.78 Mb
Memory Private Bytes Current = 626.91 Mb, Memory Private Bytes Peak = 628.58 Mb
Process Threads Number: 16
-----------------------------------------------------------------------
Iteration : time = 2.89154 , count = 5 , time/count = 0.578309
Calculate_inc() : time = 2.57351 , count = 5 , time/count = 0.514701
TreatFlowEvolution() : time = 0.290961 , count = 5 , time/count = 0.0581922
SolverPreview : time = 0 , count = 5 , time/count = 0
TreatGoals : time = 0.28334 , count = 5 , time/count = 0.056668
Algebra Pool      : mem_usage = 441.75 Mb, allocated count = 1581

================== Tstep=80 ===================
<Dynamic P> on nsd = 0 {openings (inlet / outlet)}:
  (SP = Static Pressure, EP = Environment Pressure, TP = Total Pressure, E = External)
  {#0, E, (3.600576e-02 / 2.734108e+04)}
  {#1, E, (4.532519e-02 / 2.734107e+04)}
  {#2, E, (0.000000e+00 / 2.710134e+04)}
  {#3, E, (2.733221e+04 / 0.000000e+00)}
  {#4, E, (4.562577e-03 / 2.734036e+04)}
  {#5, E, (1.074880e-02 / 2.734069e+04)}
  MWS[  0]=7.04237
tau_viscous_averaged = 73.9003 
dt(mass,momentum; nsd=  0): min dt/dtG(ncv=  21474)=0.96 , max dt/dtG(ncv=  21231)=11.3   , dtG=0.00100117
Flow alg-view 0 in phys-view 0 isn't Neumann (not Multi Phase treating)
Face Momentum (sd=  0): max value of div(mf) (cv=26306) = 9.883261e-05
Flow alg-view 0 is not Neumann (not for Phase Change + Nested Iters)
+----+----+--------------+--------------+--------------+--------------+--------------+------+----+-+-+--+------+
|Name|view| Initial res  | Initial resL1| Target res   | Final res    | Final res L1 |Visits|Iter|R|F|CL|Status|
| BG |   0|  5.986464e-08|  1.643485e-02|  1.076380e-09|  3.152148e-10|  1.748866e-03|     5|  15|0|n|30|  OK  |
log10(resTarget_Lim / resTarget_Orig): 2.5 
Face Momentum (sd=  0): max value of div(mf) (cv=10423) = 1.594267e-06
	norm_L2 of div(momentum) = 1.776235e-05.
Flow alg-view 0 in phys-view 0 isn't Neumann (not Multi Phase treating)
LOG: number of a-faces with weighted approximations in 0 subdomain: 8.70854 percent
LOG: Rate of a-faces corrected to CUp1st in 0 subdomain: 0.173392 %
slv : SolveBL stage
|nsd|Real WF|NormalF|Cycle F|CriticF| EdgeF |CyclBrF|ExtParF|RWFnumSt|StLvlNum|  nfw  |  alp_U_min  |  nfw  |  alp_U_max  |  nfw  |  alp_T_min  |  nfw  |  alp_T_max  |  nfw  |  BL_s_min   |  nfw  |   BL_s_max  |
|  0|   2054|   1822|      8|      8|    216|      0|      0|    2046|      65|   3996|0            |  12947|19.5894      |   1780|0            |   4008|23422.5      |  12935|-22235       |   1780|0            |
Face Momentum (sd=  0): max value of div(mf) (cv=10423) = 1.594267e-06
	norm_L2 of div(momentum) = 1.776235e-05.
nsd = 0 BC: AP Inlet occurs on 2850 w-faces
+----+----+----+--------------+--------------+--------------+--------------+--------------+------+----+-+-+--+------+
|Name|view| n_y| Initial res  | Initial resL1| Target res   | Final res    | Final res L1 |Visits|Iter|R|F|CL|Status|
+----+----+----+--------------+--------------+--------------+--------------+--------------+------+----+-+-+--+------+
| 3M |   0|   0|  1.067971e+01|  2.708846e+02|  2.002446e-03|  1.226701e-04|  1.224220e-01|     2|   6|0|n|29|  OK  |
Velocity (predicted):
        (local) sd   0: min(  20141)=0.022251927464528    , max(  66536)=213.85863503273      
Flow alg-view 0 is not Neumann (not for Phase Change + Nested Iters)
+----+----+--------------+--------------+--------------+--------------+--------------+------+----+-+-+--+------+
|Name|view| Initial res  | Initial resL1| Target res   | Final res    | Final res L1 |Visits|Iter|R|F|CL|Status|
|DVGR|   0|  1.722121e-03|  2.462804e+00|  1.076326e-07|  3.222710e-08|  1.628190e-02|     3|   9|0|n|30|  OK  |
PRESSURE SOLVER(geom_index=  0): sum_C_dp=5.22103e-05
Face Momentum (sd=  0): max value of div(mf) (cv=9445) = 2.024929e-05
	norm_L2 of div(momentum) = 1.807195e-04.
nsd = 0 min_dtHy = 0.000957879 (nCV =	21474 ) max_dtHy = 0.0113053 (nCV =	21231 ) 
+----+----+--------------+--------------+--------------+--------------+--------------+------+----+-+-+--+------+
|Name|view| Initial res  | Initial resL1| Target res   | Final res    | Final res L1 |Visits|Iter|R|F|CL|Status|
|CHT |   0|  3.308770e+02|  4.193262e+02|  2.067981e-02|  6.580237e-05|  1.804703e-01|     2|  18|0|n|30|  OK  |
nsd = 0 min_dtke = 0.000152419 (nCV =	20159 ) max_dtke = 0.00194571 (nCV =	77934 ) 
+----+----+----+--------------+--------------+--------------+--------------+--------------+------+----+-+-+--+------+
|Name|view| n_y| Initial res  | Initial resL1| Target res   | Final res    | Final res L1 |Visits|Iter|R|F|CL|Status|
+----+----+----+--------------+--------------+--------------+--------------+--------------+------+----+-+-+--+------+
|turb|   0|   0|  1.873167e+02|  1.626953e+02|  1.064843e-04|  9.107098e-06|  6.932286e-02|     6|  36|0|n|30|  OK  |
|turb|   0|   1|  3.894985e+08|  1.777578e+05|  2.447910e-01|  4.456972e-02|  3.376271e+00|     8|  48|0|n|30|  OK  |
Filter: K,E,momentum: sd =   0 isolating K from zero=      0 E from zero=    329 E from infinity=      0
slv : Fluid subdom(new) 0
slv : P static (new)                 : min(  20038) = 92931.261429898      , max(  21358) = 219088.42817634      
slv : Density (new)                  : min(  20038) = 1.0439296928487      , max(  10497) = 2.4341583062011      
slv : Velocity (new)                 : min(  20141) = 0.020677240338304    , max(  66536) = 213.86687193696      
slv : Mach number (new)              : min(  20141) = 5.827118910272e-05   , max(  66536) = 0.62538955167844     
slv : Turbulent k (new)              : min(      0) = 0.047885419194727    , max(  20159) = 1315.2500885253      
slv : Turbulent e (new)              : min(  24646) = 0.50491532060636     , max(  20159) = 1669950.0701449      
slv : Temperature (new)              : min(  66536) = 291.15202195642      , max(  21358) = 314.42826944484      
slv : Total enthalpy, Y-shifted (new): min(  20149) = 20012.690885034      , max(  21351) = 22024.502140699      
slv : MASS FLUXES AT OPENINGS: MF=-314.857, AP=314.857
slv : DvGr statistics: min alpha=0.0757116(nfa=208855, geom_slice=0)
slv : +----------------------------------+------------+-------+------------+------------+
slv : |          Collector name          | Total Time | Count |  Avg Time  |  Max Time  |
slv : +----------------------------------+------------+-------+------------+------------+
slv : | Calculate_inc                    |      36.638|     80|       0.458|       0.652|
slv : | CollectEMT_Results               |       0.000|     81|       0.000|       0.000|
slv : | HeatPathCalculator_Dynamic       |       0.021|      1|       0.021|       0.021|
slv : | LiSy_make_portrait               |       0.854|    347|       0.002|       0.017|
slv : | Results_processing               |       4.308|     80|       0.054|       0.070|
slv : | build_sl_ordering_CHT            |       0.016|     81|       0.000|       0.006|
slv : | build_sl_ordering_MDS            |       0.126|     81|       0.002|       0.019|
slv : | build_sl_ordering_fluid          |       0.124|     81|       0.002|       0.019|
slv : | calc_Convolutions_MDS            |       1.110|     81|       0.014|       0.027|
slv : | calc_wall_dist                   |       0.372|      1|       0.372|       0.372|
slv : | create_Gr_operators_MDS          |       1.188|     81|       0.015|       0.027|
slv : | create_Gr_operators_portrait_MDS |       0.633|     81|       0.008|       0.013|
slv : | init_Hy_group_MDS                |       1.151|     81|       0.014|       0.024|
slv : | perform_stage_total              |      31.273|   2195|       0.014|       0.372|
slv : | precalc_at_start_MDS             |       0.666|      2|       0.333|       0.637|
slv : | solve_3M_MDS                     |       3.623|     81|       0.045|       0.069|
slv : | solve_3M_alg_MDS                 |       1.408|     81|       0.017|       0.041|
slv : | solve_BG_MDS                     |       2.526|     81|       0.031|       0.042|
slv : | solve_BG_alg_MDS                 |       1.725|     81|       0.021|       0.033|
slv : | solve_BL_MDS                     |       1.302|     81|       0.016|       0.062|
slv : | solve_CHT                        |       2.544|     81|       0.031|       0.080|
slv : | solve_CHT_MDS                    |       1.906|     81|       0.024|       0.073|
slv : | solve_CHT_alg_MDS                |       0.679|     81|       0.008|       0.056|
slv : | solve_DvGr_MDS                   |       7.127|     81|       0.088|       0.303|
slv : | solve_DvGr_alg_MDS               |       3.075|     81|       0.038|       0.255|
slv : | solve_INPR_MDS                   |       0.000|      1|       0.000|       0.000|
slv : | solve_PS+QJ                      |       0.000|      0|       0.000|       0.000|
slv : | solve_YLMA_MDS                   |       0.001|     81|       0.000|       0.000|
slv : | solve_YNOx_MDS                   |       0.000|     81|       0.000|       0.000|
slv : | solve_YTd_MDS                    |       0.002|     81|       0.000|       0.000|
slv : | solve_YTurb_MDS                  |      11.058|     81|       0.137|       0.171|
slv : | solve_YTurb_alg_MDS              |       6.166|    162|       0.038|       0.059|
slv : | update_BC_MDS                    |       0.000|     82|       0.000|       0.000|
slv : | update_Mf_after_DvGr             |       0.988|     81|       0.012|       0.024|
slv : | update_VelPressure_MDS           |       0.154|     81|       0.002|       0.003|
slv : +----------------------------------+------------+-------+------------+------------+
-----------------------------------------------------------------------
Memory Working Set Current = 440.60 Mb, Memory Working Set Peak = 443.78 Mb
Memory Private Bytes Current = 623.61 Mb, Memory Private Bytes Peak = 628.58 Mb
Process Threads Number: 16
-----------------------------------------------------------------------
Algebra Pool      : mem_usage = 441.75 Mb, allocated count = 1583

================== Tstep=81 ===================
<Dynamic P> on nsd = 0 {openings (inlet / outlet)}:
  (SP = Static Pressure, EP = Environment Pressure, TP = Total Pressure, E = External)
  {#0, E, (3.592688e-02 / 2.734108e+04)}
  {#1, E, (4.528323e-02 / 2.734107e+04)}
  {#2, E, (0.000000e+00 / 2.710116e+04)}
  {#3, E, (2.733226e+04 / 0.000000e+00)}
  {#4, E, (4.566921e-03 / 2.734036e+04)}
  {#5, E, (1.072038e-02 / 2.734069e+04)}
  MWS[  0]=7.04164
tau_viscous_averaged = 73.9267 
dt(mass,momentum; nsd=  0): min dt/dtG(ncv=  10382)=0.96 , max dt/dtG(ncv=  21231)=11.3   , dtG=0.0010014
Flow alg-view 0 in phys-view 0 isn't Neumann (not Multi Phase treating)
Face Momentum (sd=  0): max value of div(mf) (cv=23908) = 1.062166e-04
Flow alg-view 0 is not Neumann (not for Phase Change + Nested Iters)
+----+----+--------------+--------------+--------------+--------------+--------------+------+----+-+-+--+------+
|Name|view| Initial res  | Initial resL1| Target res   | Final res    | Final res L1 |Visits|Iter|R|F|CL|Status|
| BG |   0|  5.295514e-08|  1.674455e-02|  1.076326e-09|  2.946470e-10|  1.689388e-03|     5|  15|0|n|30|  OK  |
log10(resTarget_Lim / resTarget_Orig): 2.5 
Face Momentum (sd=  0): max value of div(mf) (cv=10423) = 1.667388e-06
	norm_L2 of div(momentum) = 1.717554e-05.
Flow alg-view 0 in phys-view 0 isn't Neumann (not Multi Phase treating)
LOG: number of a-faces with weighted approximations in 0 subdomain: 8.95408 percent
LOG: Rate of a-faces corrected to CUp1st in 0 subdomain: 0.172441 %
slv : SolveBL stage
|nsd|Real WF|NormalF|Cycle F|CriticF| EdgeF |CyclBrF|ExtParF|RWFnumSt|StLvlNum|  nfw  |  alp_U_min  |  nfw  |  alp_U_max  |  nfw  |  alp_T_min  |  nfw  |  alp_T_max  |  nfw  |  BL_s_min   |  nfw  |   BL_s_max  |
|  0|   2054|   1817|     10|     12|    215|      0|      0|    2044|      65|   3996|0            |  12947|19.5893      |   1807|0            |   3984|20175.4      |  12935|-22235.1     |   1807|0            |
Face Momentum (sd=  0): max value of div(mf) (cv=10423) = 1.667388e-06
	norm_L2 of div(momentum) = 1.717554e-05.
nsd = 0 BC: AP Inlet occurs on 2844 w-faces
+----+----+----+--------------+--------------+--------------+--------------+--------------+------+----+-+-+--+------+
|Name|view| n_y| Initial res  | Initial resL1| Target res   | Final res    | Final res L1 |Visits|Iter|R|F|CL|Status|
+----+----+----+--------------+--------------+--------------+--------------+--------------+------+----+-+-+--+------+
| 3M |   0|   0|  1.107404e+01|  2.727906e+02|  2.076383e-03|  7.620742e-05|  1.101765e-01|     2|   6|0|n|29|  OK  |
Velocity (predicted):
        (local) sd   0: min(  20141)=0.069663377562282    , max(  66536)=213.85894872421      
Flow alg-view 0 is not Neumann (not for Phase Change + Nested Iters)
+----+----+--------------+--------------+--------------+--------------+--------------+------+----+-+-+--+------+
|Name|view| Initial res  | Initial resL1| Target res   | Final res    | Final res L1 |Visits|Iter|R|F|CL|Status|
|DVGR|   0|  1.925090e-03|  2.487203e+00|  1.203181e-07|  2.953196e-08|  1.466075e-02|     3|   9|0|n|30|  OK  |
PRESSURE SOLVER(geom_index=  0): sum_C_dp=1.48185e-05
Face Momentum (sd=  0): max value of div(mf) (cv=9444) = 2.315498e-05
	norm_L2 of div(momentum) = 1.728297e-04.
nsd = 0 min_dtHy = 0.000959892 (nCV =	10382 ) max_dtHy = 0.0113302 (nCV =	21231 ) 
+----+----+--------------+--------------+--------------+--------------+--------------+------+----+-+-+--+------+
|Name|view| Initial res  | Initial resL1| Target res   | Final res    | Final res L1 |Visits|Iter|R|F|CL|Status|
|CHT |   0|  3.285214e+02|  4.100511e+02|  2.053259e-02|  1.973012e-02|  2.831352e+00|     1|   9|0|n|30|  OK  |
nsd = 0 min_dtke = 0.000151417 (nCV =	20159 ) max_dtke = 0.00194575 (nCV =	77934 ) 
+----+----+----+--------------+--------------+--------------+--------------+--------------+------+----+-+-+--+------+
|Name|view| n_y| Initial res  | Initial resL1| Target res   | Final res    | Final res L1 |Visits|Iter|R|F|CL|Status|
+----+----+----+--------------+--------------+--------------+--------------+--------------+------+----+-+-+--+------+
|turb|   0|   0|  9.958999e+01|  1.433014e+02|  1.064378e-04|  6.104452e-05|  1.655232e-01|     5|  30|0|n|30|  OK  |
|turb|   0|   1|  1.814344e+08|  1.518808e+05|  2.446333e-01|  4.354369e-02|  3.448345e+00|     8|  48|0|n|30|  OK  |
Filter: K,E,momentum: sd =   0 isolating K from zero=      0 E from zero=    323 E from infinity=      0
slv : Fluid subdom(new) 0
slv : P static (new)                 : min(  20038) = 92931.326336678      , max(  21358) = 218758.45683065      
slv : Density (new)                  : min(  20038) = 1.043876975065       , max(  10497) = 2.4288512279523      
slv : Velocity (new)                 : min(  20141) = 0.065141028550029    , max(  66536) = 213.87168292685      
slv : Mach number (new)              : min(  20141) = 0.00018357563255202  , max(  66536) = 0.62540471258805     
slv : Turbulent k (new)              : min(      0) = 0.047885419117869    , max(  20159) = 1314.5714329378      
slv : Turbulent e (new)              : min(  21824) = 0.48775764944094     , max(  20159) = 1679186.3050012      
slv : Temperature (new)              : min(  66536) = 291.15099970401      , max(  21354) = 314.42818744884      
slv : Total enthalpy, Y-shifted (new): min(  20136) = 20010.785027637      , max(  21351) = 22028.261855805      
slv : MASS FLUXES AT OPENINGS: MF=-314.857, AP=314.857
slv : DvGr statistics: min alpha=0.0757115(nfa=208855, geom_slice=0)
slv : +----------------------------------+------------+-------+------------+------------+
slv : |          Collector name          | Total Time | Count |  Avg Time  |  Max Time  |
slv : +----------------------------------+------------+-------+------------+------------+
slv : | Calculate_inc                    |      37.112|     81|       0.458|       0.652|
slv : | CollectEMT_Results               |       0.000|     82|       0.000|       0.000|
slv : | HeatPathCalculator_Dynamic       |       0.021|      1|       0.021|       0.021|
slv : | LiSy_make_portrait               |       0.865|    351|       0.002|       0.017|
slv : | Results_processing               |       4.379|     81|       0.054|       0.071|
slv : | build_sl_ordering_CHT            |       0.016|     82|       0.000|       0.006|
slv : | build_sl_ordering_MDS            |       0.126|     82|       0.002|       0.019|
slv : | build_sl_ordering_fluid          |       0.124|     82|       0.002|       0.019|
slv : | calc_Convolutions_MDS            |       1.127|     82|       0.014|       0.027|
slv : | calc_wall_dist                   |       0.372|      1|       0.372|       0.372|
slv : | create_Gr_operators_MDS          |       1.211|     82|       0.015|       0.027|
slv : | create_Gr_operators_portrait_MDS |       0.645|     82|       0.008|       0.013|
slv : | init_Hy_group_MDS                |       1.165|     82|       0.014|       0.024|
slv : | perform_stage_total              |      31.686|   2222|       0.014|       0.372|
slv : | precalc_at_start_MDS             |       0.666|      2|       0.333|       0.637|
slv : | solve_3M_MDS                     |       3.678|     82|       0.045|       0.069|
slv : | solve_3M_alg_MDS                 |       1.430|     82|       0.017|       0.041|
slv : | solve_BG_MDS                     |       2.557|     82|       0.031|       0.042|
slv : | solve_BG_alg_MDS                 |       1.746|     82|       0.021|       0.033|
slv : | solve_BL_MDS                     |       1.321|     82|       0.016|       0.062|
slv : | solve_CHT                        |       2.572|     82|       0.031|       0.080|
slv : | solve_CHT_MDS                    |       1.925|     82|       0.023|       0.073|
slv : | solve_CHT_alg_MDS                |       0.684|     82|       0.008|       0.056|
slv : | solve_DvGr_MDS                   |       7.199|     82|       0.088|       0.303|
slv : | solve_DvGr_alg_MDS               |       3.097|     82|       0.038|       0.255|
slv : | solve_INPR_MDS                   |       0.000|      1|       0.000|       0.000|
slv : | solve_PS+QJ                      |       0.000|      0|       0.000|       0.000|
slv : | solve_YLMA_MDS                   |       0.001|     82|       0.000|       0.000|
slv : | solve_YNOx_MDS                   |       0.000|     82|       0.000|       0.000|
slv : | solve_YTd_MDS                    |       0.002|     82|       0.000|       0.000|
slv : | solve_YTurb_MDS                  |      11.215|     82|       0.137|       0.171|
slv : | solve_YTurb_alg_MDS              |       6.259|    164|       0.038|       0.059|
slv : | update_BC_MDS                    |       0.000|     83|       0.000|       0.000|
slv : | update_Mf_after_DvGr             |       1.002|     82|       0.012|       0.024|
slv : | update_VelPressure_MDS           |       0.156|     82|       0.002|       0.003|
slv : +----------------------------------+------------+-------+------------+------------+
-----------------------------------------------------------------------
Memory Working Set Current = 442.85 Mb, Memory Working Set Peak = 443.78 Mb
Memory Private Bytes Current = 626.73 Mb, Memory Private Bytes Peak = 628.58 Mb
Process Threads Number: 16
-----------------------------------------------------------------------
Algebra Pool      : mem_usage = 441.75 Mb, allocated count = 1579

================== Tstep=82 ===================
<Dynamic P> on nsd = 0 {openings (inlet / outlet)}:
  (SP = Static Pressure, EP = Environment Pressure, TP = Total Pressure, E = External)
  {#0, E, (3.609804e-02 / 2.734107e+04)}
  {#1, E, (4.477899e-02 / 2.734107e+04)}
  {#2, E, (0.000000e+00 / 2.710106e+04)}
  {#3, E, (2.733222e+04 / 0.000000e+00)}
  {#4, E, (4.558527e-03 / 2.734036e+04)}
  {#5, E, (1.071027e-02 / 2.734069e+04)}
  MWS[  0]=7.04162
tau_viscous_averaged = 73.9511 
dt(mass,momentum; nsd=  0): min dt/dtG(ncv=  21474)=0.96 , max dt/dtG(ncv=  21231)=11.3   , dtG=0.00100095
Flow alg-view 0 in phys-view 0 isn't Neumann (not Multi Phase treating)
Face Momentum (sd=  0): max value of div(mf) (cv=7698) = 4.492794e-05
Flow alg-view 0 is not Neumann (not for Phase Change + Nested Iters)
+----+----+--------------+--------------+--------------+--------------+--------------+------+----+-+-+--+------+
|Name|view| Initial res  | Initial resL1| Target res   | Final res    | Final res L1 |Visits|Iter|R|F|CL|Status|
| BG |   0|  3.211478e-08|  1.486937e-02|  1.203181e-09|  9.720057e-10|  2.604067e-03|     4|  12|0|n|30|  OK  |
log10(resTarget_Lim / resTarget_Orig): 2.8 
Face Momentum (sd=  0): max value of div(mf) (cv=10328) = 3.309731e-06
	norm_L2 of div(momentum) = 3.117831e-05.
Flow alg-view 0 in phys-view 0 isn't Neumann (not Multi Phase treating)
LOG: number of a-faces with weighted approximations in 0 subdomain: 8.71989 percent
LOG: Rate of a-faces corrected to CUp1st in 0 subdomain: 0.171728 %
slv : SolveBL stage
|nsd|Real WF|NormalF|Cycle F|CriticF| EdgeF |CyclBrF|ExtParF|RWFnumSt|StLvlNum|  nfw  |  alp_U_min  |  nfw  |  alp_U_max  |  nfw  |  alp_T_min  |  nfw  |  alp_T_max  |  nfw  |  BL_s_min   |  nfw  |   BL_s_max  |
|  0|   2054|   1813|      8|     14|    219|      0|      0|    2046|      65|   3991|0            |   4041|23.0693      |   3953|0            |   4008|23322.3      |  12935|-22235.1     |   3953|0            |
Face Momentum (sd=  0): max value of div(mf) (cv=10328) = 3.309731e-06
	norm_L2 of div(momentum) = 3.117831e-05.
nsd = 0 BC: AP Inlet occurs on 2849 w-faces
+----+----+----+--------------+--------------+--------------+--------------+--------------+------+----+-+-+--+------+
|Name|view| n_y| Initial res  | Initial resL1| Target res   | Final res    | Final res L1 |Visits|Iter|R|F|CL|Status|
+----+----+----+--------------+--------------+--------------+--------------+--------------+------+----+-+-+--+------+
| 3M |   0|   0|  1.103782e+01|  2.738139e+02|  2.069591e-03|  4.189048e-05|  1.022479e-01|     2|   6|0|n|29|  OK  |
Velocity (predicted):
        (local) sd   0: min(  21231)=0.034772316759568    , max(  66536)=213.85683109846      
Flow alg-view 0 is not Neumann (not for Phase Change + Nested Iters)
+----+----+--------------+--------------+--------------+--------------+--------------+------+----+-+-+--+------+
|Name|view| Initial res  | Initial resL1| Target res   | Final res    | Final res L1 |Visits|Iter|R|F|CL|Status|
|DVGR|   0|  1.944861e-03|  2.500289e+00|  1.215538e-07|  3.439232e-08|  1.596591e-02|     3|   9|0|n|30|  OK  |
PRESSURE SOLVER(geom_index=  0): sum_C_dp=2.34177e-05
Face Momentum (sd=  0): max value of div(mf) (cv=20015) = 2.097972e-05
	norm_L2 of div(momentum) = 1.865002e-04.
nsd = 0 min_dtHy = 0.000958036 (nCV =	21474 ) max_dtHy = 0.0113429 (nCV =	21231 ) 
+----+----+--------------+--------------+--------------+--------------+--------------+------+----+-+-+--+------+
|Name|view| Initial res  | Initial resL1| Target res   | Final res    | Final res L1 |Visits|Iter|R|F|CL|Status|
|CHT |   0|  3.438550e+02|  4.177041e+02|  2.149094e-02|  1.830734e-02|  2.973594e+00|     1|   9|0|n|30|  OK  |
nsd = 0 min_dtke = 0.000150453 (nCV =	20159 ) max_dtke = 0.00194573 (nCV =	77999 ) 
+----+----+----+--------------+--------------+--------------+--------------+--------------+------+----+-+-+--+------+
|Name|view| n_y| Initial res  | Initial resL1| Target res   | Final res    | Final res L1 |Visits|Iter|R|F|CL|Status|
+----+----+----+--------------+--------------+--------------+--------------+--------------+------+----+-+-+--+------+
|turb|   0|   0|  1.072255e+02|  1.474608e+02|  1.064347e-04|  5.061771e-05|  1.574373e-01|     5|  30|0|n|30|  OK  |
|turb|   0|   1|  1.930663e+08|  1.540773e+05|  2.446242e-01|  4.941101e-02|  3.392674e+00|     8|  48|0|n|30|  OK  |
Filter: K,E,momentum: sd =   0 isolating K from zero=      0 E from zero=    323 E from infinity=      0
slv : Fluid subdom(new) 0
slv : P static (new)                 : min(  20038) = 92934.592390988      , max(  21358) = 218512.8573273       
slv : Density (new)                  : min(  20038) = 1.0437679262029      , max(  10497) = 2.4241917216558      
slv : Velocity (new)                 : min(  21231) = 0.03505434175129     , max(  66536) = 213.86535889239      
slv : Mach number (new)              : min(  21231) = 9.8783712962501e-05  , max(  66536) = 0.62538478358054     
slv : Turbulent k (new)              : min(      0) = 0.047885414133506    , max(  20159) = 1300.3065539686      
slv : Turbulent e (new)              : min(      0) = 0.62110038488243     , max(  20159) = 1660424.0423091      
slv : Temperature (new)              : min(  66536) = 291.15234348991      , max(  21354) = 314.44173209077      
slv : Total enthalpy, Y-shifted (new): min(  20136) = 20019.152917168      , max(  21351) = 22031.902973606      
slv : MASS FLUXES AT OPENINGS: MF=-314.857, AP=314.857
slv : DvGr statistics: min alpha=0.0757116(nfa=208855, geom_slice=0)
slv : +----------------------------------+------------+-------+------------+------------+
slv : |          Collector name          | Total Time | Count |  Avg Time  |  Max Time  |
slv : +----------------------------------+------------+-------+------------+------------+
slv : | Calculate_inc                    |      37.606|     82|       0.459|       0.652|
slv : | CollectEMT_Results               |       0.000|     83|       0.000|       0.000|
slv : | HeatPathCalculator_Dynamic       |       0.021|      1|       0.021|       0.021|
slv : | LiSy_make_portrait               |       0.875|    355|       0.002|       0.017|
slv : | Results_processing               |       4.441|     82|       0.054|       0.071|
slv : | build_sl_ordering_CHT            |       0.016|     83|       0.000|       0.006|
slv : | build_sl_ordering_MDS            |       0.126|     83|       0.002|       0.019|
slv : | build_sl_ordering_fluid          |       0.124|     83|       0.001|       0.019|
slv : | calc_Convolutions_MDS            |       1.141|     83|       0.014|       0.027|
slv : | calc_wall_dist                   |       0.372|      1|       0.372|       0.372|
slv : | create_Gr_operators_MDS          |       1.224|     83|       0.015|       0.027|
slv : | create_Gr_operators_portrait_MDS |       0.655|     83|       0.008|       0.013|
slv : | init_Hy_group_MDS                |       1.178|     83|       0.014|       0.024|
slv : | perform_stage_total              |      32.063|   2249|       0.014|       0.372|
slv : | precalc_at_start_MDS             |       0.666|      2|       0.333|       0.637|
slv : | solve_3M_MDS                     |       3.728|     83|       0.045|       0.069|
slv : | solve_3M_alg_MDS                 |       1.454|     83|       0.018|       0.041|
slv : | solve_BG_MDS                     |       2.581|     83|       0.031|       0.042|
slv : | solve_BG_alg_MDS                 |       1.762|     83|       0.021|       0.033|
slv : | solve_BL_MDS                     |       1.338|     83|       0.016|       0.062|
slv : | solve_CHT                        |       2.601|     83|       0.031|       0.080|
slv : | solve_CHT_MDS                    |       1.947|     83|       0.023|       0.073|
slv : | solve_CHT_alg_MDS                |       0.688|     83|       0.008|       0.056|
slv : | solve_DvGr_MDS                   |       7.270|     83|       0.088|       0.303|
slv : | solve_DvGr_alg_MDS               |       3.119|     83|       0.038|       0.255|
slv : | solve_INPR_MDS                   |       0.000|      1|       0.000|       0.000|
slv : | solve_PS+QJ                      |       0.000|      0|       0.000|       0.000|
slv : | solve_YLMA_MDS                   |       0.001|     83|       0.000|       0.000|
slv : | solve_YNOx_MDS                   |       0.000|     83|       0.000|       0.000|
slv : | solve_YTd_MDS                    |       0.002|     83|       0.000|       0.000|
slv : | solve_YTurb_MDS                  |      11.372|     83|       0.137|       0.171|
slv : | solve_YTurb_alg_MDS              |       6.349|    166|       0.038|       0.059|
slv : | update_BC_MDS                    |       0.000|     84|       0.000|       0.000|
slv : | update_Mf_after_DvGr             |       1.013|     83|       0.012|       0.024|
slv : | update_VelPressure_MDS           |       0.158|     83|       0.002|       0.003|
slv : +----------------------------------+------------+-------+------------+------------+
-----------------------------------------------------------------------
Memory Working Set Current = 442.41 Mb, Memory Working Set Peak = 443.78 Mb
Memory Private Bytes Current = 626.72 Mb, Memory Private Bytes Peak = 628.58 Mb
Process Threads Number: 16
-----------------------------------------------------------------------
Algebra Pool      : mem_usage = 441.75 Mb, allocated count = 1582

================== Tstep=83 ===================
<Dynamic P> on nsd = 0 {openings (inlet / outlet)}:
  (SP = Static Pressure, EP = Environment Pressure, TP = Total Pressure, E = External)
  {#0, E, (3.619694e-02 / 2.734107e+04)}
  {#1, E, (4.478816e-02 / 2.734107e+04)}
  {#2, E, (0.000000e+00 / 2.710096e+04)}
  {#3, E, (2.733226e+04 / 0.000000e+00)}
  {#4, E, (4.551257e-03 / 2.734036e+04)}
  {#5, E, (1.074179e-02 / 2.734069e+04)}
  MWS[  0]=7.04105
tau_viscous_averaged = 73.9849 
dt(mass,momentum; nsd=  0): min dt/dtG(ncv=  21474)=0.96 , max dt/dtG(ncv=  21231)=11.3   , dtG=0.00100164
Flow alg-view 0 in phys-view 0 isn't Neumann (not Multi Phase treating)
Face Momentum (sd=  0): max value of div(mf) (cv=7698) = 4.978315e-05
Flow alg-view 0 is not Neumann (not for Phase Change + Nested Iters)
+----+----+--------------+--------------+--------------+--------------+--------------+------+----+-+-+--+------+
|Name|view| Initial res  | Initial resL1| Target res   | Final res    | Final res L1 |Visits|Iter|R|F|CL|Status|
| BG |   0|  3.779330e-08|  1.620040e-02|  1.215538e-09|  1.118443e-09|  2.955275e-03|     4|  12|0|n|30|  OK  |
log10(resTarget_Lim / resTarget_Orig): 2.7 
Face Momentum (sd=  0): max value of div(mf) (cv=10328) = 3.372158e-06
	norm_L2 of div(momentum) = 3.344630e-05.
Flow alg-view 0 in phys-view 0 isn't Neumann (not Multi Phase treating)
LOG: number of a-faces with weighted approximations in 0 subdomain: 8.91792 percent
LOG: Rate of a-faces corrected to CUp1st in 0 subdomain: 0.175607 %
slv : SolveBL stage
|nsd|Real WF|NormalF|Cycle F|CriticF| EdgeF |CyclBrF|ExtParF|RWFnumSt|StLvlNum|  nfw  |  alp_U_min  |  nfw  |  alp_U_max  |  nfw  |  alp_T_min  |  nfw  |  alp_T_max  |  nfw  |  BL_s_min   |  nfw  |   BL_s_max  |
|  0|   2054|   1817|     10|     12|    215|      0|      0|    2044|      65|  12944|0            |   4073|52.4102      |   3978|0            |   4045|33797.7      |  12935|-22235.1     |   3978|0            |
Face Momentum (sd=  0): max value of div(mf) (cv=10328) = 3.372158e-06
	norm_L2 of div(momentum) = 3.344630e-05.
nsd = 0 BC: AP Inlet occurs on 2847 w-faces
+----+----+----+--------------+--------------+--------------+--------------+--------------+------+----+-+-+--+------+
|Name|view| n_y| Initial res  | Initial resL1| Target res   | Final res    | Final res L1 |Visits|Iter|R|F|CL|Status|
+----+----+----+--------------+--------------+--------------+--------------+--------------+------+----+-+-+--+------+
| 3M |   0|   0|  1.125082e+01|  2.743127e+02|  2.109529e-03|  6.828481e-05|  1.111674e-01|     2|   6|0|n|29|  OK  |
Velocity (predicted):
        (local) sd   0: min(  21231)=0.063487394827296    , max(  66536)=213.85748143854      
Flow alg-view 0 is not Neumann (not for Phase Change + Nested Iters)
+----+----+--------------+--------------+--------------+--------------+--------------+------+----+-+-+--+------+
|Name|view| Initial res  | Initial resL1| Target res   | Final res    | Final res L1 |Visits|Iter|R|F|CL|Status|
|DVGR|   0|  1.876434e-03|  2.456390e+00|  1.172771e-07|  2.480184e-08|  1.395988e-02|     3|   9|0|n|30|  OK  |
PRESSURE SOLVER(geom_index=  0): sum_C_dp=-7.94505e-06
Face Momentum (sd=  0): max value of div(mf) (cv=20166) = 1.828787e-05
	norm_L2 of div(momentum) = 1.584243e-04.
nsd = 0 min_dtHy = 0.000961297 (nCV =	21474 ) max_dtHy = 0.0113549 (nCV =	21231 ) 
+----+----+--------------+--------------+--------------+--------------+--------------+------+----+-+-+--+------+
|Name|view| Initial res  | Initial resL1| Target res   | Final res    | Final res L1 |Visits|Iter|R|F|CL|Status|
|CHT |   0|  3.358947e+02|  4.149259e+02|  2.099342e-02|  9.597288e-05|  2.062109e-01|     2|  18|0|n|30|  OK  |
nsd = 0 min_dtke = 0.000150589 (nCV =	20159 ) max_dtke = 0.00194573 (nCV =	77999 ) 
+----+----+----+--------------+--------------+--------------+--------------+--------------+------+----+-+-+--+------+
|Name|view| n_y| Initial res  | Initial resL1| Target res   | Final res    | Final res L1 |Visits|Iter|R|F|CL|Status|
+----+----+----+--------------+--------------+--------------+--------------+--------------+------+----+-+-+--+------+
|turb|   0|   0|  1.415094e+02|  1.591818e+02|  1.063980e-04|  4.434453e-05|  1.553379e-01|     5|  30|0|n|30|  OK  |
|turb|   0|   1|  2.598744e+08|  1.657185e+05|  2.444995e-01|  4.237071e-02|  3.267707e+00|     8|  48|0|n|30|  OK  |
Filter: K,E,momentum: sd =   0 isolating K from zero=      0 E from zero=    329 E from infinity=      0
slv : Fluid subdom(new) 0
slv : P static (new)                 : min(  20038) = 92944.022608917      , max(  21358) = 218294.11842708      
slv : Density (new)                  : min(  20038) = 1.0439019553162      , max(  10497) = 2.4199374631878      
slv : Velocity (new)                 : min(  21231) = 0.074081740105226    , max(  66536) = 213.87081562558      
slv : Mach number (new)              : min(  21231) = 0.00020876310540674  , max(  66536) = 0.62540197906667     
slv : Turbulent k (new)              : min(      0) = 0.047885409988729    , max(  20131) = 1273.8702580683      
slv : Turbulent e (new)              : min(  10369) = 0.39768205802663     , max(  20131) = 1578137.8794949      
slv : Temperature (new)              : min(  66536) = 291.15118434996      , max(  21354) = 314.43302565171      
slv : Total enthalpy, Y-shifted (new): min(  20149) = 20035.69693908       , max(  21351) = 22035.41400496       
slv : MASS FLUXES AT OPENINGS: MF=-314.857, AP=314.857
slv : DvGr statistics: min alpha=0.0757114(nfa=208855, geom_slice=0)
slv : +----------------------------------+------------+-------+------------+------------+
slv : |          Collector name          | Total Time | Count |  Avg Time  |  Max Time  |
slv : +----------------------------------+------------+-------+------------+------------+
slv : | Calculate_inc                    |      38.060|     83|       0.459|       0.652|
slv : | CollectEMT_Results               |       0.000|     84|       0.000|       0.000|
slv : | HeatPathCalculator_Dynamic       |       0.021|      1|       0.021|       0.021|
slv : | LiSy_make_portrait               |       0.888|    359|       0.002|       0.017|
slv : | Results_processing               |       4.505|     83|       0.054|       0.071|
slv : | build_sl_ordering_CHT            |       0.016|     84|       0.000|       0.006|
slv : | build_sl_ordering_MDS            |       0.127|     84|       0.002|       0.019|
slv : | build_sl_ordering_fluid          |       0.125|     84|       0.001|       0.019|
slv : | calc_Convolutions_MDS            |       1.154|     84|       0.014|       0.027|
slv : | calc_wall_dist                   |       0.372|      1|       0.372|       0.372|
slv : | create_Gr_operators_MDS          |       1.238|     84|       0.015|       0.027|
slv : | create_Gr_operators_portrait_MDS |       0.664|     84|       0.008|       0.013|
slv : | init_Hy_group_MDS                |       1.194|     84|       0.014|       0.024|
slv : | perform_stage_total              |      32.479|   2276|       0.014|       0.372|
slv : | precalc_at_start_MDS             |       0.666|      2|       0.333|       0.637|
slv : | solve_3M_MDS                     |       3.777|     84|       0.045|       0.069|
slv : | solve_3M_alg_MDS                 |       1.477|     84|       0.018|       0.041|
slv : | solve_BG_MDS                     |       2.611|     84|       0.031|       0.042|
slv : | solve_BG_alg_MDS                 |       1.779|     84|       0.021|       0.033|
slv : | solve_BL_MDS                     |       1.353|     84|       0.016|       0.062|
slv : | solve_CHT                        |       2.634|     84|       0.031|       0.080|
slv : | solve_CHT_MDS                    |       1.972|     84|       0.023|       0.073|
slv : | solve_CHT_alg_MDS                |       0.697|     84|       0.008|       0.056|
slv : | solve_DvGr_MDS                   |       7.346|     84|       0.087|       0.303|
slv : | solve_DvGr_alg_MDS               |       3.141|     84|       0.037|       0.255|
slv : | solve_INPR_MDS                   |       0.000|      1|       0.000|       0.000|
slv : | solve_PS+QJ                      |       0.000|      0|       0.000|       0.000|
slv : | solve_YLMA_MDS                   |       0.001|     84|       0.000|       0.000|
slv : | solve_YNOx_MDS                   |       0.000|     84|       0.000|       0.000|
slv : | solve_YTd_MDS                    |       0.002|     84|       0.000|       0.000|
slv : | solve_YTurb_MDS                  |      11.547|     84|       0.137|       0.176|
slv : | solve_YTurb_alg_MDS              |       6.450|    168|       0.038|       0.059|
slv : | update_BC_MDS                    |       0.000|     85|       0.000|       0.000|
slv : | update_Mf_after_DvGr             |       1.024|     84|       0.012|       0.024|
slv : | update_VelPressure_MDS           |       0.160|     84|       0.002|       0.003|
slv : +----------------------------------+------------+-------+------------+------------+
-----------------------------------------------------------------------
Memory Working Set Current = 440.31 Mb, Memory Working Set Peak = 443.85 Mb
Memory Private Bytes Current = 623.09 Mb, Memory Private Bytes Peak = 628.58 Mb
Process Threads Number: 16
-----------------------------------------------------------------------
Algebra Pool      : mem_usage = 441.75 Mb, allocated count = 1576

================== Tstep=84 ===================
<Dynamic P> on nsd = 0 {openings (inlet / outlet)}:
  (SP = Static Pressure, EP = Environment Pressure, TP = Total Pressure, E = External)
  {#0, E, (3.613887e-02 / 2.734108e+04)}
  {#1, E, (4.469442e-02 / 2.734106e+04)}
  {#2, E, (0.000000e+00 / 2.710095e+04)}
  {#3, E, (2.733221e+04 / 0.000000e+00)}
  {#4, E, (4.547910e-03 / 2.734036e+04)}
  {#5, E, (1.075872e-02 / 2.734069e+04)}
  MWS[  0]=7.04168
tau_viscous_averaged = 74.0238 
dt(mass,momentum; nsd=  0): min dt/dtG(ncv=  21474)=0.96 , max dt/dtG(ncv=  21231)=11.3   , dtG=0.00100114
Flow alg-view 0 in phys-view 0 isn't Neumann (not Multi Phase treating)
Face Momentum (sd=  0): max value of div(mf) (cv=23041) = 3.460300e-05
Flow alg-view 0 is not Neumann (not for Phase Change + Nested Iters)
+----+----+--------------+--------------+--------------+--------------+--------------+------+----+-+-+--+------+
|Name|view| Initial res  | Initial resL1| Target res   | Final res    | Final res L1 |Visits|Iter|R|F|CL|Status|
| BG |   0|  2.677086e-08|  1.415927e-02|  1.172771e-09|  1.050706e-09|  2.605986e-03|     4|  12|0|n|30|  OK  |
log10(resTarget_Lim / resTarget_Orig): 2.8 
Face Momentum (sd=  0): max value of div(mf) (cv=10328) = 3.474012e-06
	norm_L2 of div(momentum) = 3.241575e-05.
Flow alg-view 0 in phys-view 0 isn't Neumann (not Multi Phase treating)
LOG: number of a-faces with weighted approximations in 0 subdomain: 8.75479 percent
LOG: Rate of a-faces corrected to CUp1st in 0 subdomain: 0.174196 %
slv : SolveBL stage
|nsd|Real WF|NormalF|Cycle F|CriticF| EdgeF |CyclBrF|ExtParF|RWFnumSt|StLvlNum|  nfw  |  alp_U_min  |  nfw  |  alp_U_max  |  nfw  |  alp_T_min  |  nfw  |  alp_T_max  |  nfw  |  BL_s_min   |  nfw  |   BL_s_max  |
|  0|   2054|   1814|     10|     14|    216|      0|      0|    2044|      65|   3996|0            |   4073|54.7856      |   1807|0            |   3984|23296.5      |  12935|-22235.1     |   1807|0            |
Face Momentum (sd=  0): max value of div(mf) (cv=10328) = 3.474012e-06
	norm_L2 of div(momentum) = 3.241575e-05.
nsd = 0 BC: AP Inlet occurs on 2848 w-faces
+----+----+----+--------------+--------------+--------------+--------------+--------------+------+----+-+-+--+------+
|Name|view| n_y| Initial res  | Initial resL1| Target res   | Final res    | Final res L1 |Visits|Iter|R|F|CL|Status|
+----+----+----+--------------+--------------+--------------+--------------+--------------+------+----+-+-+--+------+
| 3M |   0|   0|  1.037721e+01|  2.671673e+02|  1.945727e-03|  4.545392e-05|  1.031240e-01|     2|   6|0|n|29|  OK  |
Velocity (predicted):
        (local) sd   0: min(  21231)=0.14171263497645     , max(  66536)=213.85603683301      
Flow alg-view 0 is not Neumann (not for Phase Change + Nested Iters)
+----+----+--------------+--------------+--------------+--------------+--------------+------+----+-+-+--+------+
|Name|view| Initial res  | Initial resL1| Target res   | Final res    | Final res L1 |Visits|Iter|R|F|CL|Status|
|DVGR|   0|  1.556445e-03|  2.428899e+00|  9.727781e-08|  2.817954e-08|  1.524832e-02|     3|   9|0|n|30|  OK  |
PRESSURE SOLVER(geom_index=  0): sum_C_dp=9.72787e-06
Face Momentum (sd=  0): max value of div(mf) (cv=20166) = 1.851580e-05
	norm_L2 of div(momentum) = 1.689368e-04.
nsd = 0 min_dtHy = 0.0009582 (nCV =	21474 ) max_dtHy = 0.0113472 (nCV =	21231 ) 
+----+----+--------------+--------------+--------------+--------------+--------------+------+----+-+-+--+------+
|Name|view| Initial res  | Initial resL1| Target res   | Final res    | Final res L1 |Visits|Iter|R|F|CL|Status|
|CHT |   0|  3.427624e+02|  4.121007e+02|  2.142265e-02|  1.484178e-02|  2.587622e+00|     1|   9|0|n|30|  OK  |
nsd = 0 min_dtke = 0.000152935 (nCV =	20159 ) max_dtke = 0.00194572 (nCV =	77999 ) 
+----+----+----+--------------+--------------+--------------+--------------+--------------+------+----+-+-+--+------+
|Name|view| n_y| Initial res  | Initial resL1| Target res   | Final res    | Final res L1 |Visits|Iter|R|F|CL|Status|
+----+----+----+--------------+--------------+--------------+--------------+--------------+------+----+-+-+--+------+
|turb|   0|   0|  1.328922e+02|  1.602765e+02|  1.064349e-04|  6.670201e-05|  1.590450e-01|     5|  30|0|n|30|  OK  |
|turb|   0|   1|  2.226831e+08|  1.661885e+05|  2.446279e-01|  4.396588e-02|  3.354205e+00|     8|  48|0|n|30|  OK  |
Filter: K,E,momentum: sd =   0 isolating K from zero=      0 E from zero=    333 E from infinity=      0
slv : Fluid subdom(new) 0
slv : P static (new)                 : min(  20038) = 92946.515443724      , max(  21358) = 218072.92269766      
slv : Density (new)                  : min(  20038) = 1.0439174576896      , max(  21358) = 2.4164786952181      
slv : Velocity (new)                 : min(  21233) = 0.14702830008156     , max(  66536) = 213.86552127238      
slv : Mach number (new)              : min(  21233) = 0.0004142404036049   , max(  66536) = 0.62538529574008     
slv : Turbulent k (new)              : min(      0) = 0.047885408856286    , max(  20131) = 1272.7737903644      
slv : Turbulent e (new)              : min(  24646) = 0.48098030826788     , max(  20131) = 1580500.9783743      
slv : Temperature (new)              : min(  66536) = 291.15230856436      , max(  21354) = 314.41261371427      
slv : Total enthalpy, Y-shifted (new): min(  20136) = 20054.680833204      , max(  21351) = 22038.802104915      
slv : MASS FLUXES AT OPENINGS: MF=-314.857, AP=314.857
slv : DvGr statistics: min alpha=0.0757114(nfa=208855, geom_slice=0)
slv : +----------------------------------+------------+-------+------------+------------+
slv : |          Collector name          | Total Time | Count |  Avg Time  |  Max Time  |
slv : +----------------------------------+------------+-------+------------+------------+
slv : | Calculate_inc                    |      38.559|     84|       0.459|       0.652|
slv : | CollectEMT_Results               |       0.000|     85|       0.000|       0.000|
slv : | HeatPathCalculator_Dynamic       |       0.021|      1|       0.021|       0.021|
slv : | LiSy_make_portrait               |       0.897|    363|       0.002|       0.017|
slv : | Results_processing               |       4.585|     84|       0.055|       0.081|
slv : | build_sl_ordering_CHT            |       0.016|     85|       0.000|       0.006|
slv : | build_sl_ordering_MDS            |       0.127|     85|       0.001|       0.019|
slv : | build_sl_ordering_fluid          |       0.125|     85|       0.001|       0.019|
slv : | calc_Convolutions_MDS            |       1.170|     85|       0.014|       0.027|
slv : | calc_wall_dist                   |       0.372|      1|       0.372|       0.372|
slv : | create_Gr_operators_MDS          |       1.251|     85|       0.015|       0.027|
slv : | create_Gr_operators_portrait_MDS |       0.677|     85|       0.008|       0.013|
slv : | init_Hy_group_MDS                |       1.207|     85|       0.014|       0.024|
slv : | perform_stage_total              |      32.878|   2303|       0.014|       0.372|
slv : | precalc_at_start_MDS             |       0.666|      2|       0.333|       0.637|
slv : | solve_3M_MDS                     |       3.827|     85|       0.045|       0.069|
slv : | solve_3M_alg_MDS                 |       1.500|     85|       0.018|       0.041|
slv : | solve_BG_MDS                     |       2.647|     85|       0.031|       0.042|
slv : | solve_BG_alg_MDS                 |       1.802|     85|       0.021|       0.033|
slv : | solve_BL_MDS                     |       1.374|     85|       0.016|       0.062|
slv : | solve_CHT                        |       2.663|     85|       0.031|       0.080|
slv : | solve_CHT_MDS                    |       1.994|     85|       0.023|       0.073|
slv : | solve_CHT_alg_MDS                |       0.701|     85|       0.008|       0.056|
slv : | solve_DvGr_MDS                   |       7.418|     85|       0.087|       0.303|
slv : | solve_DvGr_alg_MDS               |       3.163|     85|       0.037|       0.255|
slv : | solve_INPR_MDS                   |       0.000|      1|       0.000|       0.000|
slv : | solve_PS+QJ                      |       0.000|      0|       0.000|       0.000|
slv : | solve_YLMA_MDS                   |       0.001|     85|       0.000|       0.000|
slv : | solve_YNOx_MDS                   |       0.000|     85|       0.000|       0.000|
slv : | solve_YTd_MDS                    |       0.002|     85|       0.000|       0.000|
slv : | solve_YTurb_MDS                  |      11.697|     85|       0.138|       0.176|
slv : | solve_YTurb_alg_MDS              |       6.539|    170|       0.038|       0.059|
slv : | update_BC_MDS                    |       0.000|     86|       0.000|       0.000|
slv : | update_Mf_after_DvGr             |       1.035|     85|       0.012|       0.024|
slv : | update_VelPressure_MDS           |       0.162|     85|       0.002|       0.003|
slv : +----------------------------------+------------+-------+------------+------------+
Interpolator cache: total calls 6994, optimised calls 2653 (37.9 %)
-----------------------------------------------------------------------
Memory Working Set Current = 441.55 Mb, Memory Working Set Peak = 443.85 Mb
Memory Private Bytes Current = 625.54 Mb, Memory Private Bytes Peak = 628.58 Mb
Process Threads Number: 16
-----------------------------------------------------------------------
Iteration : time = 2.74526 , count = 5 , time/count = 0.549053
Calculate_inc() : time = 2.40023 , count = 5 , time/count = 0.480047
TreatFlowEvolution() : time = 0.3149 , count = 5 , time/count = 0.06298
SolverPreview : time = 0 , count = 5 , time/count = 0
TreatGoals : time = 0.306849 , count = 5 , time/count = 0.0613698
Algebra Pool      : mem_usage = 441.75 Mb, allocated count = 1580

================== Tstep=85 ===================
<Dynamic P> on nsd = 0 {openings (inlet / outlet)}:
  (SP = Static Pressure, EP = Environment Pressure, TP = Total Pressure, E = External)
  {#0, E, (3.591660e-02 / 2.734108e+04)}
  {#1, E, (4.488567e-02 / 2.734106e+04)}
  {#2, E, (0.000000e+00 / 2.710092e+04)}
  {#3, E, (2.733226e+04 / 0.000000e+00)}
  {#4, E, (4.529656e-03 / 2.734036e+04)}
  {#5, E, (1.078075e-02 / 2.734069e+04)}
  MWS[  0]=7.04156
tau_viscous_averaged = 74.0648 
dt(mass,momentum; nsd=  0): min dt/dtG(ncv=  21474)=0.96 , max dt/dtG(ncv=  21231)=11.3   , dtG=0.00100132
Flow alg-view 0 in phys-view 0 isn't Neumann (not Multi Phase treating)
Face Momentum (sd=  0): max value of div(mf) (cv=8027) = 1.991152e-05
Flow alg-view 0 is not Neumann (not for Phase Change + Nested Iters)
+----+----+--------------+--------------+--------------+--------------+--------------+------+----+-+-+--+------+
|Name|view| Initial res  | Initial resL1| Target res   | Final res    | Final res L1 |Visits|Iter|R|F|CL|Status|
| BG |   0|  2.900259e-08|  1.541427e-02|  9.727781e-10|  2.804443e-10|  1.529349e-03|     5|  15|0|n|30|  OK  |
log10(resTarget_Lim / resTarget_Orig): 2.7 
Face Momentum (sd=  0): max value of div(mf) (cv=10276) = 1.746865e-06
	norm_L2 of div(momentum) = 1.675455e-05.
Flow alg-view 0 in phys-view 0 isn't Neumann (not Multi Phase treating)
LOG: number of a-faces with weighted approximations in 0 subdomain: 8.94441 percent
LOG: Rate of a-faces corrected to CUp1st in 0 subdomain: 0.171629 %
slv : SolveBL stage
|nsd|Real WF|NormalF|Cycle F|CriticF| EdgeF |CyclBrF|ExtParF|RWFnumSt|StLvlNum|  nfw  |  alp_U_min  |  nfw  |  alp_U_max  |  nfw  |  alp_T_min  |  nfw  |  alp_T_max  |  nfw  |  BL_s_min   |  nfw  |   BL_s_max  |
|  0|   2054|   1815|     10|     12|    216|      1|      0|    2044|      65|   3996|0            |   4073|31.4417      |   1807|0            |   4046|19156.4      |  12935|-22235.1     |   1807|0            |
Face Momentum (sd=  0): max value of div(mf) (cv=10276) = 1.746865e-06
	norm_L2 of div(momentum) = 1.675455e-05.
nsd = 0 BC: AP Inlet occurs on 2848 w-faces
+----+----+----+--------------+--------------+--------------+--------------+--------------+------+----+-+-+--+------+
|Name|view| n_y| Initial res  | Initial resL1| Target res   | Final res    | Final res L1 |Visits|Iter|R|F|CL|Status|
+----+----+----+--------------+--------------+--------------+--------------+--------------+------+----+-+-+--+------+
| 3M |   0|   0|  9.838990e+00|  2.645115e+02|  1.844811e-03|  6.553275e-05|  1.062118e-01|     2|   6|0|n|29|  OK  |
Velocity (predicted):
        (local) sd   0: min(  20145)=0.19085855728019     , max(  66536)=213.85753220397      
Flow alg-view 0 is not Neumann (not for Phase Change + Nested Iters)
+----+----+--------------+--------------+--------------+--------------+--------------+------+----+-+-+--+------+
|Name|view| Initial res  | Initial resL1| Target res   | Final res    | Final res L1 |Visits|Iter|R|F|CL|Status|
|DVGR|   0|  1.746393e-03|  2.419971e+00|  1.091496e-07|  3.014864e-08|  1.532359e-02|     3|   9|0|n|30|  OK  |
PRESSURE SOLVER(geom_index=  0): sum_C_dp=-4.45338e-06
Face Momentum (sd=  0): max value of div(mf) (cv=20166) = 1.815386e-05
	norm_L2 of div(momentum) = 1.746555e-04.
nsd = 0 min_dtHy = 0.000961299 (nCV =	21474 ) max_dtHy = 0.0113218 (nCV =	21231 ) 
+----+----+--------------+--------------+--------------+--------------+--------------+------+----+-+-+--+------+
|Name|view| Initial res  | Initial resL1| Target res   | Final res    | Final res L1 |Visits|Iter|R|F|CL|Status|
|CHT |   0|  3.824551e+02|  4.249492e+02|  2.390344e-02|  2.329444e-02|  2.767184e+00|     1|   9|0|n|30|  OK  |
nsd = 0 min_dtke = 0.000154649 (nCV =	20159 ) max_dtke = 0.00194574 (nCV =	77934 ) 
+----+----+----+--------------+--------------+--------------+--------------+--------------+------+----+-+-+--+------+
|Name|view| n_y| Initial res  | Initial resL1| Target res   | Final res    | Final res L1 |Visits|Iter|R|F|CL|Status|
+----+----+----+--------------+--------------+--------------+--------------+--------------+------+----+-+-+--+------+
|turb|   0|   0|  1.250800e+02|  1.547148e+02|  1.064253e-04|  3.534821e-05|  1.434807e-01|     5|  30|0|n|30|  OK  |
|turb|   0|   1|  2.009533e+08|  1.590861e+05|  2.445969e-01|  4.000886e-02|  3.177740e+00|     8|  48|0|n|30|  OK  |
Filter: K,E,momentum: sd =   0 isolating K from zero=      0 E from zero=    337 E from infinity=      0
slv : Fluid subdom(new) 0
slv : P static (new)                 : min(  20038) = 92954.61826056       , max(  21358) = 217822.48639762      
slv : Density (new)                  : min(  20038) = 1.0440422315441      , max(  21358) = 2.4141095546395      
slv : Velocity (new)                 : min(  20145) = 0.16890712737498     , max(  66536) = 213.8714183063       
slv : Mach number (new)              : min(  20145) = 0.00047600767410847  , max(  66536) = 0.62540387915398     
slv : Turbulent k (new)              : min(      0) = 0.047885413202367    , max(  20150) = 1250.8825101915      
slv : Turbulent e (new)              : min(      0) = 0.62110025214143     , max(  20150) = 1536999.0113285      
slv : Temperature (new)              : min(  66536) = 291.1510554933       , max(  21339) = 314.38063573227      
slv : Total enthalpy, Y-shifted (new): min(  20149) = 20044.38328378       , max(  21351) = 22042.188957584      
slv : MASS FLUXES AT OPENINGS: MF=-314.857, AP=314.857
slv : DvGr statistics: min alpha=0.0757111(nfa=208855, geom_slice=0)
slv : +----------------------------------+------------+-------+------------+------------+
slv : |          Collector name          | Total Time | Count |  Avg Time  |  Max Time  |
slv : +----------------------------------+------------+-------+------------+------------+
slv : | Calculate_inc                    |      39.039|     85|       0.459|       0.652|
slv : | CollectEMT_Results               |       0.000|     86|       0.000|       0.000|
slv : | HeatPathCalculator_Dynamic       |       0.021|      1|       0.021|       0.021|
slv : | LiSy_make_portrait               |       0.907|    367|       0.002|       0.017|
slv : | Results_processing               |       4.642|     85|       0.055|       0.081|
slv : | build_sl_ordering_CHT            |       0.016|     86|       0.000|       0.006|
slv : | build_sl_ordering_MDS            |       0.127|     86|       0.001|       0.019|
slv : | build_sl_ordering_fluid          |       0.125|     86|       0.001|       0.019|
slv : | calc_Convolutions_MDS            |       1.184|     86|       0.014|       0.027|
slv : | calc_wall_dist                   |       0.372|      1|       0.372|       0.372|
slv : | create_Gr_operators_MDS          |       1.265|     86|       0.015|       0.027|
slv : | create_Gr_operators_portrait_MDS |       0.686|     86|       0.008|       0.013|
slv : | init_Hy_group_MDS                |       1.223|     86|       0.014|       0.024|
slv : | perform_stage_total              |      33.265|   2330|       0.014|       0.372|
slv : | precalc_at_start_MDS             |       0.666|      2|       0.333|       0.637|
slv : | solve_3M_MDS                     |       3.877|     86|       0.045|       0.069|
slv : | solve_3M_alg_MDS                 |       1.525|     86|       0.018|       0.041|
slv : | solve_BG_MDS                     |       2.677|     86|       0.031|       0.042|
slv : | solve_BG_alg_MDS                 |       1.822|     86|       0.021|       0.033|
slv : | solve_BL_MDS                     |       1.390|     86|       0.016|       0.062|
slv : | solve_CHT                        |       2.688|     86|       0.031|       0.080|
slv : | solve_CHT_MDS                    |       2.011|     86|       0.023|       0.073|
slv : | solve_CHT_alg_MDS                |       0.705|     86|       0.008|       0.056|
slv : | solve_DvGr_MDS                   |       7.487|     86|       0.087|       0.303|
slv : | solve_DvGr_alg_MDS               |       3.184|     86|       0.037|       0.255|
slv : | solve_INPR_MDS                   |       0.000|      1|       0.000|       0.000|
slv : | solve_PS+QJ                      |       0.000|      0|       0.000|       0.000|
slv : | solve_YLMA_MDS                   |       0.001|     86|       0.000|       0.000|
slv : | solve_YNOx_MDS                   |       0.000|     86|       0.000|       0.000|
slv : | solve_YTd_MDS                    |       0.002|     86|       0.000|       0.000|
slv : | solve_YTurb_MDS                  |      11.853|     86|       0.138|       0.176|
slv : | solve_YTurb_alg_MDS              |       6.630|    172|       0.039|       0.059|
slv : | update_BC_MDS                    |       0.000|     87|       0.000|       0.000|
slv : | update_Mf_after_DvGr             |       1.047|     86|       0.012|       0.024|
slv : | update_VelPressure_MDS           |       0.164|     86|       0.002|       0.003|
slv : +----------------------------------+------------+-------+------------+------------+
-----------------------------------------------------------------------
Memory Working Set Current = 442.98 Mb, Memory Working Set Peak = 443.85 Mb
Memory Private Bytes Current = 626.72 Mb, Memory Private Bytes Peak = 628.58 Mb
Process Threads Number: 16
-----------------------------------------------------------------------
Algebra Pool      : mem_usage = 441.75 Mb, allocated count = 1578

================== Tstep=86 ===================
<Dynamic P> on nsd = 0 {openings (inlet / outlet)}:
  (SP = Static Pressure, EP = Environment Pressure, TP = Total Pressure, E = External)
  {#0, E, (3.594343e-02 / 2.734108e+04)}
  {#1, E, (4.479380e-02 / 2.734106e+04)}
  {#2, E, (0.000000e+00 / 2.710089e+04)}
  {#3, E, (2.733221e+04 / 0.000000e+00)}
  {#4, E, (4.521443e-03 / 2.734036e+04)}
  {#5, E, (1.079348e-02 / 2.734069e+04)}
  MWS[  0]=7.04217
tau_viscous_averaged = 74.1083 
dt(mass,momentum; nsd=  0): min dt/dtG(ncv=  21474)=0.96 , max dt/dtG(ncv=  20139)=11.3   , dtG=0.00100136
Flow alg-view 0 in phys-view 0 isn't Neumann (not Multi Phase treating)
Face Momentum (sd=  0): max value of div(mf) (cv=11256) = 4.554905e-05
Flow alg-view 0 is not Neumann (not for Phase Change + Nested Iters)
+----+----+--------------+--------------+--------------+--------------+--------------+------+----+-+-+--+------+
|Name|view| Initial res  | Initial resL1| Target res   | Final res    | Final res L1 |Visits|Iter|R|F|CL|Status|
| BG |   0|  3.374141e-08|  1.554610e-02|  1.091496e-09|  9.736677e-10|  2.771071e-03|     4|  12|0|n|30|  OK  |
log10(resTarget_Lim / resTarget_Orig): 2.7 
Face Momentum (sd=  0): max value of div(mf) (cv=10328) = 3.140974e-06
	norm_L2 of div(momentum) = 3.120451e-05.
Flow alg-view 0 in phys-view 0 isn't Neumann (not Multi Phase treating)
LOG: number of a-faces with weighted approximations in 0 subdomain: 8.76151 percent
LOG: Rate of a-faces corrected to CUp1st in 0 subdomain: 0.174588 %
slv : SolveBL stage
|nsd|Real WF|NormalF|Cycle F|CriticF| EdgeF |CyclBrF|ExtParF|RWFnumSt|StLvlNum|  nfw  |  alp_U_min  |  nfw  |  alp_U_max  |  nfw  |  alp_T_min  |  nfw  |  alp_T_max  |  nfw  |  BL_s_min   |  nfw  |   BL_s_max  |
|  0|   2054|   1820|     10|     11|    213|      0|      0|    2044|      65|   4053|0            |   4073|41.9662      |   3953|0            |   3984|23243.3      |  12935|-22235       |   3953|0            |
Face Momentum (sd=  0): max value of div(mf) (cv=10328) = 3.140974e-06
	norm_L2 of div(momentum) = 3.120451e-05.
nsd = 0 BC: AP Inlet occurs on 2852 w-faces
+----+----+----+--------------+--------------+--------------+--------------+--------------+------+----+-+-+--+------+
|Name|view| n_y| Initial res  | Initial resL1| Target res   | Final res    | Final res L1 |Visits|Iter|R|F|CL|Status|
+----+----+----+--------------+--------------+--------------+--------------+--------------+------+----+-+-+--+------+
| 3M |   0|   0|  1.049811e+01|  2.664854e+02|  1.968395e-03|  5.614826e-05|  1.058891e-01|     2|   6|0|n|29|  OK  |
Velocity (predicted):
        (local) sd   0: min(  20145)=0.18133302112186     , max(  66536)=213.85606829572      
Flow alg-view 0 is not Neumann (not for Phase Change + Nested Iters)
+----+----+--------------+--------------+--------------+--------------+--------------+------+----+-+-+--+------+
|Name|view| Initial res  | Initial resL1| Target res   | Final res    | Final res L1 |Visits|Iter|R|F|CL|Status|
|DVGR|   0|  1.806857e-03|  2.465934e+00|  1.129285e-07|  2.108894e-08|  1.386680e-02|     3|   9|0|n|30|  OK  |
PRESSURE SOLVER(geom_index=  0): sum_C_dp=1.4477e-05
Face Momentum (sd=  0): max value of div(mf) (cv=20166) = 1.695064e-05
	norm_L2 of div(momentum) = 1.461652e-04.
nsd = 0 min_dtHy = 0.000958183 (nCV =	21474 ) max_dtHy = 0.0113224 (nCV =	20139 ) 
+----+----+--------------+--------------+--------------+--------------+--------------+------+----+-+-+--+------+
|Name|view| Initial res  | Initial resL1| Target res   | Final res    | Final res L1 |Visits|Iter|R|F|CL|Status|
|CHT |   0|  3.785241e+02|  4.226478e+02|  2.365776e-02|  1.602495e-02|  2.598287e+00|     1|   9|0|n|30|  OK  |
nsd = 0 min_dtke = 0.00015507 (nCV =	20159 ) max_dtke = 0.00194571 (nCV =	77999 ) 
+----+----+----+--------------+--------------+--------------+--------------+--------------+------+----+-+-+--+------+
|Name|view| n_y| Initial res  | Initial resL1| Target res   | Final res    | Final res L1 |Visits|Iter|R|F|CL|Status|
+----+----+----+--------------+--------------+--------------+--------------+--------------+------+----+-+-+--+------+
|turb|   0|   0|  1.310093e+02|  1.515294e+02|  1.064609e-04|  2.445428e-05|  1.290142e-01|     5|  30|0|n|30|  OK  |
|turb|   0|   1|  1.863694e+08|  1.540321e+05|  2.447212e-01|  3.796587e-02|  3.124077e+00|     8|  48|0|n|30|  OK  |
Filter: K,E,momentum: sd =   0 isolating K from zero=      0 E from zero=    339 E from infinity=      0
slv : Fluid subdom(new) 0
slv : P static (new)                 : min(  20038) = 92950.576962728      , max(  21358) = 217542.43953913      
slv : Density (new)                  : min(  20038) = 1.0439949587825      , max(  21358) = 2.4114775820717      
slv : Velocity (new)                 : min(  20145) = 0.15420925748857     , max(  66536) = 213.86568473219      
slv : Mach number (new)              : min(  20145) = 0.00043458577333888  , max(  66536) = 0.62538581237661     
slv : Turbulent k (new)              : min(      0) = 0.047885410079491    , max(  20122) = 1244.2774079547      
slv : Turbulent e (new)              : min(      0) = 0.62110023552836     , max(  20131) = 1524891.8173464      
slv : Temperature (new)              : min(  66536) = 291.15227240438      , max(  21339) = 314.33992992042      
slv : Total enthalpy, Y-shifted (new): min(  20129) = 20034.345611824      , max(  21351) = 22045.206748192      
slv : MASS FLUXES AT OPENINGS: MF=-314.857, AP=314.857
slv : DvGr statistics: min alpha=0.075711(nfa=208855, geom_slice=0)
slv : +----------------------------------+------------+-------+------------+------------+
slv : |          Collector name          | Total Time | Count |  Avg Time  |  Max Time  |
slv : +----------------------------------+------------+-------+------------+------------+
slv : | Calculate_inc                    |      39.498|     86|       0.459|       0.652|
slv : | CollectEMT_Results               |       0.000|     87|       0.000|       0.000|
slv : | HeatPathCalculator_Dynamic       |       0.021|      1|       0.021|       0.021|
slv : | LiSy_make_portrait               |       0.922|    371|       0.002|       0.017|
slv : | Results_processing               |       4.716|     86|       0.055|       0.081|
slv : | build_sl_ordering_CHT            |       0.016|     87|       0.000|       0.006|
slv : | build_sl_ordering_MDS            |       0.128|     87|       0.001|       0.019|
slv : | build_sl_ordering_fluid          |       0.126|     87|       0.001|       0.019|
slv : | calc_Convolutions_MDS            |       1.200|     87|       0.014|       0.027|
slv : | calc_wall_dist                   |       0.372|      1|       0.372|       0.372|
slv : | create_Gr_operators_MDS          |       1.286|     87|       0.015|       0.027|
slv : | create_Gr_operators_portrait_MDS |       0.702|     87|       0.008|       0.016|
slv : | init_Hy_group_MDS                |       1.238|     87|       0.014|       0.024|
slv : | perform_stage_total              |      33.714|   2357|       0.014|       0.372|
slv : | precalc_at_start_MDS             |       0.666|      2|       0.333|       0.637|
slv : | solve_3M_MDS                     |       3.941|     87|       0.045|       0.069|
slv : | solve_3M_alg_MDS                 |       1.550|     87|       0.018|       0.041|
slv : | solve_BG_MDS                     |       2.709|     87|       0.031|       0.042|
slv : | solve_BG_alg_MDS                 |       1.844|     87|       0.021|       0.033|
slv : | solve_BL_MDS                     |       1.423|     87|       0.016|       0.062|
slv : | solve_CHT                        |       2.716|     87|       0.031|       0.080|
slv : | solve_CHT_MDS                    |       2.030|     87|       0.023|       0.073|
slv : | solve_CHT_alg_MDS                |       0.710|     87|       0.008|       0.056|
slv : | solve_DvGr_MDS                   |       7.579|     87|       0.087|       0.303|
slv : | solve_DvGr_alg_MDS               |       3.209|     87|       0.037|       0.255|
slv : | solve_INPR_MDS                   |       0.000|      1|       0.000|       0.000|
slv : | solve_PS+QJ                      |       0.000|      0|       0.000|       0.000|
slv : | solve_YLMA_MDS                   |       0.001|     87|       0.000|       0.000|
slv : | solve_YNOx_MDS                   |       0.000|     87|       0.000|       0.000|
slv : | solve_YTd_MDS                    |       0.002|     87|       0.000|       0.000|
slv : | solve_YTurb_MDS                  |      11.998|     87|       0.138|       0.176|
slv : | solve_YTurb_alg_MDS              |       6.710|    174|       0.039|       0.059|
slv : | update_BC_MDS                    |       0.000|     88|       0.000|       0.000|
slv : | update_Mf_after_DvGr             |       1.058|     87|       0.012|       0.024|
slv : | update_VelPressure_MDS           |       0.166|     87|       0.002|       0.003|
slv : +----------------------------------+------------+-------+------------+------------+
-----------------------------------------------------------------------
Memory Working Set Current = 440.86 Mb, Memory Working Set Peak = 444.45 Mb
Memory Private Bytes Current = 623.90 Mb, Memory Private Bytes Peak = 628.58 Mb
Process Threads Number: 16
-----------------------------------------------------------------------
/************Goal values******************/
GG Force (Y) 1				-119.049723 N
Equation Goal 1				-0.43720037 N
/************End of Goal values******************/
/************	Min/Max Parameters	************/
Density (Fluid):		min = 1.04399496 kg/m^3		max = 2.41147758 kg/m^3
Pressure:		min = 92949.329 Pa		max = 217542.44 Pa
Temperature (Fluid):		min = 291.152272 K		max = 314.472279 K
Velocity:		min = 0 m/s		max = 213.865685 m/s
Velocity (X):		min = -41.506419 m/s		max = 40.7600769 m/s
Velocity (Y):		min = -213.776068 m/s		max = 165.989612 m/s
Velocity (Z):		min = -41.4036906 m/s		max = 40.9744784 m/s
Mach Number:		min = 0		max = 0.625385812
/************	End of Min/Max Parameters	************/
Solver finished at	10.7.2026	2:0:16
ENDING PROGRAM...
Estimated fld size=8.22 Mb
Writing fld file "C:\Users\Kyle\Important\rocketrycad26\2\fld5DDA.tmp"...
**************   CHeatPathCalculator report ******************
Total Enthalpy Rate
	domain 0 (External: 56.2413; Inner: 0)
Temperatures
	0 (Vol 4.72859; Tmin 291.152; Tav 293.25; Tmax 314.472)
Total Energy Balance [W]
	56.2413
**************   CHeatPathCalculator report end******************
store res: FILE RENAMED: "C:\Users\Kyle\Important\rocketrycad26\2\fld5DDA.tmp" -> "C:\Users\Kyle\Important\rocketrycad26\2\2.fld"
store res: FILE SAVED: 2.fld. Total save fld took 0.57 sec.
real fld size=13.68 Mb
CPT size=2.074 MB (2174274 bytes).
OK
Depository creating ...
nb_bricks (0.000 s)
wall_triangles (0.001 s)
Face_aver_on (0.003 s)
cv_interp (0.050 s)
favorite_params (0.521 s)
Face_aver_off (0.000 s)
Depository creating ...OK (0.575 s)
GetFloMASTERData succeeded in (0.001 s)
Solver finished at	10.7.2026	2:0:17
Total CPU time 48 s
Calculation takes 46.596 s
Free memory:
slv : +----------------------------------+------------+-------+------------+------------+
slv : |          Collector name          | Total Time | Count |  Avg Time  |  Max Time  |
slv : +----------------------------------+------------+-------+------------+------------+
slv : | Calculate_inc                    |      40.031|     87|       0.460|       0.652|
slv : | CollectEMT_Results               |       0.000|     88|       0.000|       0.000|
slv : | HeatPathCalculator_Dynamic       |       0.039|      2|       0.020|       0.021|
slv : | LiSy_make_portrait               |       0.922|    371|       0.002|       0.017|
slv : | Results_processing               |       4.767|     87|       0.055|       0.081|
slv : | build_sl_ordering_CHT            |       0.016|     87|       0.000|       0.006|
slv : | build_sl_ordering_MDS            |       0.128|     87|       0.001|       0.019|
slv : | build_sl_ordering_fluid          |       0.126|     87|       0.001|       0.019|
slv : | calc_Convolutions_MDS            |       1.200|     87|       0.014|       0.027|
slv : | calc_wall_dist                   |       0.372|      1|       0.372|       0.372|
slv : | create_Gr_operators_MDS          |       1.286|     87|       0.015|       0.027|
slv : | create_Gr_operators_portrait_MDS |       0.702|     87|       0.008|       0.016|
slv : | init_Hy_group_MDS                |       1.238|     87|       0.014|       0.024|
slv : | perform_stage_total              |      33.714|   2357|       0.014|       0.372|
slv : | precalc_at_start_MDS             |       0.666|      2|       0.333|       0.637|
slv : | solve_3M_MDS                     |       3.941|     87|       0.045|       0.069|
slv : | solve_3M_alg_MDS                 |       1.550|     87|       0.018|       0.041|
slv : | solve_BG_MDS                     |       2.709|     87|       0.031|       0.042|
slv : | solve_BG_alg_MDS                 |       1.844|     87|       0.021|       0.033|
slv : | solve_BL_MDS                     |       1.423|     87|       0.016|       0.062|
slv : | solve_CHT                        |       2.716|     87|       0.031|       0.080|
slv : | solve_CHT_MDS                    |       2.030|     87|       0.023|       0.073|
slv : | solve_CHT_alg_MDS                |       0.710|     87|       0.008|       0.056|
slv : | solve_DvGr_MDS                   |       7.579|     87|       0.087|       0.303|
slv : | solve_DvGr_alg_MDS               |       3.209|     87|       0.037|       0.255|
slv : | solve_INPR_MDS                   |       0.000|      1|       0.000|       0.000|
slv : | solve_PS+QJ                      |       0.000|      0|       0.000|       0.000|
slv : | solve_YLMA_MDS                   |       0.001|     87|       0.000|       0.000|
slv : | solve_YNOx_MDS                   |       0.000|     87|       0.000|       0.000|
slv : | solve_YTd_MDS                    |       0.002|     87|       0.000|       0.000|
slv : | solve_YTurb_MDS                  |      11.998|     87|       0.138|       0.176|
slv : | solve_YTurb_alg_MDS              |       6.710|    174|       0.039|       0.059|
slv : | update_BC_MDS                    |       0.000|     88|       0.000|       0.000|
slv : | update_Mf_after_DvGr             |       1.058|     87|       0.012|       0.024|
slv : | update_VelPressure_MDS           |       0.166|     87|       0.002|       0.003|
slv : +----------------------------------+------------+-------+------------+------------+
alg : 
alg :  size = 81556
alg :  assembling_nnz_PardisoLU        0.003  13
alg :  assembling_portrait_PardisoLU   0.000  1
alg :  build_coarse_select_omega       0.000  13
alg :  build_coarse_task_lists         0.000  1
alg :  build_fine_select_omega         0.020  87
alg :  build_fine_task_lists           0.001  1
alg :  build_select_pivot_nonzeros     0.035  87
alg :  build_select_vectors            0.009  87
alg :  calc_residual_LU                0.057  204
alg :  call_MG_solver                  0.613  87
alg :  clean_coarse_levels             0.001  13
alg :  clean_fine_level                0.000  87
alg :  init_coarse_EMT_solver          0.000  13
alg :  init_coarse_levels              0.203  13
alg :  init_coarse_task_lists          0.000  13
alg :  init_fine_EMT_solver            0.000  87
alg :  init_fine_level                 0.065  87
alg :  init_fine_task_lists            0.000  87
alg :  mg_cycle                        0.581  87
alg :  numerical_PardisoLU             0.161  13
alg :  perform_prolongation            0.001  13
alg :  perform_restriction             0.001  13
alg :  prepare_MG                      0.065  87
alg :  run_smoothing                   0.363  117
alg :  smoother_fine                   0.329  1053
alg :  solve_MG                        0.613  87
alg :  solve_PardisoLU                 0.010  13
alg :  symbolic_PardisoLU              0.034  1
alg :  update_mg_status                0.001  130
alg : 
alg :  size = 81556
alg :  assembling_nnz_PardisoCholesky        0.024  87
alg :  assembling_portrait_PardisoCholesky   0.000  1
alg :  build_coarse_select_omega             0.000  87
alg :  build_coarse_task_lists               0.000  1
alg :  build_fine_select_omega               0.005  87
alg :  build_fine_task_lists                 0.003  1
alg :  build_select_pivot_nonzeros           0.083  87
alg :  build_select_vectors                  0.010  87
alg :  calc_residual_LU                      0.374  642
alg :  call_MG_solver                        3.048  87
alg :  clean_coarse_levels                   0.003  87
alg :  clean_fine_level                      0.000  87
alg :  init_coarse_EMT_solver                0.000  87
alg :  init_coarse_levels                    0.684  87
alg :  init_coarse_task_lists                0.000  87
alg :  init_fine_EMT_solver                  0.000  87
alg :  init_fine_level                       0.099  87
alg :  init_fine_task_lists                  0.000  87
alg :  mg_cycle                              2.987  97
alg :  numerical_PardisoCholesky             0.562  87
alg :  perform_prolongation                  0.041  458
alg :  perform_restriction                   0.039  458
alg :  prepare_MG                            0.099  87
alg :  run_smoothing                         1.833  555
alg :  smoother_fine                         1.501  1815
alg :  solve_MG                              3.048  87
alg :  solve_PardisoCholesky                 0.361  458
alg :  symbolic_PardisoCholesky              0.037  1
alg :  update_mg_status                      0.015  1013
alg : 
alg :  size = 81556
alg :  assembling_nnz_PardisoCholesky        0.035  88
alg :  assembling_portrait_PardisoCholesky   0.000  1
alg :  build_coarse_select_omega             0.000  88
alg :  build_coarse_task_lists               0.000  1
alg :  build_fine_select_omega               0.005  88
alg :  build_fine_task_lists                 0.001  1
alg :  build_select_pivot_nonzeros           0.034  88
alg :  build_select_vectors                  0.009  88
alg :  calc_residual_LU                      0.190  678
alg :  call_MG_solver                        2.118  88
alg :  clean_coarse_levels                   0.002  88
alg :  clean_fine_level                      0.000  88
alg :  init_coarse_EMT_solver                0.000  88
alg :  init_coarse_levels                    0.779  88
alg :  init_coarse_task_lists                0.000  88
alg :  init_fine_EMT_solver                  0.000  88
alg :  init_fine_level                       0.048  88
alg :  init_fine_task_lists                  0.000  88
alg :  mg_cycle                              2.083  90
alg :  numerical_PardisoCholesky             0.578  88
alg :  perform_prolongation                  0.042  500
alg :  perform_restriction                   0.037  500
alg :  prepare_MG                            0.048  88
alg :  run_smoothing                         0.843  590
alg :  smoother_fine                         0.671  2130
alg :  solve_MG                              2.119  88
alg :  solve_PardisoCholesky                 0.357  500
alg :  symbolic_PardisoCholesky              0.143  1
alg :  update_mg_status                      0.013  1090
alg : 
alg :  size = 81556
alg :  assembling_nnz_PardisoLU        0.047  172
alg :  assembling_portrait_PardisoLU   0.000  1
alg :  build_coarse_select_omega       0.000  172
alg :  build_coarse_task_lists         0.000  1
alg :  build_fine_select_omega         0.051  174
alg :  build_fine_task_lists           0.002  1
alg :  build_select_pivot_nonzeros     0.095  174
alg :  build_select_vectors            0.018  174
alg :  calc_residual_LU                0.424  1192
alg :  call_MG_solver                  6.438  174
alg :  clean_coarse_levels             0.029  172
alg :  clean_fine_level                0.001  174
alg :  init_coarse_EMT_solver          0.000  172
alg :  init_coarse_levels              2.389  172
alg :  init_coarse_task_lists          0.000  172
alg :  init_fine_EMT_solver            0.000  174
alg :  init_fine_level                 0.166  174
alg :  init_fine_task_lists            0.000  174
alg :  mg_cycle                        6.359  174
alg :  numerical_PardisoLU             2.170  172
alg :  perform_prolongation            0.076  844
alg :  perform_restriction             0.064  844
alg :  prepare_MG                      0.166  174
alg :  run_smoothing                   3.036  1018
alg :  smoother_fine                   2.654  6108
alg :  solve_MG                        6.439  174
alg :  solve_PardisoLU                 0.743  844
alg :  symbolic_PardisoLU              0.033  1
alg :  update_mg_status                0.026  1862
alg : 
alg :  size = 81556
alg :  assembling_nnz_PardisoLU        0.009  57
alg :  assembling_portrait_PardisoLU   0.000  1
alg :  build_coarse_select_omega       0.005  57
alg :  build_coarse_task_lists         0.000  1
alg :  build_fine_select_omega         0.090  144
alg :  build_fine_task_lists           0.001  1
alg :  build_select_pivot_nonzeros     0.125  87
alg :  build_select_vectors            0.018  87
alg :  calc_residual_LU                0.173  350
alg :  call_MG_solver                  1.278  87
alg :  clean_coarse_levels             0.002  57
alg :  clean_fine_level                0.001  87
alg :  init_coarse_EMT_solver          0.000  57
alg :  init_coarse_levels              0.489  57
alg :  init_coarse_task_lists          0.000  57
alg :  init_fine_EMT_solver            0.000  87
alg :  init_fine_level                 0.199  87
alg :  init_fine_task_lists            0.000  87
alg :  mg_cycle                        1.204  87
alg :  numerical_PardisoLU             0.369  57
alg :  perform_prolongation            0.007  114
alg :  perform_restriction             0.011  114
alg :  prepare_MG                      0.199  87
alg :  run_smoothing                   0.660  263
alg :  smoother_coarse                 0.036  171
alg :  smoother_fine                   0.510  447
alg :  solve_MG                        1.278  87
alg :  solve_PardisoLU                 0.028  57
alg :  symbolic_PardisoLU              0.019  1
alg :  update_mg_status                0.005  320
-----------------------------------------------------------------------
Start to free mesher data...
MMP (gbs): locals=0, allc_sz=0.00 MB (0.00 MB), used_sz=0.00 MB, blk_sz=(0.00 MB/0.00 MB), blks-min-max=0/0 (big 0/0)
MMP (cpt_rgs): locals=0, allc_sz=0.00 MB (0.00 MB), used_sz=0.00 MB, blk_sz=(0.00 MB/0.00 MB), blks-min-max=0/0 (big 0/0)
MMP (slv_rgs): locals=0, allc_sz=0.00 MB (0.00 MB), used_sz=0.00 MB, blk_sz=(0.00 MB/0.00 MB), blks-min-max=0/0 (big 0/0)
MMP (msh): locals=8, allc_sz=14.14 MB (0.00 MB), used_sz=9.34 MB, blk_sz=(0.02 MB/4.75 MB), blks-min-max=3/20 (big 0/0)
MMP (brx): locals=0, allc_sz=0.00 MB (0.00 MB), used_sz=0.00 MB, blk_sz=(0.00 MB/0.00 MB), blks-min-max=0/0 (big 0/0)
MMP (bcf): locals=8, allc_sz=41.01 MB (0.00 MB), used_sz=32.89 MB, blk_sz=(0.06 MB/4.28 MB), blks-min-max=14/30 (big 0/0)
MMP (xsl): locals=0, allc_sz=0.00 MB (0.00 MB), used_sz=0.00 MB, blk_sz=(0.00 MB/0.00 MB), blks-min-max=0/0 (big 0/0)
Free xsl...            OK	Time=0.000 s
Free ray collector...  OK	Time=0.000 s
Free ray intersector...OK	Time=0.000 s
Free body sets...      OK	Time=0.000 s
Free Geometry DB takes 0.000 s
Free mesh conn...      OK	Time=0.000 s
Free geomsd...         OK	Time=0.000 s
Free mbricks...        OK	Time=0.000 s
Free hash info...      OK	Time=0.000 s
Free bricks-x...       OK	Time=0.000 s
Free bcf...            OK	Time=0.002 s
Free mesh h...         OK	Time=0.000 s
Free bricks arr..      OK	Time=0.000 s
Free bricks tree...    OK	Time=0.000 s
Free mesh pools...     OK	Time=0.005 s
Free bodies mapper...  OK	Time=0.000 s
Free geom crits...     OK	Time=0.000 s
Free cpt regions...    OK	Time=0.000 s
Free peculiar surfs... OK	Time=0.000 s
Free sw-geometries...  OK	Time=0.000 s
Free mesher wrk data...OK	Time=0.000 s
Total free mesher data time: 0.011 s
-----------------------------------------------------------------------
Free memory: OK (0.029 s)
-----------------------------------------------------------------------
Memory Working Set Current = 345.86 Mb, Memory Working Set Peak = 455.88 Mb
Memory Private Bytes Current = 480.54 Mb, Memory Private Bytes Peak = 638.66 Mb
Process Threads Number: 16
Process Threads Number Peak: 16
-----------------------------------------------------------------------
Free memory:
-----------------------------------------------------------------------
Start to free mesher data...
MMP (gbs): locals=0, allc_sz=0.00 MB (0.00 MB), used_sz=0.00 MB, blk_sz=(0.00 MB/0.00 MB), blks-min-max=0/0 (big 0/0)
MMP (cpt_rgs): locals=0, allc_sz=0.00 MB (0.00 MB), used_sz=0.00 MB, blk_sz=(0.00 MB/0.00 MB), blks-min-max=0/0 (big 0/0)
MMP (slv_rgs): locals=0, allc_sz=0.00 MB (0.00 MB), used_sz=0.00 MB, blk_sz=(0.00 MB/0.00 MB), blks-min-max=0/0 (big 0/0)
MMP (msh): locals=0, allc_sz=0.00 MB (0.00 MB), used_sz=0.00 MB, blk_sz=(0.00 MB/0.00 MB), blks-min-max=0/0 (big 0/0)
MMP (brx): locals=0, allc_sz=0.00 MB (0.00 MB), used_sz=0.00 MB, blk_sz=(0.00 MB/0.00 MB), blks-min-max=0/0 (big 0/0)
MMP (bcf): locals=0, allc_sz=0.00 MB (0.00 MB), used_sz=0.00 MB, blk_sz=(0.00 MB/0.00 MB), blks-min-max=0/0 (big 0/0)
MMP (xsl): locals=0, allc_sz=0.00 MB (0.00 MB), used_sz=0.00 MB, blk_sz=(0.00 MB/0.00 MB), blks-min-max=0/0 (big 0/0)
Free xsl...            OK	Time=0.000 s
Free ray collector...  OK	Time=0.000 s
Free ray intersector...OK	Time=0.000 s
Free body sets...      OK	Time=0.000 s
Free Geometry DB takes 0.000 s
Free mesh conn...      OK	Time=0.000 s
Free geomsd...         OK	Time=0.000 s
Free mbricks...        OK	Time=0.000 s
Free hash info...      OK	Time=0.000 s
Free bricks-x...       OK	Time=0.000 s
Free mesh h...         OK	Time=0.000 s
Free bricks arr..      OK	Time=0.000 s
Free bricks tree...    OK	Time=0.000 s
Free mesh pools...     OK	Time=0.000 s
Free bodies mapper...  OK	Time=0.000 s
Free geom crits...     OK	Time=0.000 s
Free cpt regions...    OK	Time=0.000 s
Free peculiar surfs... OK	Time=0.000 s
Free sw-geometries...  OK	Time=0.000 s
Free mesher wrk data...OK	Time=0.000 s
Total free mesher data time: 0.002 s
-----------------------------------------------------------------------
Free memory: OK (0.003 s)
-----------------------------------------------------------------------
Memory Working Set Current = 345.93 Mb, Memory Working Set Peak = 455.88 Mb
Memory Private Bytes Current = 481.42 Mb, Memory Private Bytes Peak = 638.66 Mb
Process Threads Number: 16
Process Threads Number Peak: 16
-----------------------------------------------------------------------
Algebra Pool      : mem_usage = 441.75 Mb, allocated count = 0
Solver finished in 48.474 seconds
finished solver summary thread
Log ended at 10.07.2026	02:00:17
